
> bilibili-ai-mg-rebuild@1.0.0 render:final
> node scripts/render-final.mjs ../output/动效优化版.mp4 --browser-executable=/Applications/Google Chrome.app/Contents/MacOS/Google Chrome --concurrency=4

Bundling 6%
Bundling 17%
Bundling 64%
Bundling 69%
Bundling 74%
Bundling 80%
Bundling 85%
Bundling 90%
Bundling 95%
Bundling 100%
Getting composition
Composition          Replica
Codec                h264
Output               /Users/zhangye/Desktop/视频复刻skill/cases/bilibili-ai-rebuild/revisions/motion-v2/output/动效优化版.mp4.picture.mp4
Concurrency          4x
Rendered 0/10740
Rendered 1/10740, time remaining: 1h 3m 32s
Rendered 2/10740, time remaining: 36m 14s
Rendered 3/10740, time remaining: 29m 38s
Rendered 4/10740, time remaining: 24m 49s
Rendered 5/10740, time remaining: 21m 43s
Rendered 6/10740, time remaining: 21m 1s
Rendered 7/10740, time remaining: 19m 17s
Rendered 8/10740, time remaining: 18m 1s
Rendered 9/10740, time remaining: 17m 16s
Rendered 10/10740, time remaining: 15m 52s
Rendered 11/10740, time remaining: 15m 14s
Rendered 12/10740, time remaining: 14m 44s
Rendered 13/10740, time remaining: 14m 17s
Rendered 14/10740, time remaining: 14m 6s
Rendered 15/10740, time remaining: 13m 46s
Rendered 16/10740, time remaining: 13m 39s
Rendered 17/10740, time remaining: 13m 37s
Rendered 18/10740, time remaining: 12m 56s
Rendered 19/10740, time remaining: 12m 46s
Rendered 20/10740, time remaining: 12m 42s
Rendered 21/10740, time remaining: 12m 36s
Rendered 22/10740, time remaining: 12m 13s
Rendered 23/10740, time remaining: 12m 12s
Rendered 24/10740, time remaining: 12m 4s
Rendered 25/10740, time remaining: 12m 3s
Rendered 26/10740, time remaining: 11m 49s
Rendered 27/10740, time remaining: 11m 43s
Rendered 28/10740, time remaining: 11m 43s
Rendered 29/10740, time remaining: 11m 44s
Rendered 30/10740, time remaining: 11m 25s
Rendered 31/10740, time remaining: 11m 21s
Rendered 32/10740, time remaining: 11m 16s
Rendered 33/10740, time remaining: 11m 16s
Rendered 34/10740, time remaining: 11m 8s
Rendered 35/10740, time remaining: 11m 4s
Rendered 36/10740, time remaining: 11m 6s
Rendered 37/10740, time remaining: 11m 3s
Rendered 38/10740, time remaining: 10m 53s
Rendered 39/10740, time remaining: 10m 55s
Rendered 40/10740, time remaining: 10m 52s
Rendered 41/10740, time remaining: 10m 52s
Rendered 42/10740, time remaining: 10m 46s
Rendered 43/10740, time remaining: 10m 44s
Rendered 44/10740, time remaining: 10m 41s
Rendered 45/10740, time remaining: 10m 39s
Rendered 46/10740, time remaining: 10m 40s
Rendered 47/10740, time remaining: 10m 38s
Rendered 48/10740, time remaining: 10m 39s
Rendered 49/10740, time remaining: 10m 41s
Rendered 50/10740, time remaining: 10m 29s
Rendered 51/10740, time remaining: 10m 26s
Rendered 52/10740, time remaining: 10m 24s
Rendered 53/10740, time remaining: 10m 26s
Rendered 54/10740, time remaining: 10m 20s
Rendered 55/10740, time remaining: 10m 19s
Rendered 56/10740, time remaining: 10m 17s
Rendered 57/10740, time remaining: 10m 19s
Rendered 58/10740, time remaining: 10m 17s
Rendered 59/10740, time remaining: 10m 19s
Rendered 60/10740, time remaining: 10m 18s
Rendered 61/10740, time remaining: 10m 17s
Rendered 62/10740, time remaining: 10m 15s
Rendered 63/10740, time remaining: 10m 13s
Rendered 64/10740, time remaining: 10m 15s
Rendered 65/10740, time remaining: 10m 15s
Rendered 66/10740, time remaining: 10m 6s
Rendered 67/10740, time remaining: 10m 8s
Rendered 68/10740, time remaining: 10m 7s
Rendered 69/10740, time remaining: 10m 9s
Rendered 70/10740, time remaining: 10m 5s
Rendered 71/10740, time remaining: 10m 6s
Rendered 72/10740, time remaining: 10m 5s
Rendered 73/10740, time remaining: 10m 9s
Rendered 74/10740, time remaining: 10m 6s
Rendered 75/10740, time remaining: 10m 4s
Rendered 76/10740, time remaining: 10m 6s
Rendered 77/10740, time remaining: 10m 6s
Rendered 78/10740, time remaining: 9m 59s
Rendered 79/10740, time remaining: 9m 58s
Rendered 80/10740, time remaining: 10m 0s
Rendered 81/10740, time remaining: 10m 0s
Rendered 82/10740, time remaining: 9m 56s
Rendered 83/10740, time remaining: 9m 57s
Rendered 84/10740, time remaining: 9m 56s
Rendered 85/10740, time remaining: 9m 56s
Rendered 86/10740, time remaining: 9m 55s
Rendered 87/10740, time remaining: 9m 54s
Rendered 88/10740, time remaining: 9m 55s
Rendered 89/10740, time remaining: 9m 56s
Rendered 90/10740, time remaining: 9m 52s
Rendered 91/10740, time remaining: 9m 53s
Rendered 92/10740, time remaining: 9m 52s
Rendered 93/10740, time remaining: 9m 54s
Rendered 94/10740, time remaining: 9m 51s
Rendered 95/10740, time remaining: 9m 50s
Rendered 96/10740, time remaining: 9m 51s
Rendered 97/10740, time remaining: 9m 52s
Rendered 98/10740, time remaining: 9m 48s
Rendered 99/10740, time remaining: 9m 49s
Rendered 100/10740, time remaining: 9m 49s
Rendered 101/10740, time remaining: 9m 50s
Rendered 102/10740, time remaining: 9m 48s
Rendered 103/10740, time remaining: 9m 47s
Rendered 104/10740, time remaining: 9m 48s
Rendered 105/10740, time remaining: 9m 49s
Rendered 106/10740, time remaining: 9m 44s
Rendered 107/10740, time remaining: 9m 45s
Rendered 108/10740, time remaining: 9m 44s
Rendered 109/10740, time remaining: 9m 45s
Rendered 110/10740, time remaining: 9m 45s
Rendered 111/10740, time remaining: 9m 44s
Rendered 112/10740, time remaining: 9m 45s
Rendered 113/10740, time remaining: 9m 46s
Rendered 114/10740, time remaining: 9m 41s
Rendered 115/10740, time remaining: 9m 42s
Rendered 116/10740, time remaining: 9m 42s
Rendered 117/10740, time remaining: 9m 41s
Rendered 118/10740, time remaining: 9m 41s
Rendered 119/10740, time remaining: 9m 40s
Rendered 120/10740, time remaining: 9m 41s
Rendered 121/10740, time remaining: 9m 42s
Rendered 122/10740, time remaining: 9m 39s
Rendered 123/10740, time remaining: 9m 40s
Rendered 124/10740, time remaining: 9m 39s
Rendered 125/10740, time remaining: 9m 40s
Rendered 126/10740, time remaining: 9m 39s
Rendered 127/10740, time remaining: 9m 38s
Rendered 128/10740, time remaining: 9m 39s
Rendered 129/10740, time remaining: 9m 40s
Rendered 130/10740, time remaining: 9m 36s
Rendered 131/10740, time remaining: 9m 37s
Rendered 132/10740, time remaining: 9m 37s
Rendered 133/10740, time remaining: 9m 37s
Rendered 134/10740, time remaining: 9m 35s
Rendered 135/10740, time remaining: 9m 36s
Rendered 136/10740, time remaining: 9m 36s
Rendered 137/10740, time remaining: 9m 36s
Rendered 138/10740, time remaining: 9m 34s
Rendered 139/10740, time remaining: 9m 33s
Rendered 140/10740, time remaining: 9m 34s
Rendered 141/10740, time remaining: 9m 34s
Rendered 142/10740, time remaining: 9m 35s
Rendered 143/10740, time remaining: 9m 34s
Rendered 144/10740, time remaining: 9m 35s
Rendered 145/10740, time remaining: 9m 35s
Rendered 146/10740, time remaining: 9m 36s
Rendered 147/10740, time remaining: 9m 35s
Rendered 148/10740, time remaining: 9m 36s
Rendered 149/10740, time remaining: 9m 34s
Rendered 150/10740, time remaining: 9m 35s
Rendered 151/10740, time remaining: 9m 14s
Rendered 152/10740, time remaining: 9m 16s
Rendered 153/10740, time remaining: 9m 11s
Rendered 154/10740, time remaining: 9m 10s
Rendered 155/10740, time remaining: 9m 11s
Rendered 156/10740, time remaining: 9m 8s
Rendered 157/10740, time remaining: 9m 6s
Rendered 158/10740, time remaining: 9m 6s
Rendered 159/10740, time remaining: 9m 7s
Rendered 160/10740, time remaining: 9m 9s
Rendered 161/10740, time remaining: 9m 7s
Rendered 162/10740, time remaining: 9m 8s
Rendered 163/10740, time remaining: 9m 8s
Rendered 164/10740, time remaining: 9m 8s
Rendered 165/10740, time remaining: 9m 7s
Rendered 166/10740, time remaining: 9m 6s
Rendered 167/10740, time remaining: 9m 5s
Rendered 168/10740, time remaining: 9m 8s
Rendered 169/10740, time remaining: 9m 7s
Rendered 170/10740, time remaining: 9m 7s
Rendered 171/10740, time remaining: 9m 6s
Rendered 172/10740, time remaining: 9m 8s
Rendered 173/10740, time remaining: 9m 7s
Rendered 174/10740, time remaining: 9m 7s
Rendered 175/10740, time remaining: 9m 7s
Rendered 176/10740, time remaining: 9m 8s
Rendered 177/10740, time remaining: 9m 6s
Rendered 178/10740, time remaining: 9m 5s
Rendered 179/10740, time remaining: 9m 5s
Rendered 180/10740, time remaining: 9m 9s
Rendered 181/10740, time remaining: 9m 6s
Rendered 182/10740, time remaining: 9m 7s
Rendered 183/10740, time remaining: 9m 6s
Rendered 184/10740, time remaining: 9m 9s
Rendered 185/10740, time remaining: 9m 7s
Rendered 186/10740, time remaining: 9m 6s
Rendered 187/10740, time remaining: 9m 7s
Rendered 188/10740, time remaining: 9m 9s
Rendered 189/10740, time remaining: 9m 7s
Rendered 190/10740, time remaining: 9m 7s
Rendered 191/10740, time remaining: 9m 7s
Rendered 192/10740, time remaining: 9m 9s
Rendered 193/10740, time remaining: 9m 7s
Rendered 194/10740, time remaining: 9m 7s
Rendered 195/10740, time remaining: 9m 8s
Rendered 196/10740, time remaining: 9m 8s
Rendered 197/10740, time remaining: 9m 4s
Rendered 198/10740, time remaining: 9m 4s
Rendered 199/10740, time remaining: 9m 3s
Rendered 200/10740, time remaining: 9m 7s
Rendered 201/10740, time remaining: 9m 8s
Rendered 202/10740, time remaining: 9m 7s
Rendered 203/10740, time remaining: 9m 7s
Rendered 204/10740, time remaining: 9m 10s
Rendered 205/10740, time remaining: 9m 6s
Rendered 206/10740, time remaining: 9m 7s
Rendered 207/10740, time remaining: 9m 6s
Rendered 208/10740, time remaining: 9m 7s
Rendered 209/10740, time remaining: 9m 6s
Rendered 210/10740, time remaining: 9m 6s
Rendered 211/10740, time remaining: 9m 7s
Rendered 212/10740, time remaining: 9m 8s
Rendered 213/10740, time remaining: 9m 5s
Rendered 214/10740, time remaining: 9m 4s
Rendered 215/10740, time remaining: 9m 4s
Rendered 216/10740, time remaining: 9m 7s
Rendered 217/10740, time remaining: 9m 7s
Rendered 218/10740, time remaining: 9m 7s
Rendered 219/10740, time remaining: 9m 6s
Rendered 220/10740, time remaining: 9m 8s
Rendered 221/10740, time remaining: 9m 8s
Rendered 222/10740, time remaining: 9m 8s
Rendered 223/10740, time remaining: 9m 7s
Rendered 224/10740, time remaining: 9m 6s
Rendered 225/10740, time remaining: 9m 7s
Rendered 226/10740, time remaining: 9m 6s
Rendered 227/10740, time remaining: 9m 7s
Rendered 228/10740, time remaining: 9m 8s
Rendered 229/10740, time remaining: 9m 8s
Rendered 230/10740, time remaining: 9m 8s
Rendered 231/10740, time remaining: 9m 9s
Rendered 232/10740, time remaining: 9m 8s
Rendered 233/10740, time remaining: 9m 7s
Rendered 234/10740, time remaining: 9m 8s
Rendered 235/10740, time remaining: 9m 9s
Rendered 236/10740, time remaining: 9m 7s
Rendered 237/10740, time remaining: 9m 8s
Rendered 238/10740, time remaining: 9m 7s
Rendered 239/10740, time remaining: 9m 7s
Rendered 240/10740, time remaining: 9m 8s
Rendered 241/10740, time remaining: 9m 6s
Rendered 242/10740, time remaining: 9m 8s
Rendered 243/10740, time remaining: 9m 8s
Rendered 244/10740, time remaining: 9m 6s
Rendered 245/10740, time remaining: 9m 7s
Rendered 246/10740, time remaining: 9m 6s
Rendered 247/10740, time remaining: 9m 6s
Rendered 248/10740, time remaining: 9m 9s
Rendered 249/10740, time remaining: 9m 7s
Rendered 250/10740, time remaining: 9m 8s
Rendered 251/10740, time remaining: 9m 8s
Rendered 252/10740, time remaining: 9m 6s
Rendered 253/10740, time remaining: 9m 7s
Rendered 254/10740, time remaining: 9m 6s
Rendered 255/10740, time remaining: 9m 6s
Rendered 256/10740, time remaining: 9m 8s
Rendered 257/10740, time remaining: 9m 7s
Rendered 258/10740, time remaining: 9m 8s
Rendered 259/10740, time remaining: 9m 8s
Rendered 260/10740, time remaining: 9m 5s
Rendered 261/10740, time remaining: 9m 7s
Rendered 262/10740, time remaining: 9m 5s
Rendered 263/10740, time remaining: 9m 5s
Rendered 264/10740, time remaining: 9m 6s
Rendered 265/10740, time remaining: 9m 5s
Rendered 266/10740, time remaining: 9m 6s
Rendered 267/10740, time remaining: 9m 6s
Rendered 268/10740, time remaining: 9m 5s
Rendered 269/10740, time remaining: 9m 6s
Rendered 270/10740, time remaining: 9m 5s
Rendered 271/10740, time remaining: 9m 5s
Rendered 272/10740, time remaining: 9m 7s
Rendered 273/10740, time remaining: 9m 6s
Rendered 274/10740, time remaining: 9m 7s
Rendered 275/10740, time remaining: 9m 7s
Rendered 276/10740, time remaining: 9m 5s
Rendered 277/10740, time remaining: 9m 6s
Rendered 278/10740, time remaining: 9m 5s
Rendered 279/10740, time remaining: 9m 5s
Rendered 280/10740, time remaining: 9m 7s
Rendered 281/10740, time remaining: 9m 5s
Rendered 282/10740, time remaining: 9m 6s
Rendered 283/10740, time remaining: 9m 6s
Rendered 284/10740, time remaining: 9m 5s
Rendered 285/10740, time remaining: 9m 4s
Rendered 286/10740, time remaining: 9m 4s
Rendered 287/10740, time remaining: 9m 4s
Rendered 288/10740, time remaining: 9m 5s
Rendered 289/10740, time remaining: 9m 5s
Rendered 290/10740, time remaining: 9m 5s
Rendered 291/10740, time remaining: 9m 5s
Rendered 292/10740, time remaining: 9m 3s
Rendered 293/10740, time remaining: 9m 4s
Rendered 294/10740, time remaining: 9m 3s
Rendered 295/10740, time remaining: 9m 3s
Rendered 296/10740, time remaining: 9m 1s
Rendered 297/10740, time remaining: 9m 1s
Rendered 298/10740, time remaining: 9m 1s
Rendered 299/10740, time remaining: 9m 3s
Rendered 300/10740, time remaining: 9m 1s
Rendered 301/10740, time remaining: 9m 1s
Rendered 302/10740, time remaining: 9m 0s
Rendered 303/10740, time remaining: 9m 3s
Rendered 304/10740, time remaining: 9m 0s
Rendered 305/10740, time remaining: 9m 0s
Rendered 306/10740, time remaining: 8m 59s
Rendered 307/10740, time remaining: 9m 2s
Rendered 308/10740, time remaining: 9m 2s
Rendered 309/10740, time remaining: 9m 0s
Rendered 310/10740, time remaining: 9m 2s
Rendered 311/10740, time remaining: 9m 4s
Rendered 312/10740, time remaining: 9m 0s
Rendered 313/10740, time remaining: 9m 1s
Rendered 314/10740, time remaining: 8m 59s
Rendered 315/10740, time remaining: 9m 1s
Rendered 316/10740, time remaining: 9m 0s
Rendered 317/10740, time remaining: 8m 59s
Rendered 318/10740, time remaining: 9m 0s
Rendered 319/10740, time remaining: 9m 3s
Rendered 320/10740, time remaining: 8m 59s
Rendered 321/10740, time remaining: 9m 0s
Rendered 322/10740, time remaining: 9m 0s
Rendered 323/10740, time remaining: 9m 0s
Rendered 324/10740, time remaining: 9m 0s
Rendered 325/10740, time remaining: 8m 59s
Rendered 326/10740, time remaining: 8m 59s
Rendered 327/10740, time remaining: 9m 1s
Rendered 328/10740, time remaining: 9m 0s
Rendered 329/10740, time remaining: 8m 59s
Rendered 330/10740, time remaining: 8m 59s
Rendered 331/10740, time remaining: 9m 1s
Rendered 332/10740, time remaining: 8m 58s
Rendered 333/10740, time remaining: 8m 59s
Rendered 334/10740, time remaining: 8m 58s
Rendered 335/10740, time remaining: 9m 0s
Rendered 336/10740, time remaining: 8m 59s
Rendered 337/10740, time remaining: 8m 58s
Rendered 338/10740, time remaining: 8m 58s
Rendered 339/10740, time remaining: 9m 0s
Rendered 340/10740, time remaining: 8m 59s
Rendered 341/10740, time remaining: 8m 58s
Rendered 342/10740, time remaining: 8m 58s
Rendered 343/10740, time remaining: 9m 1s
Rendered 344/10740, time remaining: 8m 59s
Rendered 345/10740, time remaining: 8m 58s
Rendered 346/10740, time remaining: 8m 58s
Rendered 347/10740, time remaining: 9m 0s
Rendered 348/10740, time remaining: 8m 59s
Rendered 349/10740, time remaining: 8m 59s
Rendered 350/10740, time remaining: 8m 59s
Rendered 351/10740, time remaining: 8m 59s
Rendered 352/10740, time remaining: 8m 58s
Rendered 353/10740, time remaining: 8m 57s
Rendered 354/10740, time remaining: 8m 57s
Rendered 355/10740, time remaining: 9m 2s
Rendered 356/10740, time remaining: 8m 57s
Rendered 357/10740, time remaining: 8m 58s
Rendered 358/10740, time remaining: 8m 57s
Rendered 359/10740, time remaining: 8m 57s
Rendered 360/10740, time remaining: 8m 57s
Rendered 361/10740, time remaining: 8m 56s
Rendered 362/10740, time remaining: 8m 56s
Rendered 363/10740, time remaining: 9m 0s
Rendered 364/10740, time remaining: 8m 57s
Rendered 365/10740, time remaining: 8m 57s
Rendered 366/10740, time remaining: 8m 56s
Rendered 367/10740, time remaining: 8m 57s
Rendered 368/10740, time remaining: 8m 55s
Rendered 369/10740, time remaining: 8m 54s
Rendered 370/10740, time remaining: 8m 54s
Rendered 371/10740, time remaining: 8m 54s
Rendered 372/10740, time remaining: 8m 54s
Rendered 373/10740, time remaining: 8m 54s
Rendered 374/10740, time remaining: 8m 55s
Rendered 375/10740, time remaining: 8m 55s
Rendered 376/10740, time remaining: 8m 54s
Rendered 377/10740, time remaining: 8m 52s
Rendered 378/10740, time remaining: 8m 55s
Rendered 379/10740, time remaining: 8m 55s
Rendered 380/10740, time remaining: 8m 52s
Rendered 381/10740, time remaining: 8m 53s
Rendered 382/10740, time remaining: 8m 55s
Rendered 383/10740, time remaining: 8m 56s
Rendered 384/10740, time remaining: 8m 53s
Rendered 385/10740, time remaining: 8m 52s
Rendered 386/10740, time remaining: 8m 56s
Rendered 387/10740, time remaining: 8m 56s
Rendered 388/10740, time remaining: 8m 52s
Rendered 389/10740, time remaining: 8m 52s
Rendered 390/10740, time remaining: 8m 53s
Rendered 391/10740, time remaining: 8m 54s
Rendered 392/10740, time remaining: 8m 52s
Rendered 393/10740, time remaining: 8m 51s
Rendered 394/10740, time remaining: 8m 54s
Rendered 395/10740, time remaining: 8m 54s
Rendered 396/10740, time remaining: 8m 52s
Rendered 397/10740, time remaining: 8m 52s
Rendered 398/10740, time remaining: 8m 52s
Rendered 399/10740, time remaining: 8m 52s
Rendered 400/10740, time remaining: 8m 50s
Rendered 401/10740, time remaining: 8m 49s
Rendered 402/10740, time remaining: 8m 54s
Rendered 403/10740, time remaining: 8m 53s
Rendered 404/10740, time remaining: 8m 51s
Rendered 405/10740, time remaining: 8m 51s
Rendered 406/10740, time remaining: 8m 52s
Rendered 407/10740, time remaining: 8m 53s
Rendered 408/10740, time remaining: 8m 51s
Rendered 409/10740, time remaining: 8m 51s
Rendered 410/10740, time remaining: 8m 53s
Rendered 411/10740, time remaining: 8m 53s
Rendered 412/10740, time remaining: 8m 50s
Rendered 413/10740, time remaining: 8m 50s
Rendered 414/10740, time remaining: 8m 52s
Rendered 415/10740, time remaining: 8m 53s
Rendered 416/10740, time remaining: 8m 51s
Rendered 417/10740, time remaining: 8m 52s
Rendered 418/10740, time remaining: 8m 53s
Rendered 419/10740, time remaining: 8m 52s
Rendered 420/10740, time remaining: 8m 52s
Rendered 421/10740, time remaining: 8m 51s
Rendered 422/10740, time remaining: 8m 51s
Rendered 423/10740, time remaining: 8m 52s
Rendered 424/10740, time remaining: 8m 49s
Rendered 425/10740, time remaining: 8m 49s
Rendered 426/10740, time remaining: 8m 52s
Rendered 427/10740, time remaining: 8m 52s
Rendered 428/10740, time remaining: 8m 52s
Rendered 429/10740, time remaining: 8m 51s
Rendered 430/10740, time remaining: 8m 53s
Rendered 431/10740, time remaining: 8m 54s
Rendered 432/10740, time remaining: 8m 50s
Rendered 433/10740, time remaining: 8m 50s
Rendered 434/10740, time remaining: 8m 53s
Rendered 435/10740, time remaining: 8m 53s
Rendered 436/10740, time remaining: 8m 52s
Rendered 437/10740, time remaining: 8m 51s
Rendered 438/10740, time remaining: 8m 53s
Rendered 439/10740, time remaining: 8m 52s
Rendered 440/10740, time remaining: 8m 50s
Rendered 441/10740, time remaining: 8m 52s
Rendered 442/10740, time remaining: 8m 53s
Rendered 443/10740, time remaining: 8m 53s
Rendered 444/10740, time remaining: 8m 51s
Rendered 445/10740, time remaining: 8m 50s
Rendered 446/10740, time remaining: 8m 53s
Rendered 447/10740, time remaining: 8m 54s
Rendered 448/10740, time remaining: 8m 50s
Rendered 449/10740, time remaining: 8m 51s
Rendered 450/10740, time remaining: 8m 51s
Rendered 451/10740, time remaining: 8m 51s
Rendered 452/10740, time remaining: 8m 50s
Rendered 453/10740, time remaining: 8m 50s
Rendered 454/10740, time remaining: 8m 53s
Rendered 455/10740, time remaining: 8m 52s
Rendered 456/10740, time remaining: 8m 51s
Rendered 457/10740, time remaining: 8m 51s
Rendered 458/10740, time remaining: 8m 51s
Rendered 459/10740, time remaining: 8m 52s
Rendered 460/10740, time remaining: 8m 50s
Rendered 461/10740, time remaining: 8m 49s
Rendered 462/10740, time remaining: 8m 53s
Rendered 463/10740, time remaining: 8m 53s
Rendered 464/10740, time remaining: 8m 50s
Rendered 465/10740, time remaining: 8m 50s
Rendered 466/10740, time remaining: 8m 50s
Rendered 467/10740, time remaining: 8m 50s
Rendered 468/10740, time remaining: 8m 50s
Rendered 469/10740, time remaining: 8m 49s
Rendered 470/10740, time remaining: 8m 51s
Rendered 471/10740, time remaining: 8m 50s
Rendered 472/10740, time remaining: 8m 50s
Rendered 473/10740, time remaining: 8m 50s
Rendered 474/10740, time remaining: 8m 50s
Rendered 475/10740, time remaining: 8m 50s
Rendered 476/10740, time remaining: 8m 50s
Rendered 477/10740, time remaining: 8m 49s
Rendered 478/10740, time remaining: 8m 51s
Rendered 479/10740, time remaining: 8m 51s
Rendered 480/10740, time remaining: 8m 48s
Rendered 481/10740, time remaining: 8m 48s
Rendered 482/10740, time remaining: 8m 50s
Rendered 483/10740, time remaining: 8m 48s
Rendered 484/10740, time remaining: 8m 49s
Rendered 485/10740, time remaining: 8m 46s
Rendered 486/10740, time remaining: 8m 46s
Rendered 487/10740, time remaining: 8m 46s
Rendered 488/10740, time remaining: 8m 45s
Rendered 489/10740, time remaining: 8m 45s
Rendered 490/10740, time remaining: 8m 46s
Rendered 491/10740, time remaining: 8m 46s
Rendered 492/10740, time remaining: 8m 45s
Rendered 493/10740, time remaining: 8m 43s
Rendered 494/10740, time remaining: 8m 46s
Rendered 495/10740, time remaining: 8m 45s
Rendered 496/10740, time remaining: 8m 44s
Rendered 497/10740, time remaining: 8m 45s
Rendered 498/10740, time remaining: 8m 45s
Rendered 499/10740, time remaining: 8m 45s
Rendered 500/10740, time remaining: 8m 47s
Rendered 501/10740, time remaining: 8m 44s
Rendered 502/10740, time remaining: 8m 45s
Rendered 503/10740, time remaining: 8m 45s
Rendered 504/10740, time remaining: 8m 45s
Rendered 505/10740, time remaining: 8m 43s
Rendered 506/10740, time remaining: 8m 46s
Rendered 507/10740, time remaining: 8m 46s
Rendered 508/10740, time remaining: 8m 46s
Rendered 509/10740, time remaining: 8m 44s
Rendered 510/10740, time remaining: 8m 45s
Rendered 511/10740, time remaining: 8m 44s
Rendered 512/10740, time remaining: 8m 45s
Rendered 513/10740, time remaining: 8m 44s
Rendered 514/10740, time remaining: 8m 46s
Rendered 515/10740, time remaining: 8m 47s
Rendered 516/10740, time remaining: 8m 48s
Rendered 517/10740, time remaining: 8m 44s
Rendered 518/10740, time remaining: 8m 47s
Rendered 519/10740, time remaining: 8m 46s
Rendered 520/10740, time remaining: 8m 47s
Rendered 521/10740, time remaining: 8m 45s
Rendered 522/10740, time remaining: 8m 45s
Rendered 523/10740, time remaining: 8m 45s
Rendered 524/10740, time remaining: 8m 46s
Rendered 525/10740, time remaining: 8m 43s
Rendered 526/10740, time remaining: 8m 45s
Rendered 527/10740, time remaining: 8m 45s
Rendered 528/10740, time remaining: 8m 45s
Rendered 529/10740, time remaining: 8m 44s
Rendered 530/10740, time remaining: 8m 46s
Rendered 531/10740, time remaining: 8m 46s
Rendered 532/10740, time remaining: 8m 47s
Rendered 533/10740, time remaining: 8m 43s
Rendered 534/10740, time remaining: 8m 45s
Rendered 535/10740, time remaining: 8m 45s
Rendered 536/10740, time remaining: 8m 44s
Rendered 537/10740, time remaining: 8m 42s
Rendered 538/10740, time remaining: 8m 45s
Rendered 539/10740, time remaining: 8m 46s
Rendered 540/10740, time remaining: 8m 46s
Rendered 541/10740, time remaining: 8m 43s
Rendered 542/10740, time remaining: 8m 45s
Rendered 543/10740, time remaining: 8m 45s
Rendered 544/10740, time remaining: 8m 45s
Rendered 545/10740, time remaining: 8m 43s
Rendered 546/10740, time remaining: 8m 45s
Rendered 547/10740, time remaining: 8m 45s
Rendered 548/10740, time remaining: 8m 46s
Rendered 549/10740, time remaining: 8m 43s
Rendered 550/10740, time remaining: 8m 44s
Rendered 551/10740, time remaining: 8m 44s
Rendered 552/10740, time remaining: 8m 44s
Rendered 553/10740, time remaining: 8m 42s
Rendered 554/10740, time remaining: 8m 45s
Rendered 555/10740, time remaining: 8m 43s
Rendered 556/10740, time remaining: 8m 44s
Rendered 557/10740, time remaining: 8m 44s
Rendered 558/10740, time remaining: 8m 44s
Rendered 559/10740, time remaining: 8m 46s
Rendered 560/10740, time remaining: 8m 45s
Rendered 561/10740, time remaining: 8m 42s
Rendered 562/10740, time remaining: 8m 45s
Rendered 563/10740, time remaining: 8m 44s
Rendered 564/10740, time remaining: 8m 45s
Rendered 565/10740, time remaining: 8m 43s
Rendered 566/10740, time remaining: 8m 44s
Rendered 567/10740, time remaining: 8m 44s
Rendered 568/10740, time remaining: 8m 59s
Rendered 569/10740, time remaining: 8m 56s
Rendered 570/10740, time remaining: 8m 54s
Rendered 571/10740, time remaining: 9m 5s
Rendered 572/10740, time remaining: 9m 1s
Rendered 573/10740, time remaining: 9m 11s
Rendered 574/10740, time remaining: 9m 10s
Rendered 575/10740, time remaining: 9m 8s
Rendered 576/10740, time remaining: 9m 8s
Rendered 577/10740, time remaining: 9m 9s
Rendered 578/10740, time remaining: 9m 6s
Rendered 579/10740, time remaining: 9m 6s
Rendered 580/10740, time remaining: 9m 5s
Rendered 581/10740, time remaining: 9m 4s
Rendered 582/10740, time remaining: 9m 8s
Rendered 583/10740, time remaining: 9m 7s
Rendered 584/10740, time remaining: 9m 7s
Rendered 585/10740, time remaining: 9m 6s
Rendered 586/10740, time remaining: 9m 7s
Rendered 587/10740, time remaining: 9m 7s
Rendered 588/10740, time remaining: 9m 5s
Rendered 589/10740, time remaining: 9m 6s
Rendered 590/10740, time remaining: 9m 6s
Rendered 591/10740, time remaining: 9m 5s
Rendered 592/10740, time remaining: 9m 5s
Rendered 593/10740, time remaining: 9m 4s
Rendered 594/10740, time remaining: 9m 5s
Rendered 595/10740, time remaining: 9m 5s
Rendered 596/10740, time remaining: 9m 4s
Rendered 597/10740, time remaining: 9m 2s
Rendered 598/10740, time remaining: 9m 6s
Rendered 599/10740, time remaining: 9m 5s
Rendered 600/10740, time remaining: 9m 5s
Rendered 601/10740, time remaining: 9m 5s
Rendered 602/10740, time remaining: 9m 6s
Rendered 603/10740, time remaining: 9m 5s
Rendered 604/10740, time remaining: 9m 5s
Rendered 605/10740, time remaining: 9m 5s
Rendered 606/10740, time remaining: 9m 3s
Rendered 607/10740, time remaining: 9m 2s
Rendered 608/10740, time remaining: 9m 2s
Rendered 609/10740, time remaining: 9m 1s
Rendered 610/10740, time remaining: 9m 3s
Rendered 611/10740, time remaining: 8m 59s
Rendered 612/10740, time remaining: 8m 59s
Rendered 613/10740, time remaining: 8m 57s
Rendered 614/10740, time remaining: 9m 0s
Rendered 615/10740, time remaining: 8m 59s
Rendered 616/10740, time remaining: 8m 59s
Rendered 617/10740, time remaining: 8m 59s
Rendered 618/10740, time remaining: 8m 58s
Rendered 619/10740, time remaining: 8m 59s
Rendered 620/10740, time remaining: 8m 56s
Rendered 621/10740, time remaining: 8m 55s
Rendered 622/10740, time remaining: 8m 56s
Rendered 623/10740, time remaining: 8m 56s
Rendered 624/10740, time remaining: 8m 57s
Rendered 625/10740, time remaining: 8m 57s
Rendered 626/10740, time remaining: 8m 56s
Rendered 627/10740, time remaining: 8m 57s
Rendered 628/10740, time remaining: 8m 55s
Rendered 629/10740, time remaining: 8m 55s
Rendered 630/10740, time remaining: 8m 56s
Rendered 631/10740, time remaining: 8m 57s
Rendered 632/10740, time remaining: 8m 56s
Rendered 633/10740, time remaining: 8m 56s
Rendered 634/10740, time remaining: 8m 55s
Rendered 635/10740, time remaining: 8m 58s
Rendered 636/10740, time remaining: 9m 0s
Rendered 637/10740, time remaining: 8m 59s
Rendered 638/10740, time remaining: 8m 59s
Rendered 639/10740, time remaining: 8m 58s
Rendered 640/10740, time remaining: 8m 59s
Rendered 641/10740, time remaining: 8m 59s
Rendered 642/10740, time remaining: 8m 59s
Rendered 643/10740, time remaining: 9m 0s
Rendered 644/10740, time remaining: 8m 57s
Rendered 645/10740, time remaining: 8m 57s
Rendered 646/10740, time remaining: 8m 57s
Rendered 647/10740, time remaining: 8m 57s
Rendered 648/10740, time remaining: 8m 57s
Rendered 649/10740, time remaining: 8m 53s
Rendered 650/10740, time remaining: 8m 52s
Rendered 651/10740, time remaining: 8m 53s
Rendered 652/10740, time remaining: 8m 53s
Rendered 653/10740, time remaining: 8m 53s
Rendered 654/10740, time remaining: 8m 52s
Rendered 655/10740, time remaining: 8m 53s
Rendered 656/10740, time remaining: 8m 53s
Rendered 657/10740, time remaining: 8m 51s
Rendered 658/10740, time remaining: 8m 51s
Rendered 659/10740, time remaining: 8m 53s
Rendered 660/10740, time remaining: 8m 53s
Rendered 661/10740, time remaining: 8m 54s
Rendered 662/10740, time remaining: 8m 49s
Rendered 663/10740, time remaining: 8m 49s
Rendered 664/10740, time remaining: 8m 49s
Rendered 665/10740, time remaining: 8m 48s
Rendered 666/10740, time remaining: 8m 48s
Rendered 667/10740, time remaining: 8m 50s
Rendered 668/10740, time remaining: 8m 50s
Rendered 669/10740, time remaining: 8m 50s
Rendered 670/10740, time remaining: 8m 49s
Rendered 671/10740, time remaining: 8m 50s
Rendered 672/10740, time remaining: 8m 50s
Rendered 673/10740, time remaining: 8m 49s
Rendered 674/10740, time remaining: 8m 48s
Rendered 675/10740, time remaining: 8m 49s
Rendered 676/10740, time remaining: 8m 48s
Rendered 677/10740, time remaining: 8m 48s
Rendered 678/10740, time remaining: 8m 48s
Rendered 679/10740, time remaining: 8m 48s
Rendered 680/10740, time remaining: 8m 48s
Rendered 681/10740, time remaining: 8m 47s
Rendered 682/10740, time remaining: 8m 45s
Rendered 683/10740, time remaining: 8m 48s
Rendered 684/10740, time remaining: 8m 47s
Rendered 685/10740, time remaining: 8m 47s
Rendered 686/10740, time remaining: 8m 46s
Rendered 687/10740, time remaining: 8m 44s
Rendered 688/10740, time remaining: 8m 43s
Rendered 689/10740, time remaining: 8m 42s
Rendered 690/10740, time remaining: 8m 41s
Rendered 691/10740, time remaining: 8m 44s
Rendered 692/10740, time remaining: 8m 40s
Rendered 693/10740, time remaining: 8m 39s
Rendered 694/10740, time remaining: 8m 38s
Rendered 695/10740, time remaining: 8m 42s
Rendered 696/10740, time remaining: 8m 39s
Rendered 697/10740, time remaining: 8m 38s
Rendered 698/10740, time remaining: 8m 37s
Rendered 699/10740, time remaining: 8m 41s
Rendered 700/10740, time remaining: 8m 40s
Rendered 701/10740, time remaining: 8m 40s
Rendered 702/10740, time remaining: 8m 39s
Rendered 703/10740, time remaining: 8m 42s
Rendered 704/10740, time remaining: 8m 39s
Rendered 705/10740, time remaining: 8m 39s
Rendered 706/10740, time remaining: 8m 38s
Rendered 707/10740, time remaining: 8m 39s
Rendered 708/10740, time remaining: 8m 39s
Rendered 709/10740, time remaining: 8m 39s
Rendered 710/10740, time remaining: 8m 38s
Rendered 711/10740, time remaining: 8m 41s
Rendered 712/10740, time remaining: 8m 40s
Rendered 713/10740, time remaining: 8m 40s
Rendered 714/10740, time remaining: 8m 40s
Rendered 715/10740, time remaining: 8m 40s
Rendered 716/10740, time remaining: 8m 39s
Rendered 717/10740, time remaining: 8m 38s
Rendered 718/10740, time remaining: 8m 23s
Rendered 719/10740, time remaining: 8m 27s
Rendered 720/10740, time remaining: 8m 28s
Rendered 721/10740, time remaining: 8m 17s
Rendered 722/10740, time remaining: 8m 20s
Rendered 723/10740, time remaining: 8m 11s
Rendered 724/10740, time remaining: 8m 15s
Rendered 725/10740, time remaining: 8m 15s
Rendered 726/10740, time remaining: 8m 16s
Rendered 727/10740, time remaining: 8m 14s
Rendered 728/10740, time remaining: 8m 16s
Rendered 729/10740, time remaining: 8m 16s
Rendered 730/10740, time remaining: 8m 17s
Rendered 731/10740, time remaining: 8m 16s
Rendered 732/10740, time remaining: 8m 14s
Rendered 733/10740, time remaining: 8m 14s
Rendered 734/10740, time remaining: 8m 14s
Rendered 735/10740, time remaining: 8m 14s
Rendered 736/10740, time remaining: 8m 14s
Rendered 737/10740, time remaining: 8m 14s
Rendered 738/10740, time remaining: 8m 14s
Rendered 739/10740, time remaining: 8m 14s
Rendered 740/10740, time remaining: 8m 14s
Rendered 741/10740, time remaining: 8m 14s
Rendered 742/10740, time remaining: 8m 14s
Rendered 743/10740, time remaining: 8m 13s
Rendered 744/10740, time remaining: 8m 14s
Rendered 745/10740, time remaining: 8m 11s
Rendered 746/10740, time remaining: 8m 11s
Rendered 747/10740, time remaining: 8m 11s
Rendered 748/10740, time remaining: 8m 10s
Rendered 749/10740, time remaining: 8m 10s
Rendered 750/10740, time remaining: 8m 10s
Rendered 751/10740, time remaining: 8m 9s
Rendered 752/10740, time remaining: 8m 10s
Rendered 753/10740, time remaining: 8m 10s
Rendered 754/10740, time remaining: 8m 10s
Rendered 755/10740, time remaining: 8m 9s
Rendered 756/10740, time remaining: 8m 14s
Rendered 757/10740, time remaining: 8m 13s
Rendered 758/10740, time remaining: 8m 13s
Rendered 759/10740, time remaining: 8m 13s
Rendered 760/10740, time remaining: 8m 14s
Rendered 761/10740, time remaining: 8m 15s
Rendered 762/10740, time remaining: 8m 15s
Rendered 763/10740, time remaining: 8m 15s
Rendered 764/10740, time remaining: 8m 16s
Rendered 765/10740, time remaining: 8m 17s
Rendered 766/10740, time remaining: 8m 17s
Rendered 767/10740, time remaining: 8m 18s
Rendered 768/10740, time remaining: 8m 18s
Rendered 769/10740, time remaining: 8m 16s
Rendered 770/10740, time remaining: 8m 19s
Rendered 771/10740, time remaining: 8m 20s
Rendered 772/10740, time remaining: 8m 21s
Rendered 773/10740, time remaining: 8m 19s
Rendered 774/10740, time remaining: 8m 18s
Rendered 775/10740, time remaining: 8m 18s
Rendered 776/10740, time remaining: 8m 19s
Rendered 777/10740, time remaining: 8m 16s
Rendered 778/10740, time remaining: 8m 18s
Rendered 779/10740, time remaining: 8m 18s
Rendered 780/10740, time remaining: 8m 19s
Rendered 781/10740, time remaining: 8m 18s
Rendered 782/10740, time remaining: 8m 18s
Rendered 783/10740, time remaining: 8m 18s
Rendered 784/10740, time remaining: 8m 20s
Rendered 785/10740, time remaining: 8m 21s
Rendered 786/10740, time remaining: 8m 19s
Rendered 787/10740, time remaining: 8m 20s
Rendered 788/10740, time remaining: 8m 20s
Rendered 789/10740, time remaining: 8m 18s
Rendered 790/10740, time remaining: 8m 18s
Rendered 791/10740, time remaining: 8m 18s
Rendered 792/10740, time remaining: 8m 19s
Rendered 793/10740, time remaining: 8m 18s
Rendered 794/10740, time remaining: 8m 21s
Rendered 795/10740, time remaining: 8m 22s
Rendered 796/10740, time remaining: 8m 22s
Rendered 797/10740, time remaining: 8m 20s
Rendered 798/10740, time remaining: 8m 19s
Rendered 799/10740, time remaining: 8m 22s
Rendered 800/10740, time remaining: 8m 23s
Rendered 801/10740, time remaining: 8m 23s
Rendered 802/10740, time remaining: 8m 23s
Rendered 803/10740, time remaining: 8m 23s
Rendered 804/10740, time remaining: 8m 24s
Rendered 805/10740, time remaining: 8m 23s
Rendered 806/10740, time remaining: 8m 23s
Rendered 807/10740, time remaining: 8m 23s
Rendered 808/10740, time remaining: 8m 24s
Rendered 809/10740, time remaining: 8m 24s
Rendered 810/10740, time remaining: 8m 25s
Rendered 811/10740, time remaining: 8m 24s
Rendered 812/10740, time remaining: 8m 27s
Rendered 813/10740, time remaining: 8m 27s
Rendered 814/10740, time remaining: 8m 27s
Rendered 815/10740, time remaining: 8m 28s
Rendered 816/10740, time remaining: 8m 26s
Rendered 817/10740, time remaining: 8m 26s
Rendered 818/10740, time remaining: 8m 24s
Rendered 819/10740, time remaining: 8m 24s
Rendered 820/10740, time remaining: 8m 26s
Rendered 821/10740, time remaining: 8m 24s
Rendered 822/10740, time remaining: 8m 25s
Rendered 823/10740, time remaining: 8m 25s
Rendered 824/10740, time remaining: 8m 26s
Rendered 825/10740, time remaining: 8m 25s
Rendered 826/10740, time remaining: 8m 25s
Rendered 827/10740, time remaining: 8m 26s
Rendered 828/10740, time remaining: 8m 25s
Rendered 829/10740, time remaining: 8m 24s
Rendered 830/10740, time remaining: 8m 25s
Rendered 831/10740, time remaining: 8m 25s
Rendered 832/10740, time remaining: 8m 27s
Rendered 833/10740, time remaining: 8m 26s
Rendered 834/10740, time remaining: 8m 26s
Rendered 835/10740, time remaining: 8m 27s
Rendered 836/10740, time remaining: 8m 27s
Rendered 837/10740, time remaining: 8m 28s
Rendered 838/10740, time remaining: 8m 30s
Rendered 839/10740, time remaining: 8m 30s
Rendered 840/10740, time remaining: 8m 31s
Rendered 841/10740, time remaining: 8m 29s
Rendered 842/10740, time remaining: 8m 32s
Rendered 843/10740, time remaining: 8m 33s
Rendered 844/10740, time remaining: 8m 33s
Rendered 845/10740, time remaining: 8m 30s
Rendered 846/10740, time remaining: 8m 33s
Rendered 847/10740, time remaining: 8m 33s
Rendered 848/10740, time remaining: 8m 34s
Rendered 849/10740, time remaining: 8m 32s
Rendered 850/10740, time remaining: 8m 31s
Rendered 851/10740, time remaining: 8m 33s
Rendered 852/10740, time remaining: 8m 33s
Rendered 853/10740, time remaining: 8m 29s
Rendered 854/10740, time remaining: 8m 32s
Rendered 855/10740, time remaining: 8m 32s
Rendered 856/10740, time remaining: 8m 33s
Rendered 857/10740, time remaining: 8m 31s
Rendered 858/10740, time remaining: 8m 31s
Rendered 859/10740, time remaining: 8m 31s
Rendered 860/10740, time remaining: 8m 32s
Rendered 861/10740, time remaining: 8m 29s
Rendered 862/10740, time remaining: 8m 31s
Rendered 863/10740, time remaining: 8m 31s
Rendered 864/10740, time remaining: 8m 30s
Rendered 865/10740, time remaining: 8m 30s
Rendered 866/10740, time remaining: 8m 31s
Rendered 867/10740, time remaining: 8m 32s
Rendered 868/10740, time remaining: 8m 32s
Rendered 869/10740, time remaining: 8m 28s
Rendered 870/10740, time remaining: 8m 31s
Rendered 871/10740, time remaining: 8m 31s
Rendered 872/10740, time remaining: 8m 32s
Rendered 873/10740, time remaining: 8m 31s
Rendered 874/10740, time remaining: 8m 30s
Rendered 875/10740, time remaining: 8m 31s
Rendered 876/10740, time remaining: 8m 31s
Rendered 877/10740, time remaining: 8m 29s
Rendered 878/10740, time remaining: 8m 30s
Rendered 879/10740, time remaining: 8m 30s
Rendered 880/10740, time remaining: 8m 29s
Rendered 881/10740, time remaining: 8m 29s
Rendered 882/10740, time remaining: 8m 30s
Rendered 883/10740, time remaining: 8m 31s
Rendered 884/10740, time remaining: 8m 32s
Rendered 885/10740, time remaining: 8m 31s
Rendered 886/10740, time remaining: 8m 31s
Rendered 887/10740, time remaining: 8m 32s
Rendered 888/10740, time remaining: 8m 32s
Rendered 889/10740, time remaining: 8m 29s
Rendered 890/10740, time remaining: 8m 31s
Rendered 891/10740, time remaining: 8m 31s
Rendered 892/10740, time remaining: 8m 31s
Rendered 893/10740, time remaining: 8m 30s
Rendered 894/10740, time remaining: 8m 30s
Rendered 895/10740, time remaining: 8m 34s
Rendered 896/10740, time remaining: 8m 34s
Rendered 897/10740, time remaining: 8m 34s
Rendered 898/10740, time remaining: 8m 34s
Rendered 899/10740, time remaining: 8m 34s
Rendered 900/10740, time remaining: 8m 34s
Rendered 901/10740, time remaining: 8m 34s
Rendered 902/10740, time remaining: 8m 33s
Rendered 903/10740, time remaining: 8m 33s
Rendered 904/10740, time remaining: 8m 33s
Rendered 905/10740, time remaining: 8m 32s
Rendered 906/10740, time remaining: 8m 30s
Rendered 907/10740, time remaining: 8m 31s
Rendered 908/10740, time remaining: 8m 32s
Rendered 909/10740, time remaining: 8m 31s
Rendered 910/10740, time remaining: 8m 29s
Rendered 911/10740, time remaining: 8m 30s
Rendered 912/10740, time remaining: 8m 30s
Rendered 913/10740, time remaining: 8m 30s
Rendered 914/10740, time remaining: 8m 27s
Rendered 915/10740, time remaining: 8m 26s
Rendered 916/10740, time remaining: 8m 26s
Rendered 917/10740, time remaining: 8m 28s
Rendered 918/10740, time remaining: 8m 24s
Rendered 919/10740, time remaining: 8m 27s
Rendered 920/10740, time remaining: 8m 27s
Rendered 921/10740, time remaining: 8m 26s
Rendered 922/10740, time remaining: 8m 25s
Rendered 923/10740, time remaining: 8m 27s
Rendered 924/10740, time remaining: 8m 27s
Rendered 925/10740, time remaining: 8m 27s
Rendered 926/10740, time remaining: 8m 26s
Rendered 927/10740, time remaining: 8m 28s
Rendered 928/10740, time remaining: 8m 28s
Rendered 929/10740, time remaining: 8m 28s
Rendered 930/10740, time remaining: 8m 25s
Rendered 931/10740, time remaining: 8m 25s
Rendered 932/10740, time remaining: 8m 25s
Rendered 933/10740, time remaining: 8m 25s
Rendered 934/10740, time remaining: 8m 23s
Rendered 935/10740, time remaining: 8m 24s
Rendered 936/10740, time remaining: 8m 24s
Rendered 937/10740, time remaining: 8m 24s
Rendered 938/10740, time remaining: 8m 24s
Rendered 939/10740, time remaining: 8m 26s
Rendered 940/10740, time remaining: 8m 25s
Rendered 941/10740, time remaining: 8m 25s
Rendered 942/10740, time remaining: 8m 22s
Rendered 943/10740, time remaining: 8m 23s
Rendered 944/10740, time remaining: 8m 23s
Rendered 945/10740, time remaining: 8m 23s
Rendered 946/10740, time remaining: 8m 22s
Rendered 947/10740, time remaining: 8m 24s
Rendered 948/10740, time remaining: 8m 25s
Rendered 949/10740, time remaining: 8m 26s
Rendered 950/10740, time remaining: 8m 23s
Rendered 951/10740, time remaining: 8m 23s
Rendered 952/10740, time remaining: 8m 23s
Rendered 953/10740, time remaining: 8m 25s
Rendered 954/10740, time remaining: 8m 21s
Rendered 955/10740, time remaining: 8m 23s
Rendered 956/10740, time remaining: 8m 23s
Rendered 957/10740, time remaining: 8m 24s
Rendered 958/10740, time remaining: 8m 22s
Rendered 959/10740, time remaining: 8m 24s
Rendered 960/10740, time remaining: 8m 23s
Rendered 961/10740, time remaining: 8m 23s
Rendered 962/10740, time remaining: 8m 21s
Rendered 963/10740, time remaining: 8m 22s
Rendered 964/10740, time remaining: 8m 22s
Rendered 965/10740, time remaining: 8m 22s
Rendered 966/10740, time remaining: 8m 21s
Rendered 967/10740, time remaining: 8m 22s
Rendered 968/10740, time remaining: 8m 23s
Rendered 969/10740, time remaining: 8m 23s
Rendered 970/10740, time remaining: 8m 22s
Rendered 971/10740, time remaining: 8m 23s
Rendered 972/10740, time remaining: 8m 23s
Rendered 973/10740, time remaining: 8m 24s
Rendered 974/10740, time remaining: 8m 20s
Rendered 975/10740, time remaining: 8m 21s
Rendered 976/10740, time remaining: 8m 21s
Rendered 977/10740, time remaining: 8m 19s
Rendered 978/10740, time remaining: 8m 20s
Rendered 979/10740, time remaining: 8m 18s
Rendered 980/10740, time remaining: 8m 18s
Rendered 981/10740, time remaining: 8m 18s
Rendered 982/10740, time remaining: 8m 19s
Rendered 983/10740, time remaining: 8m 17s
Rendered 984/10740, time remaining: 8m 17s
Rendered 985/10740, time remaining: 8m 17s
Rendered 986/10740, time remaining: 8m 17s
Rendered 987/10740, time remaining: 8m 17s
Rendered 988/10740, time remaining: 8m 17s
Rendered 989/10740, time remaining: 8m 17s
Rendered 990/10740, time remaining: 8m 17s
Rendered 991/10740, time remaining: 8m 17s
Rendered 992/10740, time remaining: 8m 17s
Rendered 993/10740, time remaining: 8m 17s
Rendered 994/10740, time remaining: 8m 16s
Rendered 995/10740, time remaining: 8m 17s
Rendered 996/10740, time remaining: 8m 16s
Rendered 997/10740, time remaining: 8m 16s
Rendered 998/10740, time remaining: 8m 16s
Rendered 999/10740, time remaining: 8m 16s
Rendered 1000/10740, time remaining: 8m 16s
Rendered 1001/10740, time remaining: 8m 15s
Rendered 1002/10740, time remaining: 8m 15s
Rendered 1003/10740, time remaining: 8m 17s
Rendered 1004/10740, time remaining: 8m 16s
Rendered 1005/10740, time remaining: 8m 16s
Rendered 1006/10740, time remaining: 8m 16s
Rendered 1007/10740, time remaining: 8m 15s
Rendered 1008/10740, time remaining: 8m 15s
Rendered 1009/10740, time remaining: 8m 14s
Rendered 1010/10740, time remaining: 8m 14s
Rendered 1011/10740, time remaining: 8m 17s
Rendered 1012/10740, time remaining: 8m 16s
Rendered 1013/10740, time remaining: 8m 17s
Rendered 1014/10740, time remaining: 8m 18s
Rendered 1015/10740, time remaining: 8m 15s
Rendered 1016/10740, time remaining: 8m 17s
Rendered 1017/10740, time remaining: 8m 15s
Rendered 1018/10740, time remaining: 8m 15s
Rendered 1019/10740, time remaining: 8m 17s
Rendered 1020/10740, time remaining: 8m 16s
Rendered 1021/10740, time remaining: 8m 17s
Rendered 1022/10740, time remaining: 8m 17s
Rendered 1023/10740, time remaining: 8m 13s
Rendered 1024/10740, time remaining: 8m 13s
Rendered 1025/10740, time remaining: 8m 12s
Rendered 1026/10740, time remaining: 8m 12s
Rendered 1027/10740, time remaining: 8m 14s
Rendered 1028/10740, time remaining: 8m 14s
Rendered 1029/10740, time remaining: 8m 14s
Rendered 1030/10740, time remaining: 8m 15s
Rendered 1031/10740, time remaining: 8m 13s
Rendered 1032/10740, time remaining: 8m 15s
Rendered 1033/10740, time remaining: 8m 14s
Rendered 1034/10740, time remaining: 8m 13s
Rendered 1035/10740, time remaining: 8m 13s
Rendered 1036/10740, time remaining: 8m 13s
Rendered 1037/10740, time remaining: 8m 13s
Rendered 1038/10740, time remaining: 8m 13s
Rendered 1039/10740, time remaining: 8m 14s
Rendered 1040/10740, time remaining: 8m 13s
Rendered 1041/10740, time remaining: 8m 13s
Rendered 1042/10740, time remaining: 8m 14s
Rendered 1043/10740, time remaining: 8m 14s
Rendered 1044/10740, time remaining: 8m 15s
Rendered 1045/10740, time remaining: 8m 14s
Rendered 1046/10740, time remaining: 8m 14s
Rendered 1047/10740, time remaining: 8m 14s
Rendered 1048/10740, time remaining: 8m 13s
Rendered 1049/10740, time remaining: 8m 14s
Rendered 1050/10740, time remaining: 8m 15s
Rendered 1051/10740, time remaining: 8m 12s
Rendered 1052/10740, time remaining: 8m 13s
Rendered 1053/10740, time remaining: 8m 13s
Rendered 1054/10740, time remaining: 8m 13s
Rendered 1055/10740, time remaining: 8m 14s
Rendered 1056/10740, time remaining: 8m 13s
Rendered 1057/10740, time remaining: 8m 15s
Rendered 1058/10740, time remaining: 8m 14s
Rendered 1059/10740, time remaining: 8m 14s
Rendered 1060/10740, time remaining: 8m 14s
Rendered 1061/10740, time remaining: 8m 15s
Rendered 1062/10740, time remaining: 8m 16s
Rendered 1063/10740, time remaining: 8m 13s
Rendered 1064/10740, time remaining: 8m 17s
Rendered 1065/10740, time remaining: 8m 16s
Rendered 1066/10740, time remaining: 8m 16s
Rendered 1067/10740, time remaining: 8m 13s
Rendered 1068/10740, time remaining: 8m 16s
Rendered 1069/10740, time remaining: 8m 15s
Rendered 1070/10740, time remaining: 8m 15s
Rendered 1071/10740, time remaining: 8m 14s
Rendered 1072/10740, time remaining: 8m 15s
Rendered 1073/10740, time remaining: 8m 15s
Rendered 1074/10740, time remaining: 8m 16s
Rendered 1075/10740, time remaining: 8m 17s
Rendered 1076/10740, time remaining: 8m 16s
Rendered 1077/10740, time remaining: 8m 17s
Rendered 1078/10740, time remaining: 8m 18s
Rendered 1079/10740, time remaining: 8m 14s
Rendered 1080/10740, time remaining: 8m 15s
Rendered 1081/10740, time remaining: 8m 15s
Rendered 1082/10740, time remaining: 8m 16s
Rendered 1083/10740, time remaining: 8m 16s
Rendered 1084/10740, time remaining: 8m 17s
Rendered 1085/10740, time remaining: 8m 16s
Rendered 1086/10740, time remaining: 8m 17s
Rendered 1087/10740, time remaining: 8m 14s
Rendered 1088/10740, time remaining: 8m 14s
Rendered 1089/10740, time remaining: 8m 15s
Rendered 1090/10740, time remaining: 8m 16s
Rendered 1091/10740, time remaining: 8m 13s
Rendered 1092/10740, time remaining: 8m 16s
Rendered 1093/10740, time remaining: 8m 15s
Rendered 1094/10740, time remaining: 8m 15s
Rendered 1095/10740, time remaining: 8m 14s
Rendered 1096/10740, time remaining: 8m 15s
Rendered 1097/10740, time remaining: 8m 16s
Rendered 1098/10740, time remaining: 8m 15s
Rendered 1099/10740, time remaining: 8m 13s
Rendered 1100/10740, time remaining: 8m 16s
Rendered 1101/10740, time remaining: 8m 15s
Rendered 1102/10740, time remaining: 8m 16s
Rendered 1103/10740, time remaining: 8m 13s
Rendered 1104/10740, time remaining: 8m 15s
Rendered 1105/10740, time remaining: 8m 16s
Rendered 1106/10740, time remaining: 8m 17s
Rendered 1107/10740, time remaining: 8m 14s
Rendered 1108/10740, time remaining: 8m 15s
Rendered 1109/10740, time remaining: 8m 14s
Rendered 1110/10740, time remaining: 8m 14s
Rendered 1111/10740, time remaining: 8m 13s
Rendered 1112/10740, time remaining: 8m 15s
Rendered 1113/10740, time remaining: 8m 15s
Rendered 1114/10740, time remaining: 8m 16s
Rendered 1115/10740, time remaining: 8m 13s
Rendered 1116/10740, time remaining: 8m 15s
Rendered 1117/10740, time remaining: 8m 15s
Rendered 1118/10740, time remaining: 8m 15s
Rendered 1119/10740, time remaining: 8m 14s
Rendered 1120/10740, time remaining: 8m 14s
Rendered 1121/10740, time remaining: 8m 16s
Rendered 1122/10740, time remaining: 8m 15s
Rendered 1123/10740, time remaining: 8m 12s
Rendered 1124/10740, time remaining: 8m 14s
Rendered 1125/10740, time remaining: 8m 15s
Rendered 1126/10740, time remaining: 8m 16s
Rendered 1127/10740, time remaining: 8m 15s
Rendered 1128/10740, time remaining: 8m 14s
Rendered 1129/10740, time remaining: 8m 18s
Rendered 1130/10740, time remaining: 8m 18s
Rendered 1131/10740, time remaining: 8m 16s
Rendered 1132/10740, time remaining: 8m 14s
Rendered 1133/10740, time remaining: 8m 17s
Rendered 1134/10740, time remaining: 8m 18s
Rendered 1135/10740, time remaining: 8m 16s
Rendered 1136/10740, time remaining: 8m 15s
Rendered 1137/10740, time remaining: 8m 17s
Rendered 1138/10740, time remaining: 8m 17s
Rendered 1139/10740, time remaining: 8m 17s
Rendered 1140/10740, time remaining: 8m 17s
Rendered 1141/10740, time remaining: 8m 18s
Rendered 1142/10740, time remaining: 8m 18s
Rendered 1143/10740, time remaining: 8m 16s
Rendered 1144/10740, time remaining: 8m 16s
Rendered 1145/10740, time remaining: 8m 17s
Rendered 1146/10740, time remaining: 8m 18s
Rendered 1147/10740, time remaining: 8m 16s
Rendered 1148/10740, time remaining: 8m 17s
Rendered 1149/10740, time remaining: 8m 17s
Rendered 1150/10740, time remaining: 8m 17s
Rendered 1151/10740, time remaining: 8m 17s
Rendered 1152/10740, time remaining: 8m 17s
Rendered 1153/10740, time remaining: 8m 16s
Rendered 1154/10740, time remaining: 8m 16s
Rendered 1155/10740, time remaining: 8m 17s
Rendered 1156/10740, time remaining: 8m 16s
Rendered 1157/10740, time remaining: 8m 18s
Rendered 1158/10740, time remaining: 8m 18s
Rendered 1159/10740, time remaining: 8m 16s
Rendered 1160/10740, time remaining: 8m 16s
Rendered 1161/10740, time remaining: 8m 15s
Rendered 1162/10740, time remaining: 8m 16s
Rendered 1163/10740, time remaining: 8m 14s
Rendered 1164/10740, time remaining: 8m 14s
Rendered 1165/10740, time remaining: 8m 16s
Rendered 1166/10740, time remaining: 8m 16s
Rendered 1167/10740, time remaining: 8m 15s
Rendered 1168/10740, time remaining: 8m 15s
Rendered 1169/10740, time remaining: 8m 16s
Rendered 1170/10740, time remaining: 8m 18s
Rendered 1171/10740, time remaining: 8m 14s
Rendered 1172/10740, time remaining: 8m 14s
Rendered 1173/10740, time remaining: 8m 17s
Rendered 1174/10740, time remaining: 8m 18s
Rendered 1175/10740, time remaining: 8m 17s
Rendered 1176/10740, time remaining: 8m 16s
Rendered 1177/10740, time remaining: 8m 17s
Rendered 1178/10740, time remaining: 8m 19s
Rendered 1179/10740, time remaining: 8m 16s
Rendered 1180/10740, time remaining: 8m 15s
Rendered 1181/10740, time remaining: 8m 18s
Rendered 1182/10740, time remaining: 8m 17s
Rendered 1183/10740, time remaining: 8m 14s
Rendered 1184/10740, time remaining: 8m 13s
Rendered 1185/10740, time remaining: 8m 14s
Rendered 1186/10740, time remaining: 8m 15s
Rendered 1187/10740, time remaining: 8m 14s
Rendered 1188/10740, time remaining: 8m 14s
Rendered 1189/10740, time remaining: 8m 16s
Rendered 1190/10740, time remaining: 8m 17s
Rendered 1191/10740, time remaining: 8m 15s
Rendered 1192/10740, time remaining: 8m 14s
Rendered 1193/10740, time remaining: 8m 14s
Rendered 1194/10740, time remaining: 8m 14s
Rendered 1195/10740, time remaining: 8m 14s
Rendered 1196/10740, time remaining: 8m 13s
Rendered 1197/10740, time remaining: 8m 15s
Rendered 1198/10740, time remaining: 8m 15s
Rendered 1199/10740, time remaining: 8m 13s
Rendered 1200/10740, time remaining: 8m 12s
Rendered 1201/10740, time remaining: 8m 16s
Rendered 1202/10740, time remaining: 8m 16s
Rendered 1203/10740, time remaining: 8m 13s
Rendered 1204/10740, time remaining: 8m 13s
Rendered 1205/10740, time remaining: 8m 14s
Rendered 1206/10740, time remaining: 8m 15s
Rendered 1207/10740, time remaining: 8m 14s
Rendered 1208/10740, time remaining: 8m 13s
Rendered 1209/10740, time remaining: 8m 15s
Rendered 1210/10740, time remaining: 8m 16s
Rendered 1211/10740, time remaining: 8m 12s
Rendered 1212/10740, time remaining: 8m 11s
Rendered 1213/10740, time remaining: 8m 14s
Rendered 1214/10740, time remaining: 8m 14s
Rendered 1215/10740, time remaining: 8m 14s
Rendered 1216/10740, time remaining: 8m 13s
Rendered 1217/10740, time remaining: 8m 13s
Rendered 1218/10740, time remaining: 8m 15s
Rendered 1219/10740, time remaining: 8m 14s
Rendered 1220/10740, time remaining: 8m 14s
Rendered 1221/10740, time remaining: 8m 15s
Rendered 1222/10740, time remaining: 8m 16s
Rendered 1223/10740, time remaining: 8m 14s
Rendered 1224/10740, time remaining: 8m 13s
Rendered 1225/10740, time remaining: 8m 13s
Rendered 1226/10740, time remaining: 8m 13s
Rendered 1227/10740, time remaining: 8m 12s
Rendered 1228/10740, time remaining: 8m 11s
Rendered 1229/10740, time remaining: 8m 15s
Rendered 1230/10740, time remaining: 8m 16s
Rendered 1231/10740, time remaining: 8m 15s
Rendered 1232/10740, time remaining: 8m 14s
Rendered 1233/10740, time remaining: 8m 15s
Rendered 1234/10740, time remaining: 8m 15s
Rendered 1235/10740, time remaining: 8m 12s
Rendered 1236/10740, time remaining: 8m 11s
Rendered 1237/10740, time remaining: 8m 13s
Rendered 1238/10740, time remaining: 8m 14s
Rendered 1239/10740, time remaining: 8m 11s
Rendered 1240/10740, time remaining: 8m 10s
Rendered 1241/10740, time remaining: 8m 12s
Rendered 1242/10740, time remaining: 8m 12s
Rendered 1243/10740, time remaining: 8m 13s
Rendered 1244/10740, time remaining: 8m 12s
Rendered 1245/10740, time remaining: 8m 14s
Rendered 1246/10740, time remaining: 8m 15s
Rendered 1247/10740, time remaining: 8m 12s
Rendered 1248/10740, time remaining: 8m 11s
Rendered 1249/10740, time remaining: 8m 14s
Rendered 1250/10740, time remaining: 8m 14s
Rendered 1251/10740, time remaining: 8m 13s
Rendered 1252/10740, time remaining: 8m 12s
Rendered 1253/10740, time remaining: 8m 14s
Rendered 1254/10740, time remaining: 8m 15s
Rendered 1255/10740, time remaining: 8m 13s
Rendered 1256/10740, time remaining: 8m 12s
Rendered 1257/10740, time remaining: 8m 15s
Rendered 1258/10740, time remaining: 8m 15s
Rendered 1259/10740, time remaining: 8m 15s
Rendered 1260/10740, time remaining: 8m 15s
Rendered 1261/10740, time remaining: 8m 16s
Rendered 1262/10740, time remaining: 8m 15s
Rendered 1263/10740, time remaining: 8m 14s
Rendered 1264/10740, time remaining: 8m 15s
Rendered 1265/10740, time remaining: 8m 17s
Rendered 1266/10740, time remaining: 8m 14s
Rendered 1267/10740, time remaining: 8m 14s
Rendered 1268/10740, time remaining: 8m 14s
Rendered 1269/10740, time remaining: 8m 15s
Rendered 1270/10740, time remaining: 8m 14s
Rendered 1271/10740, time remaining: 8m 13s
Rendered 1272/10740, time remaining: 8m 13s
Rendered 1273/10740, time remaining: 8m 17s
Rendered 1274/10740, time remaining: 8m 15s
Rendered 1275/10740, time remaining: 8m 14s
Rendered 1276/10740, time remaining: 8m 14s
Rendered 1277/10740, time remaining: 8m 15s
Rendered 1278/10740, time remaining: 8m 13s
Rendered 1279/10740, time remaining: 8m 13s
Rendered 1280/10740, time remaining: 8m 13s
Rendered 1281/10740, time remaining: 8m 15s
Rendered 1282/10740, time remaining: 8m 14s
Rendered 1283/10740, time remaining: 8m 14s
Rendered 1284/10740, time remaining: 8m 14s
Rendered 1285/10740, time remaining: 8m 15s
Rendered 1286/10740, time remaining: 8m 15s
Rendered 1287/10740, time remaining: 8m 15s
Rendered 1288/10740, time remaining: 8m 15s
Rendered 1289/10740, time remaining: 8m 16s
Rendered 1290/10740, time remaining: 8m 13s
Rendered 1291/10740, time remaining: 8m 13s
Rendered 1292/10740, time remaining: 8m 14s
Rendered 1293/10740, time remaining: 8m 15s
Rendered 1294/10740, time remaining: 8m 14s
Rendered 1295/10740, time remaining: 8m 13s
Rendered 1296/10740, time remaining: 8m 13s
Rendered 1297/10740, time remaining: 8m 16s
Rendered 1298/10740, time remaining: 8m 15s
Rendered 1299/10740, time remaining: 8m 14s
Rendered 1300/10740, time remaining: 8m 14s
Rendered 1301/10740, time remaining: 8m 16s
Rendered 1302/10740, time remaining: 8m 14s
Rendered 1303/10740, time remaining: 8m 14s
Rendered 1304/10740, time remaining: 8m 14s
Rendered 1305/10740, time remaining: 8m 14s
Rendered 1306/10740, time remaining: 8m 11s
Rendered 1307/10740, time remaining: 8m 11s
Rendered 1308/10740, time remaining: 8m 12s
Rendered 1309/10740, time remaining: 8m 14s
Rendered 1310/10740, time remaining: 8m 11s
Rendered 1311/10740, time remaining: 8m 12s
Rendered 1312/10740, time remaining: 8m 11s
Rendered 1313/10740, time remaining: 8m 12s
Rendered 1314/10740, time remaining: 8m 11s
Rendered 1315/10740, time remaining: 8m 11s
Rendered 1316/10740, time remaining: 8m 11s
Rendered 1317/10740, time remaining: 8m 12s
Rendered 1318/10740, time remaining: 8m 9s
Rendered 1319/10740, time remaining: 8m 9s
Rendered 1320/10740, time remaining: 8m 8s
Rendered 1321/10740, time remaining: 8m 10s
Rendered 1322/10740, time remaining: 8m 9s
Rendered 1323/10740, time remaining: 8m 9s
Rendered 1324/10740, time remaining: 8m 8s
Rendered 1325/10740, time remaining: 8m 9s
Rendered 1326/10740, time remaining: 8m 8s
Rendered 1327/10740, time remaining: 8m 9s
Rendered 1328/10740, time remaining: 8m 6s
Rendered 1329/10740, time remaining: 8m 9s
Rendered 1330/10740, time remaining: 8m 9s
Rendered 1331/10740, time remaining: 8m 8s
Rendered 1332/10740, time remaining: 8m 7s
Rendered 1333/10740, time remaining: 8m 10s
Rendered 1334/10740, time remaining: 8m 10s
Rendered 1335/10740, time remaining: 8m 11s
Rendered 1336/10740, time remaining: 8m 9s
Rendered 1337/10740, time remaining: 8m 10s
Rendered 1338/10740, time remaining: 8m 11s
Rendered 1339/10740, time remaining: 8m 9s
Rendered 1340/10740, time remaining: 8m 10s
Rendered 1341/10740, time remaining: 8m 11s
Rendered 1342/10740, time remaining: 8m 9s
Rendered 1343/10740, time remaining: 8m 9s
Rendered 1344/10740, time remaining: 8m 8s
Rendered 1345/10740, time remaining: 8m 10s
Rendered 1346/10740, time remaining: 8m 9s
Rendered 1347/10740, time remaining: 8m 8s
Rendered 1348/10740, time remaining: 8m 7s
Rendered 1349/10740, time remaining: 8m 10s
Rendered 1350/10740, time remaining: 8m 8s
Rendered 1351/10740, time remaining: 8m 7s
Rendered 1352/10740, time remaining: 8m 6s
Rendered 1353/10740, time remaining: 8m 10s
Rendered 1354/10740, time remaining: 8m 9s
Rendered 1355/10740, time remaining: 8m 9s
Rendered 1356/10740, time remaining: 8m 7s
Rendered 1357/10740, time remaining: 8m 7s
Rendered 1358/10740, time remaining: 8m 7s
Rendered 1359/10740, time remaining: 8m 6s
Rendered 1360/10740, time remaining: 8m 5s
Rendered 1361/10740, time remaining: 8m 9s
Rendered 1362/10740, time remaining: 8m 9s
Rendered 1363/10740, time remaining: 8m 9s
Rendered 1364/10740, time remaining: 8m 8s
Rendered 1365/10740, time remaining: 8m 10s
Rendered 1366/10740, time remaining: 8m 8s
Rendered 1367/10740, time remaining: 8m 8s
Rendered 1368/10740, time remaining: 8m 6s
Rendered 1369/10740, time remaining: 8m 8s
Rendered 1370/10740, time remaining: 8m 8s
Rendered 1371/10740, time remaining: 8m 7s
Rendered 1372/10740, time remaining: 8m 6s
Rendered 1373/10740, time remaining: 8m 9s
Rendered 1374/10740, time remaining: 8m 8s
Rendered 1375/10740, time remaining: 8m 6s
Rendered 1376/10740, time remaining: 8m 6s
Rendered 1377/10740, time remaining: 8m 7s
Rendered 1378/10740, time remaining: 8m 7s
Rendered 1379/10740, time remaining: 8m 6s
Rendered 1380/10740, time remaining: 8m 6s
Rendered 1381/10740, time remaining: 8m 8s
Rendered 1382/10740, time remaining: 8m 6s
Rendered 1383/10740, time remaining: 8m 5s
Rendered 1384/10740, time remaining: 8m 4s
Rendered 1385/10740, time remaining: 8m 8s
Rendered 1386/10740, time remaining: 8m 8s
Rendered 1387/10740, time remaining: 8m 8s
Rendered 1388/10740, time remaining: 8m 7s
Rendered 1389/10740, time remaining: 8m 10s
Rendered 1390/10740, time remaining: 8m 9s
Rendered 1391/10740, time remaining: 8m 9s
Rendered 1392/10740, time remaining: 8m 9s
Rendered 1393/10740, time remaining: 8m 7s
Rendered 1394/10740, time remaining: 8m 6s
Rendered 1395/10740, time remaining: 8m 5s
Rendered 1396/10740, time remaining: 8m 4s
Rendered 1397/10740, time remaining: 8m 8s
Rendered 1398/10740, time remaining: 8m 6s
Rendered 1399/10740, time remaining: 8m 6s
Rendered 1400/10740, time remaining: 8m 5s
Rendered 1401/10740, time remaining: 8m 7s
Rendered 1402/10740, time remaining: 8m 6s
Rendered 1403/10740, time remaining: 8m 5s
Rendered 1404/10740, time remaining: 8m 4s
Rendered 1405/10740, time remaining: 8m 5s
Rendered 1406/10740, time remaining: 8m 6s
Rendered 1407/10740, time remaining: 8m 5s
Rendered 1408/10740, time remaining: 8m 5s
Rendered 1409/10740, time remaining: 8m 5s
Rendered 1410/10740, time remaining: 8m 2s
Rendered 1411/10740, time remaining: 8m 2s
Rendered 1412/10740, time remaining: 8m 3s
Rendered 1413/10740, time remaining: 8m 4s
Rendered 1414/10740, time remaining: 8m 1s
Rendered 1415/10740, time remaining: 8m 1s
Rendered 1416/10740, time remaining: 8m 2s
Rendered 1417/10740, time remaining: 8m 4s
Rendered 1418/10740, time remaining: 8m 1s
Rendered 1419/10740, time remaining: 8m 1s
Rendered 1420/10740, time remaining: 8m 2s
Rendered 1421/10740, time remaining: 8m 3s
Rendered 1422/10740, time remaining: 8m 2s
Rendered 1423/10740, time remaining: 8m 1s
Rendered 1424/10740, time remaining: 8m 4s
Rendered 1425/10740, time remaining: 8m 5s
Rendered 1426/10740, time remaining: 8m 1s
Rendered 1427/10740, time remaining: 8m 0s
Rendered 1428/10740, time remaining: 8m 2s
Rendered 1429/10740, time remaining: 8m 2s
Rendered 1430/10740, time remaining: 8m 2s
Rendered 1431/10740, time remaining: 8m 1s
Rendered 1432/10740, time remaining: 8m 3s
Rendered 1433/10740, time remaining: 8m 3s
Rendered 1434/10740, time remaining: 8m 0s
Rendered 1435/10740, time remaining: 8m 2s
Rendered 1436/10740, time remaining: 8m 1s
Rendered 1437/10740, time remaining: 8m 1s
Rendered 1438/10740, time remaining: 8m 0s
Rendered 1439/10740, time remaining: 7m 59s
Rendered 1440/10740, time remaining: 8m 2s
Rendered 1441/10740, time remaining: 8m 3s
Rendered 1442/10740, time remaining: 8m 0s
Rendered 1443/10740, time remaining: 8m 0s
Rendered 1444/10740, time remaining: 8m 1s
Rendered 1445/10740, time remaining: 8m 1s
Rendered 1446/10740, time remaining: 8m 0s
Rendered 1447/10740, time remaining: 7m 59s
Rendered 1448/10740, time remaining: 8m 0s
Rendered 1449/10740, time remaining: 8m 0s
Rendered 1450/10740, time remaining: 7m 58s
Rendered 1451/10740, time remaining: 7m 57s
Rendered 1452/10740, time remaining: 7m 59s
Rendered 1453/10740, time remaining: 8m 0s
Rendered 1454/10740, time remaining: 7m 58s
Rendered 1455/10740, time remaining: 7m 58s
Rendered 1456/10740, time remaining: 8m 0s
Rendered 1457/10740, time remaining: 8m 1s
Rendered 1458/10740, time remaining: 8m 0s
Rendered 1459/10740, time remaining: 7m 59s
Rendered 1460/10740, time remaining: 8m 1s
Rendered 1461/10740, time remaining: 8m 1s
Rendered 1462/10740, time remaining: 8m 1s
Rendered 1463/10740, time remaining: 8m 0s
Rendered 1464/10740, time remaining: 8m 2s
Rendered 1465/10740, time remaining: 8m 3s
Rendered 1466/10740, time remaining: 8m 0s
Rendered 1467/10740, time remaining: 8m 0s
Rendered 1468/10740, time remaining: 8m 2s
Rendered 1469/10740, time remaining: 8m 2s
Rendered 1470/10740, time remaining: 8m 2s
Rendered 1471/10740, time remaining: 8m 1s
Rendered 1472/10740, time remaining: 8m 2s
Rendered 1473/10740, time remaining: 8m 3s
Rendered 1474/10740, time remaining: 8m 1s
Rendered 1475/10740, time remaining: 8m 2s
Rendered 1476/10740, time remaining: 8m 2s
Rendered 1477/10740, time remaining: 8m 2s
Rendered 1478/10740, time remaining: 8m 1s
Rendered 1479/10740, time remaining: 8m 1s
Rendered 1480/10740, time remaining: 8m 2s
Rendered 1481/10740, time remaining: 8m 2s
Rendered 1482/10740, time remaining: 8m 0s
Rendered 1483/10740, time remaining: 8m 1s
Rendered 1484/10740, time remaining: 8m 1s
Rendered 1485/10740, time remaining: 8m 1s
Rendered 1486/10740, time remaining: 8m 1s
Rendered 1487/10740, time remaining: 8m 1s
Rendered 1488/10740, time remaining: 8m 1s
Rendered 1489/10740, time remaining: 8m 2s
Rendered 1490/10740, time remaining: 7m 58s
Rendered 1491/10740, time remaining: 7m 59s
Rendered 1492/10740, time remaining: 8m 2s
Rendered 1493/10740, time remaining: 8m 2s
Rendered 1494/10740, time remaining: 8m 1s
Rendered 1495/10740, time remaining: 8m 0s
Rendered 1496/10740, time remaining: 8m 1s
Rendered 1497/10740, time remaining: 8m 1s
Rendered 1498/10740, time remaining: 7m 59s
Rendered 1499/10740, time remaining: 7m 58s
Rendered 1500/10740, time remaining: 8m 0s
Rendered 1501/10740, time remaining: 8m 1s
Rendered 1502/10740, time remaining: 8m 0s
Rendered 1503/10740, time remaining: 7m 59s
Rendered 1504/10740, time remaining: 8m 0s
Rendered 1505/10740, time remaining: 8m 0s
Rendered 1506/10740, time remaining: 7m 59s
Rendered 1507/10740, time remaining: 8m 0s
Rendered 1508/10740, time remaining: 8m 0s
Rendered 1509/10740, time remaining: 8m 0s
Rendered 1510/10740, time remaining: 8m 1s
Rendered 1511/10740, time remaining: 7m 59s
Rendered 1512/10740, time remaining: 8m 0s
Rendered 1513/10740, time remaining: 8m 1s
Rendered 1514/10740, time remaining: 7m 58s
Rendered 1515/10740, time remaining: 7m 57s
Rendered 1516/10740, time remaining: 7m 59s
Rendered 1517/10740, time remaining: 7m 59s
Rendered 1518/10740, time remaining: 7m 59s
Rendered 1519/10740, time remaining: 7m 58s
Rendered 1520/10740, time remaining: 7m 59s
Rendered 1521/10740, time remaining: 8m 0s
Rendered 1522/10740, time remaining: 7m 58s
Rendered 1523/10740, time remaining: 7m 57s
Rendered 1524/10740, time remaining: 7m 59s
Rendered 1525/10740, time remaining: 7m 59s
Rendered 1526/10740, time remaining: 7m 59s
Rendered 1527/10740, time remaining: 7m 58s
Rendered 1528/10740, time remaining: 7m 59s
Rendered 1529/10740, time remaining: 7m 59s
Rendered 1530/10740, time remaining: 7m 56s
Rendered 1531/10740, time remaining: 7m 56s
Rendered 1532/10740, time remaining: 7m 58s
Rendered 1533/10740, time remaining: 7m 59s
Rendered 1534/10740, time remaining: 7m 57s
Rendered 1535/10740, time remaining: 7m 57s
Rendered 1536/10740, time remaining: 7m 57s
Rendered 1537/10740, time remaining: 7m 58s
Rendered 1538/10740, time remaining: 7m 58s
Rendered 1539/10740, time remaining: 7m 56s
Rendered 1540/10740, time remaining: 7m 58s
Rendered 1541/10740, time remaining: 7m 59s
Rendered 1542/10740, time remaining: 7m 55s
Rendered 1543/10740, time remaining: 7m 56s
Rendered 1544/10740, time remaining: 7m 57s
Rendered 1545/10740, time remaining: 7m 57s
Rendered 1546/10740, time remaining: 7m 56s
Rendered 1547/10740, time remaining: 7m 55s
Rendered 1548/10740, time remaining: 7m 57s
Rendered 1549/10740, time remaining: 7m 57s
Rendered 1550/10740, time remaining: 7m 55s
Rendered 1551/10740, time remaining: 7m 55s
Rendered 1552/10740, time remaining: 7m 56s
Rendered 1553/10740, time remaining: 7m 57s
Rendered 1554/10740, time remaining: 7m 56s
Rendered 1555/10740, time remaining: 7m 56s
Rendered 1556/10740, time remaining: 7m 56s
Rendered 1557/10740, time remaining: 7m 57s
Rendered 1558/10740, time remaining: 7m 53s
Rendered 1559/10740, time remaining: 7m 54s
Rendered 1560/10740, time remaining: 7m 55s
Rendered 1561/10740, time remaining: 7m 56s
Rendered 1562/10740, time remaining: 7m 54s
Rendered 1563/10740, time remaining: 7m 53s
Rendered 1564/10740, time remaining: 7m 56s
Rendered 1565/10740, time remaining: 7m 56s
Rendered 1566/10740, time remaining: 7m 54s
Rendered 1567/10740, time remaining: 7m 54s
Rendered 1568/10740, time remaining: 7m 55s
Rendered 1569/10740, time remaining: 7m 55s
Rendered 1570/10740, time remaining: 7m 54s
Rendered 1571/10740, time remaining: 7m 54s
Rendered 1572/10740, time remaining: 7m 54s
Rendered 1573/10740, time remaining: 7m 55s
Rendered 1574/10740, time remaining: 7m 52s
Rendered 1575/10740, time remaining: 7m 52s
Rendered 1576/10740, time remaining: 7m 55s
Rendered 1577/10740, time remaining: 7m 56s
Rendered 1578/10740, time remaining: 7m 55s
Rendered 1579/10740, time remaining: 7m 53s
Rendered 1580/10740, time remaining: 7m 55s
Rendered 1581/10740, time remaining: 7m 55s
Rendered 1582/10740, time remaining: 7m 53s
Rendered 1583/10740, time remaining: 7m 53s
Rendered 1584/10740, time remaining: 7m 55s
Rendered 1585/10740, time remaining: 7m 54s
Rendered 1586/10740, time remaining: 7m 53s
Rendered 1587/10740, time remaining: 7m 53s
Rendered 1588/10740, time remaining: 7m 54s
Rendered 1589/10740, time remaining: 7m 54s
Rendered 1590/10740, time remaining: 7m 53s
Rendered 1591/10740, time remaining: 7m 52s
Rendered 1592/10740, time remaining: 7m 55s
Rendered 1593/10740, time remaining: 7m 54s
Rendered 1594/10740, time remaining: 7m 53s
Rendered 1595/10740, time remaining: 7m 53s
Rendered 1596/10740, time remaining: 7m 54s
Rendered 1597/10740, time remaining: 7m 54s
Rendered 1598/10740, time remaining: 7m 52s
Rendered 1599/10740, time remaining: 7m 52s
Rendered 1600/10740, time remaining: 7m 55s
Rendered 1601/10740, time remaining: 7m 54s
Rendered 1602/10740, time remaining: 7m 54s
Rendered 1603/10740, time remaining: 7m 52s
Rendered 1604/10740, time remaining: 7m 55s
Rendered 1605/10740, time remaining: 7m 55s
Rendered 1606/10740, time remaining: 7m 53s
Rendered 1607/10740, time remaining: 7m 53s
Rendered 1608/10740, time remaining: 7m 53s
Rendered 1609/10740, time remaining: 7m 54s
Rendered 1610/10740, time remaining: 7m 53s
Rendered 1611/10740, time remaining: 7m 52s
Rendered 1612/10740, time remaining: 7m 53s
Rendered 1613/10740, time remaining: 7m 54s
Rendered 1614/10740, time remaining: 7m 51s
Rendered 1615/10740, time remaining: 7m 51s
Rendered 1616/10740, time remaining: 7m 53s
Rendered 1617/10740, time remaining: 7m 52s
Rendered 1618/10740, time remaining: 7m 53s
Rendered 1619/10740, time remaining: 7m 52s
Rendered 1620/10740, time remaining: 7m 54s
Rendered 1621/10740, time remaining: 7m 54s
Rendered 1622/10740, time remaining: 7m 51s
Rendered 1623/10740, time remaining: 7m 51s
Rendered 1624/10740, time remaining: 7m 53s
Rendered 1625/10740, time remaining: 7m 52s
Rendered 1626/10740, time remaining: 7m 51s
Rendered 1627/10740, time remaining: 7m 50s
Rendered 1628/10740, time remaining: 7m 53s
Rendered 1629/10740, time remaining: 7m 53s
Rendered 1630/10740, time remaining: 7m 49s
Rendered 1631/10740, time remaining: 7m 50s
Rendered 1632/10740, time remaining: 7m 52s
Rendered 1633/10740, time remaining: 7m 52s
Rendered 1634/10740, time remaining: 7m 51s
Rendered 1635/10740, time remaining: 7m 51s
Rendered 1636/10740, time remaining: 7m 51s
Rendered 1637/10740, time remaining: 7m 52s
Rendered 1638/10740, time remaining: 7m 51s
Rendered 1639/10740, time remaining: 7m 49s
Rendered 1640/10740, time remaining: 7m 53s
Rendered 1641/10740, time remaining: 7m 52s
Rendered 1642/10740, time remaining: 7m 50s
Rendered 1643/10740, time remaining: 7m 50s
Rendered 1644/10740, time remaining: 7m 52s
Rendered 1645/10740, time remaining: 7m 52s
Rendered 1646/10740, time remaining: 7m 49s
Rendered 1647/10740, time remaining: 7m 50s
Rendered 1648/10740, time remaining: 7m 52s
Rendered 1649/10740, time remaining: 7m 52s
Rendered 1650/10740, time remaining: 7m 51s
Rendered 1651/10740, time remaining: 7m 50s
Rendered 1652/10740, time remaining: 7m 52s
Rendered 1653/10740, time remaining: 7m 53s
Rendered 1654/10740, time remaining: 7m 50s
Rendered 1655/10740, time remaining: 7m 51s
Rendered 1656/10740, time remaining: 7m 52s
Rendered 1657/10740, time remaining: 7m 51s
Rendered 1658/10740, time remaining: 7m 52s
Rendered 1659/10740, time remaining: 7m 51s
Rendered 1660/10740, time remaining: 7m 52s
Rendered 1661/10740, time remaining: 7m 52s
Rendered 1662/10740, time remaining: 7m 48s
Rendered 1663/10740, time remaining: 7m 48s
Rendered 1664/10740, time remaining: 7m 51s
Rendered 1665/10740, time remaining: 7m 51s
Rendered 1666/10740, time remaining: 7m 49s
Rendered 1667/10740, time remaining: 7m 50s
Rendered 1668/10740, time remaining: 7m 50s
Rendered 1669/10740, time remaining: 7m 52s
Rendered 1670/10740, time remaining: 7m 49s
Rendered 1671/10740, time remaining: 7m 48s
Rendered 1672/10740, time remaining: 7m 51s
Rendered 1673/10740, time remaining: 7m 50s
Rendered 1674/10740, time remaining: 7m 49s
Rendered 1675/10740, time remaining: 7m 50s
Rendered 1676/10740, time remaining: 7m 50s
Rendered 1677/10740, time remaining: 7m 50s
Rendered 1678/10740, time remaining: 7m 50s
Rendered 1679/10740, time remaining: 7m 49s
Rendered 1680/10740, time remaining: 7m 53s
Rendered 1681/10740, time remaining: 7m 51s
Rendered 1682/10740, time remaining: 7m 48s
Rendered 1683/10740, time remaining: 7m 48s
Rendered 1684/10740, time remaining: 7m 50s
Rendered 1685/10740, time remaining: 7m 50s
Rendered 1686/10740, time remaining: 7m 48s
Rendered 1687/10740, time remaining: 7m 49s
Rendered 1688/10740, time remaining: 7m 48s
Rendered 1689/10740, time remaining: 7m 49s
Rendered 1690/10740, time remaining: 7m 47s
Rendered 1691/10740, time remaining: 7m 46s
Rendered 1692/10740, time remaining: 7m 50s
Rendered 1693/10740, time remaining: 7m 49s
Rendered 1694/10740, time remaining: 7m 48s
Rendered 1695/10740, time remaining: 7m 49s
Rendered 1696/10740, time remaining: 7m 49s
Rendered 1697/10740, time remaining: 7m 50s
Rendered 1698/10740, time remaining: 7m 48s
Rendered 1699/10740, time remaining: 7m 48s
Rendered 1700/10740, time remaining: 7m 50s
Rendered 1701/10740, time remaining: 7m 49s
Rendered 1702/10740, time remaining: 7m 48s
Rendered 1703/10740, time remaining: 7m 48s
Rendered 1704/10740, time remaining: 7m 49s
Rendered 1705/10740, time remaining: 7m 50s
Rendered 1706/10740, time remaining: 7m 48s
Rendered 1707/10740, time remaining: 7m 47s
Rendered 1708/10740, time remaining: 7m 51s
Rendered 1709/10740, time remaining: 7m 50s
Rendered 1710/10740, time remaining: 7m 49s
Rendered 1711/10740, time remaining: 7m 48s
Rendered 1712/10740, time remaining: 7m 50s
Rendered 1713/10740, time remaining: 7m 51s
Rendered 1714/10740, time remaining: 7m 48s
Rendered 1715/10740, time remaining: 7m 48s
Rendered 1716/10740, time remaining: 7m 50s
Rendered 1717/10740, time remaining: 7m 50s
Rendered 1718/10740, time remaining: 7m 50s
Rendered 1719/10740, time remaining: 7m 49s
Rendered 1720/10740, time remaining: 7m 51s
Rendered 1721/10740, time remaining: 7m 50s
Rendered 1722/10740, time remaining: 7m 50s
Rendered 1723/10740, time remaining: 7m 50s
Rendered 1724/10740, time remaining: 7m 52s
Rendered 1725/10740, time remaining: 7m 51s
Rendered 1726/10740, time remaining: 7m 51s
Rendered 1727/10740, time remaining: 7m 52s
Rendered 1728/10740, time remaining: 7m 52s
Rendered 1729/10740, time remaining: 7m 51s
Rendered 1730/10740, time remaining: 7m 50s
Rendered 1731/10740, time remaining: 7m 50s
Rendered 1732/10740, time remaining: 7m 53s
Rendered 1733/10740, time remaining: 7m 51s
Rendered 1734/10740, time remaining: 7m 51s
Rendered 1735/10740, time remaining: 7m 50s
Rendered 1736/10740, time remaining: 7m 51s
Rendered 1737/10740, time remaining: 7m 51s
Rendered 1738/10740, time remaining: 7m 50s
Rendered 1739/10740, time remaining: 7m 50s
Rendered 1740/10740, time remaining: 7m 51s
Rendered 1741/10740, time remaining: 7m 50s
Rendered 1742/10740, time remaining: 7m 50s
Rendered 1743/10740, time remaining: 7m 49s
Rendered 1744/10740, time remaining: 7m 51s
Rendered 1745/10740, time remaining: 7m 50s
Rendered 1746/10740, time remaining: 7m 49s
Rendered 1747/10740, time remaining: 7m 50s
Rendered 1748/10740, time remaining: 7m 51s
Rendered 1749/10740, time remaining: 7m 49s
Rendered 1750/10740, time remaining: 7m 50s
Rendered 1751/10740, time remaining: 7m 49s
Rendered 1752/10740, time remaining: 7m 50s
Rendered 1753/10740, time remaining: 7m 51s
Rendered 1754/10740, time remaining: 7m 50s
Rendered 1755/10740, time remaining: 7m 50s
Rendered 1756/10740, time remaining: 7m 52s
Rendered 1757/10740, time remaining: 7m 49s
Rendered 1758/10740, time remaining: 7m 49s
Rendered 1759/10740, time remaining: 7m 49s
Rendered 1760/10740, time remaining: 7m 50s
Rendered 1761/10740, time remaining: 7m 49s
Rendered 1762/10740, time remaining: 7m 48s
Rendered 1763/10740, time remaining: 7m 48s
Rendered 1764/10740, time remaining: 7m 51s
Rendered 1765/10740, time remaining: 7m 49s
Rendered 1766/10740, time remaining: 7m 49s
Rendered 1767/10740, time remaining: 7m 50s
Rendered 1768/10740, time remaining: 7m 49s
Rendered 1769/10740, time remaining: 7m 47s
Rendered 1770/10740, time remaining: 7m 47s
Rendered 1771/10740, time remaining: 7m 46s
Rendered 1772/10740, time remaining: 7m 50s
Rendered 1773/10740, time remaining: 7m 49s
Rendered 1774/10740, time remaining: 7m 49s
Rendered 1775/10740, time remaining: 7m 49s
Rendered 1776/10740, time remaining: 7m 50s
Rendered 1777/10740, time remaining: 7m 48s
Rendered 1778/10740, time remaining: 7m 47s
Rendered 1779/10740, time remaining: 7m 47s
Rendered 1780/10740, time remaining: 7m 50s
Rendered 1781/10740, time remaining: 7m 49s
Rendered 1782/10740, time remaining: 7m 49s
Rendered 1783/10740, time remaining: 7m 49s
Rendered 1784/10740, time remaining: 7m 51s
Rendered 1785/10740, time remaining: 7m 47s
Rendered 1786/10740, time remaining: 7m 48s
Rendered 1787/10740, time remaining: 7m 47s
Rendered 1788/10740, time remaining: 7m 47s
Rendered 1789/10740, time remaining: 7m 47s
Rendered 1790/10740, time remaining: 7m 46s
Rendered 1791/10740, time remaining: 7m 47s
Rendered 1792/10740, time remaining: 7m 47s
Rendered 1793/10740, time remaining: 7m 47s
Rendered 1794/10740, time remaining: 7m 47s
Rendered 1795/10740, time remaining: 7m 46s
Rendered 1796/10740, time remaining: 7m 48s
Rendered 1797/10740, time remaining: 7m 46s
Rendered 1798/10740, time remaining: 7m 47s
Rendered 1799/10740, time remaining: 7m 47s
Rendered 1800/10740, time remaining: 7m 48s
Rendered 1801/10740, time remaining: 7m 45s
Rendered 1802/10740, time remaining: 7m 45s
Rendered 1803/10740, time remaining: 7m 44s
Rendered 1804/10740, time remaining: 7m 48s
Rendered 1805/10740, time remaining: 7m 46s
Rendered 1806/10740, time remaining: 7m 46s
Rendered 1807/10740, time remaining: 7m 47s
Rendered 1808/10740, time remaining: 7m 47s
Rendered 1809/10740, time remaining: 7m 44s
Rendered 1810/10740, time remaining: 7m 44s
Rendered 1811/10740, time remaining: 7m 44s
Rendered 1812/10740, time remaining: 7m 47s
Rendered 1813/10740, time remaining: 7m 46s
Rendered 1814/10740, time remaining: 7m 46s
Rendered 1815/10740, time remaining: 7m 45s
Rendered 1816/10740, time remaining: 7m 47s
Rendered 1817/10740, time remaining: 7m 45s
Rendered 1818/10740, time remaining: 7m 45s
Rendered 1819/10740, time remaining: 7m 45s
Rendered 1820/10740, time remaining: 7m 46s
Rendered 1821/10740, time remaining: 7m 45s
Rendered 1822/10740, time remaining: 7m 45s
Rendered 1823/10740, time remaining: 7m 45s
Rendered 1824/10740, time remaining: 7m 47s
Rendered 1825/10740, time remaining: 7m 45s
Rendered 1826/10740, time remaining: 7m 45s
Rendered 1827/10740, time remaining: 7m 46s
Rendered 1828/10740, time remaining: 7m 46s
Rendered 1829/10740, time remaining: 7m 44s
Rendered 1830/10740, time remaining: 7m 44s
Rendered 1831/10740, time remaining: 7m 44s
Rendered 1832/10740, time remaining: 7m 46s
Rendered 1833/10740, time remaining: 7m 46s
Rendered 1834/10740, time remaining: 7m 45s
Rendered 1835/10740, time remaining: 7m 45s
Rendered 1836/10740, time remaining: 7m 47s
Rendered 1837/10740, time remaining: 7m 44s
Rendered 1838/10740, time remaining: 7m 45s
Rendered 1839/10740, time remaining: 7m 45s
Rendered 1840/10740, time remaining: 7m 46s
Rendered 1841/10740, time remaining: 7m 45s
Rendered 1842/10740, time remaining: 7m 44s
Rendered 1843/10740, time remaining: 7m 45s
Rendered 1844/10740, time remaining: 7m 46s
Rendered 1845/10740, time remaining: 7m 43s
Rendered 1846/10740, time remaining: 7m 44s
Rendered 1847/10740, time remaining: 7m 44s
Rendered 1848/10740, time remaining: 7m 46s
Rendered 1849/10740, time remaining: 7m 44s
Rendered 1850/10740, time remaining: 7m 45s
Rendered 1851/10740, time remaining: 7m 44s
Rendered 1852/10740, time remaining: 7m 45s
Rendered 1853/10740, time remaining: 7m 45s
Rendered 1854/10740, time remaining: 7m 44s
Rendered 1855/10740, time remaining: 7m 44s
Rendered 1856/10740, time remaining: 7m 45s
Rendered 1857/10740, time remaining: 7m 42s
Rendered 1858/10740, time remaining: 7m 42s
Rendered 1859/10740, time remaining: 7m 42s
Rendered 1860/10740, time remaining: 7m 44s
Rendered 1861/10740, time remaining: 7m 44s
Rendered 1862/10740, time remaining: 7m 43s
Rendered 1863/10740, time remaining: 7m 43s
Rendered 1864/10740, time remaining: 7m 45s
Rendered 1865/10740, time remaining: 7m 43s
Rendered 1866/10740, time remaining: 7m 43s
Rendered 1867/10740, time remaining: 7m 42s
Rendered 1868/10740, time remaining: 7m 43s
Rendered 1869/10740, time remaining: 7m 43s
Rendered 1870/10740, time remaining: 7m 42s
Rendered 1871/10740, time remaining: 7m 43s
Rendered 1872/10740, time remaining: 7m 42s
Rendered 1873/10740, time remaining: 7m 41s
Rendered 1874/10740, time remaining: 7m 39s
Rendered 1875/10740, time remaining: 7m 40s
Rendered 1876/10740, time remaining: 7m 41s
Rendered 1877/10740, time remaining: 7m 38s
Rendered 1878/10740, time remaining: 7m 38s
Rendered 1879/10740, time remaining: 7m 39s
Rendered 1880/10740, time remaining: 7m 39s
Rendered 1881/10740, time remaining: 7m 38s
Rendered 1882/10740, time remaining: 7m 37s
Rendered 1883/10740, time remaining: 7m 38s
Rendered 1884/10740, time remaining: 7m 39s
Rendered 1885/10740, time remaining: 7m 39s
Rendered 1886/10740, time remaining: 7m 39s
Rendered 1887/10740, time remaining: 7m 39s
Rendered 1888/10740, time remaining: 7m 39s
Rendered 1889/10740, time remaining: 7m 39s
Rendered 1890/10740, time remaining: 7m 38s
Rendered 1891/10740, time remaining: 7m 41s
Rendered 1892/10740, time remaining: 7m 41s
Rendered 1893/10740, time remaining: 7m 38s
Rendered 1894/10740, time remaining: 7m 38s
Rendered 1895/10740, time remaining: 7m 39s
Rendered 1896/10740, time remaining: 7m 39s
Rendered 1897/10740, time remaining: 7m 37s
Rendered 1898/10740, time remaining: 7m 38s
Rendered 1899/10740, time remaining: 7m 39s
Rendered 1900/10740, time remaining: 7m 38s
Rendered 1901/10740, time remaining: 7m 37s
Rendered 1902/10740, time remaining: 7m 37s
Rendered 1903/10740, time remaining: 7m 36s
Rendered 1904/10740, time remaining: 7m 37s
Rendered 1905/10740, time remaining: 7m 37s
Rendered 1906/10740, time remaining: 7m 36s
Rendered 1907/10740, time remaining: 7m 39s
Rendered 1908/10740, time remaining: 7m 39s
Rendered 1909/10740, time remaining: 7m 37s
Rendered 1910/10740, time remaining: 7m 36s
Rendered 1911/10740, time remaining: 7m 37s
Rendered 1912/10740, time remaining: 7m 38s
Rendered 1913/10740, time remaining: 7m 35s
Rendered 1914/10740, time remaining: 7m 35s
Rendered 1915/10740, time remaining: 7m 35s
Rendered 1916/10740, time remaining: 7m 35s
Rendered 1917/10740, time remaining: 7m 34s
Rendered 1918/10740, time remaining: 7m 32s
Rendered 1919/10740, time remaining: 7m 34s
Rendered 1920/10740, time remaining: 7m 33s
Rendered 1921/10740, time remaining: 7m 35s
Rendered 1922/10740, time remaining: 7m 34s
Rendered 1923/10740, time remaining: 7m 34s
Rendered 1924/10740, time remaining: 7m 35s
Rendered 1925/10740, time remaining: 7m 34s
Rendered 1926/10740, time remaining: 7m 31s
Rendered 1927/10740, time remaining: 7m 34s
Rendered 1928/10740, time remaining: 7m 33s
Rendered 1929/10740, time remaining: 7m 34s
Rendered 1930/10740, time remaining: 7m 32s
Rendered 1931/10740, time remaining: 7m 33s
Rendered 1932/10740, time remaining: 7m 33s
Rendered 1933/10740, time remaining: 7m 33s
Rendered 1934/10740, time remaining: 7m 32s
Rendered 1935/10740, time remaining: 7m 34s
Rendered 1936/10740, time remaining: 7m 34s
Rendered 1937/10740, time remaining: 7m 34s
Rendered 1938/10740, time remaining: 7m 32s
Rendered 1939/10740, time remaining: 7m 32s
Rendered 1940/10740, time remaining: 7m 32s
Rendered 1941/10740, time remaining: 7m 32s
Rendered 1942/10740, time remaining: 7m 32s
Rendered 1943/10740, time remaining: 7m 33s
Rendered 1944/10740, time remaining: 7m 32s
Rendered 1945/10740, time remaining: 7m 33s
Rendered 1946/10740, time remaining: 7m 33s
Rendered 1947/10740, time remaining: 7m 33s
Rendered 1948/10740, time remaining: 7m 34s
Rendered 1949/10740, time remaining: 7m 34s
Rendered 1950/10740, time remaining: 7m 31s
Rendered 1951/10740, time remaining: 7m 33s
Rendered 1952/10740, time remaining: 7m 33s
Rendered 1953/10740, time remaining: 7m 34s
Rendered 1954/10740, time remaining: 7m 30s
Rendered 1955/10740, time remaining: 7m 31s
Rendered 1956/10740, time remaining: 7m 31s
Rendered 1957/10740, time remaining: 7m 32s
Rendered 1958/10740, time remaining: 7m 32s
Rendered 1959/10740, time remaining: 7m 34s
Rendered 1960/10740, time remaining: 7m 34s
Rendered 1961/10740, time remaining: 7m 35s
Rendered 1962/10740, time remaining: 7m 31s
Rendered 1963/10740, time remaining: 7m 33s
Rendered 1964/10740, time remaining: 7m 32s
Rendered 1965/10740, time remaining: 7m 33s
Rendered 1966/10740, time remaining: 7m 31s
Rendered 1967/10740, time remaining: 7m 32s
Rendered 1968/10740, time remaining: 7m 33s
Rendered 1969/10740, time remaining: 7m 33s
Rendered 1970/10740, time remaining: 7m 30s
Rendered 1971/10740, time remaining: 7m 32s
Rendered 1972/10740, time remaining: 7m 32s
Rendered 1973/10740, time remaining: 7m 32s
Rendered 1974/10740, time remaining: 7m 29s
Rendered 1975/10740, time remaining: 7m 31s
Rendered 1976/10740, time remaining: 7m 30s
Rendered 1977/10740, time remaining: 7m 31s
Rendered 1978/10740, time remaining: 7m 30s
Rendered 1979/10740, time remaining: 7m 31s
Rendered 1980/10740, time remaining: 7m 31s
Rendered 1981/10740, time remaining: 7m 32s
Rendered 1982/10740, time remaining: 7m 29s
Rendered 1983/10740, time remaining: 7m 31s
Rendered 1984/10740, time remaining: 7m 31s
Rendered 1985/10740, time remaining: 7m 31s
Rendered 1986/10740, time remaining: 7m 28s
Rendered 1987/10740, time remaining: 7m 32s
Rendered 1988/10740, time remaining: 7m 31s
Rendered 1989/10740, time remaining: 7m 35s
Rendered 1990/10740, time remaining: 7m 35s
Rendered 1991/10740, time remaining: 7m 36s
Rendered 1992/10740, time remaining: 7m 36s
Rendered 1993/10740, time remaining: 7m 35s
Rendered 1994/10740, time remaining: 7m 36s
Rendered 1995/10740, time remaining: 7m 37s
Rendered 1996/10740, time remaining: 7m 38s
Rendered 1997/10740, time remaining: 7m 37s
Rendered 1998/10740, time remaining: 7m 36s
Rendered 1999/10740, time remaining: 7m 38s
Rendered 2000/10740, time remaining: 7m 34s
Rendered 2001/10740, time remaining: 7m 34s
Rendered 2002/10740, time remaining: 7m 33s
Rendered 2003/10740, time remaining: 7m 34s
Rendered 2004/10740, time remaining: 7m 35s
Rendered 2005/10740, time remaining: 7m 31s
Rendered 2006/10740, time remaining: 7m 32s
Rendered 2007/10740, time remaining: 7m 34s
Rendered 2008/10740, time remaining: 7m 34s
Rendered 2009/10740, time remaining: 7m 33s
Rendered 2010/10740, time remaining: 7m 31s
Rendered 2011/10740, time remaining: 7m 32s
Rendered 2012/10740, time remaining: 7m 32s
Rendered 2013/10740, time remaining: 7m 30s
Rendered 2014/10740, time remaining: 7m 30s
Rendered 2015/10740, time remaining: 7m 31s
Rendered 2016/10740, time remaining: 7m 31s
Rendered 2017/10740, time remaining: 7m 32s
Rendered 2018/10740, time remaining: 7m 31s
Rendered 2019/10740, time remaining: 7m 32s
Rendered 2020/10740, time remaining: 7m 32s
Rendered 2021/10740, time remaining: 7m 30s
Rendered 2022/10740, time remaining: 7m 30s
Rendered 2023/10740, time remaining: 7m 32s
Rendered 2024/10740, time remaining: 7m 33s
Rendered 2025/10740, time remaining: 7m 30s
Rendered 2026/10740, time remaining: 7m 29s
Rendered 2027/10740, time remaining: 7m 31s
Rendered 2028/10740, time remaining: 7m 32s
Rendered 2029/10740, time remaining: 7m 32s
Rendered 2030/10740, time remaining: 7m 32s
Rendered 2031/10740, time remaining: 7m 32s
Rendered 2032/10740, time remaining: 7m 32s
Rendered 2033/10740, time remaining: 7m 30s
Rendered 2034/10740, time remaining: 7m 30s
Rendered 2035/10740, time remaining: 7m 30s
Rendered 2036/10740, time remaining: 7m 32s
Rendered 2037/10740, time remaining: 7m 31s
Rendered 2038/10740, time remaining: 7m 31s
Rendered 2039/10740, time remaining: 7m 31s
Rendered 2040/10740, time remaining: 7m 32s
Rendered 2041/10740, time remaining: 7m 29s
Rendered 2042/10740, time remaining: 7m 29s
Rendered 2043/10740, time remaining: 7m 31s
Rendered 2044/10740, time remaining: 7m 32s
Rendered 2045/10740, time remaining: 7m 29s
Rendered 2046/10740, time remaining: 7m 29s
Rendered 2047/10740, time remaining: 7m 31s
Rendered 2048/10740, time remaining: 7m 32s
Rendered 2049/10740, time remaining: 7m 29s
Rendered 2050/10740, time remaining: 7m 30s
Rendered 2051/10740, time remaining: 7m 31s
Rendered 2052/10740, time remaining: 7m 32s
Rendered 2053/10740, time remaining: 7m 31s
Rendered 2054/10740, time remaining: 7m 30s
Rendered 2055/10740, time remaining: 7m 30s
Rendered 2056/10740, time remaining: 7m 31s
Rendered 2057/10740, time remaining: 7m 27s
Rendered 2058/10740, time remaining: 7m 28s
Rendered 2059/10740, time remaining: 7m 30s
Rendered 2060/10740, time remaining: 7m 31s
Rendered 2061/10740, time remaining: 7m 30s
Rendered 2062/10740, time remaining: 7m 29s
Rendered 2063/10740, time remaining: 7m 31s
Rendered 2064/10740, time remaining: 7m 31s
Rendered 2065/10740, time remaining: 7m 30s
Rendered 2066/10740, time remaining: 7m 31s
Rendered 2067/10740, time remaining: 7m 31s
Rendered 2068/10740, time remaining: 7m 34s
Rendered 2069/10740, time remaining: 7m 33s
Rendered 2070/10740, time remaining: 7m 33s
Rendered 2071/10740, time remaining: 7m 32s
Rendered 2072/10740, time remaining: 7m 31s
Rendered 2073/10740, time remaining: 7m 30s
Rendered 2074/10740, time remaining: 7m 30s
Rendered 2075/10740, time remaining: 7m 30s
Rendered 2076/10740, time remaining: 7m 33s
Rendered 2077/10740, time remaining: 7m 32s
Rendered 2078/10740, time remaining: 7m 32s
Rendered 2079/10740, time remaining: 7m 32s
Rendered 2080/10740, time remaining: 7m 38s
Rendered 2081/10740, time remaining: 7m 37s
Rendered 2082/10740, time remaining: 7m 37s
Rendered 2083/10740, time remaining: 7m 36s
Rendered 2084/10740, time remaining: 7m 36s
Rendered 2085/10740, time remaining: 7m 37s
Rendered 2086/10740, time remaining: 7m 37s
Rendered 2087/10740, time remaining: 7m 34s
Rendered 2088/10740, time remaining: 7m 37s
Rendered 2089/10740, time remaining: 7m 37s
Rendered 2090/10740, time remaining: 7m 38s
Rendered 2091/10740, time remaining: 7m 36s
Rendered 2092/10740, time remaining: 7m 36s
Rendered 2093/10740, time remaining: 7m 37s
Rendered 2094/10740, time remaining: 7m 37s
Rendered 2095/10740, time remaining: 7m 37s
Rendered 2096/10740, time remaining: 7m 37s
Rendered 2097/10740, time remaining: 7m 38s
Rendered 2098/10740, time remaining: 7m 37s
Rendered 2099/10740, time remaining: 7m 33s
Rendered 2100/10740, time remaining: 7m 37s
Rendered 2101/10740, time remaining: 7m 37s
Rendered 2102/10740, time remaining: 7m 36s
Rendered 2103/10740, time remaining: 7m 35s
Rendered 2104/10740, time remaining: 7m 37s
Rendered 2105/10740, time remaining: 7m 37s
Rendered 2106/10740, time remaining: 7m 38s
Rendered 2107/10740, time remaining: 7m 34s
Rendered 2108/10740, time remaining: 7m 34s
Rendered 2109/10740, time remaining: 7m 34s
Rendered 2110/10740, time remaining: 7m 34s
Rendered 2111/10740, time remaining: 7m 32s
Rendered 2112/10740, time remaining: 7m 36s
Rendered 2113/10740, time remaining: 7m 35s
Rendered 2114/10740, time remaining: 7m 35s
Rendered 2115/10740, time remaining: 7m 34s
Rendered 2116/10740, time remaining: 7m 35s
Rendered 2117/10740, time remaining: 7m 36s
Rendered 2118/10740, time remaining: 7m 35s
Rendered 2119/10740, time remaining: 7m 32s
Rendered 2120/10740, time remaining: 7m 36s
Rendered 2121/10740, time remaining: 7m 35s
Rendered 2122/10740, time remaining: 7m 36s
Rendered 2123/10740, time remaining: 7m 35s
Rendered 2124/10740, time remaining: 7m 37s
Rendered 2125/10740, time remaining: 7m 37s
Rendered 2126/10740, time remaining: 7m 37s
Rendered 2127/10740, time remaining: 7m 37s
Rendered 2128/10740, time remaining: 7m 37s
Rendered 2129/10740, time remaining: 7m 38s
Rendered 2130/10740, time remaining: 7m 37s
Rendered 2131/10740, time remaining: 7m 36s
Rendered 2132/10740, time remaining: 7m 40s
Rendered 2133/10740, time remaining: 7m 38s
Rendered 2134/10740, time remaining: 7m 37s
Rendered 2135/10740, time remaining: 7m 36s
Rendered 2136/10740, time remaining: 7m 39s
Rendered 2137/10740, time remaining: 7m 37s
Rendered 2138/10740, time remaining: 7m 34s
Rendered 2139/10740, time remaining: 7m 30s
Rendered 2140/10740, time remaining: 7m 30s
Rendered 2141/10740, time remaining: 7m 32s
Rendered 2142/10740, time remaining: 7m 30s
Rendered 2143/10740, time remaining: 7m 30s
Rendered 2144/10740, time remaining: 7m 30s
Rendered 2145/10740, time remaining: 7m 31s
Rendered 2146/10740, time remaining: 7m 28s
Rendered 2147/10740, time remaining: 7m 28s
Rendered 2148/10740, time remaining: 7m 29s
Rendered 2149/10740, time remaining: 7m 28s
Rendered 2150/10740, time remaining: 7m 30s
Rendered 2151/10740, time remaining: 7m 31s
Rendered 2152/10740, time remaining: 7m 31s
Rendered 2153/10740, time remaining: 7m 32s
Rendered 2154/10740, time remaining: 7m 31s
Rendered 2155/10740, time remaining: 7m 33s
Rendered 2156/10740, time remaining: 7m 34s
Rendered 2157/10740, time remaining: 7m 34s
Rendered 2158/10740, time remaining: 7m 31s
Rendered 2159/10740, time remaining: 7m 33s
Rendered 2160/10740, time remaining: 7m 32s
Rendered 2161/10740, time remaining: 7m 33s
Rendered 2162/10740, time remaining: 7m 32s
Rendered 2163/10740, time remaining: 7m 32s
Rendered 2164/10740, time remaining: 7m 33s
Rendered 2165/10740, time remaining: 7m 35s
Rendered 2166/10740, time remaining: 7m 32s
Rendered 2167/10740, time remaining: 7m 32s
Rendered 2168/10740, time remaining: 7m 32s
Rendered 2169/10740, time remaining: 7m 32s
Rendered 2170/10740, time remaining: 7m 30s
Rendered 2171/10740, time remaining: 7m 32s
Rendered 2172/10740, time remaining: 7m 33s
Rendered 2173/10740, time remaining: 7m 32s
Rendered 2174/10740, time remaining: 7m 29s
Rendered 2175/10740, time remaining: 7m 32s
Rendered 2176/10740, time remaining: 7m 32s
Rendered 2177/10740, time remaining: 7m 33s
Rendered 2178/10740, time remaining: 7m 30s
Rendered 2179/10740, time remaining: 7m 30s
Rendered 2180/10740, time remaining: 7m 31s
Rendered 2181/10740, time remaining: 7m 31s
Rendered 2182/10740, time remaining: 7m 30s
Rendered 2183/10740, time remaining: 7m 32s
Rendered 2184/10740, time remaining: 7m 32s
Rendered 2185/10740, time remaining: 7m 32s
Rendered 2186/10740, time remaining: 7m 30s
Rendered 2187/10740, time remaining: 7m 31s
Rendered 2188/10740, time remaining: 7m 31s
Rendered 2189/10740, time remaining: 7m 30s
Rendered 2190/10740, time remaining: 7m 29s
Rendered 2191/10740, time remaining: 7m 32s
Rendered 2192/10740, time remaining: 7m 30s
Rendered 2193/10740, time remaining: 7m 31s
Rendered 2194/10740, time remaining: 7m 29s
Rendered 2195/10740, time remaining: 7m 31s
Rendered 2196/10740, time remaining: 7m 31s
Rendered 2197/10740, time remaining: 7m 31s
Rendered 2198/10740, time remaining: 7m 28s
Rendered 2199/10740, time remaining: 7m 29s
Rendered 2200/10740, time remaining: 7m 29s
Rendered 2201/10740, time remaining: 7m 29s
Rendered 2202/10740, time remaining: 7m 28s
Rendered 2203/10740, time remaining: 7m 33s
Rendered 2204/10740, time remaining: 7m 35s
Rendered 2205/10740, time remaining: 7m 32s
Rendered 2206/10740, time remaining: 7m 34s
Rendered 2207/10740, time remaining: 7m 39s
Rendered 2208/10740, time remaining: 7m 36s
Rendered 2209/10740, time remaining: 7m 39s
Rendered 2210/10740, time remaining: 7m 42s
Rendered 2211/10740, time remaining: 7m 40s
Rendered 2212/10740, time remaining: 7m 43s
Rendered 2213/10740, time remaining: 7m 44s
Rendered 2214/10740, time remaining: 7m 43s
Rendered 2215/10740, time remaining: 7m 44s
Rendered 2216/10740, time remaining: 7m 45s
Rendered 2217/10740, time remaining: 7m 47s
Rendered 2218/10740, time remaining: 7m 49s
Rendered 2219/10740, time remaining: 7m 53s
Rendered 2220/10740, time remaining: 7m 55s
Rendered 2221/10740, time remaining: 7m 56s
Rendered 2222/10740, time remaining: 7m 58s
Rendered 2223/10740, time remaining: 7m 59s
Rendered 2224/10740, time remaining: 8m 0s
Rendered 2225/10740, time remaining: 8m 2s
Rendered 2226/10740, time remaining: 8m 5s
Rendered 2227/10740, time remaining: 8m 7s
Rendered 2228/10740, time remaining: 8m 5s
Rendered 2229/10740, time remaining: 8m 7s
Rendered 2230/10740, time remaining: 8m 19s
Rendered 2231/10740, time remaining: 8m 19s
Rendered 2232/10740, time remaining: 8m 20s
Rendered 2233/10740, time remaining: 8m 23s
Rendered 2234/10740, time remaining: 8m 23s
Rendered 2235/10740, time remaining: 8m 25s
Rendered 2236/10740, time remaining: 8m 28s
Rendered 2237/10740, time remaining: 8m 33s
Rendered 2238/10740, time remaining: 8m 36s
Rendered 2239/10740, time remaining: 8m 38s
Rendered 2240/10740, time remaining: 8m 40s
Rendered 2241/10740, time remaining: 8m 42s
Rendered 2242/10740, time remaining: 8m 48s
Rendered 2243/10740, time remaining: 8m 45s
Rendered 2244/10740, time remaining: 8m 46s
Rendered 2245/10740, time remaining: 8m 48s
Rendered 2246/10740, time remaining: 8m 50s
Rendered 2247/10740, time remaining: 8m 53s
Rendered 2248/10740, time remaining: 8m 53s
Rendered 2249/10740, time remaining: 8m 55s
Rendered 2250/10740, time remaining: 8m 59s
Rendered 2251/10740, time remaining: 9m 2s
Rendered 2252/10740, time remaining: 9m 3s
Rendered 2253/10740, time remaining: 9m 6s
Rendered 2254/10740, time remaining: 9m 9s
Rendered 2255/10740, time remaining: 9m 10s
Rendered 2256/10740, time remaining: 9m 14s
Rendered 2257/10740, time remaining: 9m 18s
Rendered 2258/10740, time remaining: 9m 21s
Rendered 2259/10740, time remaining: 9m 23s
Rendered 2260/10740, time remaining: 9m 26s
Rendered 2261/10740, time remaining: 9m 29s
Rendered 2262/10740, time remaining: 9m 32s
Rendered 2263/10740, time remaining: 9m 34s
Rendered 2264/10740, time remaining: 9m 37s
Rendered 2265/10740, time remaining: 9m 40s
Rendered 2266/10740, time remaining: 9m 43s
Rendered 2267/10740, time remaining: 9m 44s
Rendered 2268/10740, time remaining: 9m 47s
Rendered 2269/10740, time remaining: 9m 47s
Rendered 2270/10740, time remaining: 9m 47s
Rendered 2271/10740, time remaining: 9m 52s
Rendered 2272/10740, time remaining: 9m 53s
Rendered 2273/10740, time remaining: 9m 56s
Rendered 2274/10740, time remaining: 9m 57s
Rendered 2275/10740, time remaining: 10m 2s
Rendered 2276/10740, time remaining: 9m 59s
Rendered 2277/10740, time remaining: 10m 2s
Rendered 2278/10740, time remaining: 10m 4s
Rendered 2279/10740, time remaining: 10m 5s
Rendered 2280/10740, time remaining: 10m 8s
Rendered 2281/10740, time remaining: 10m 10s
Rendered 2282/10740, time remaining: 10m 14s
Rendered 2283/10740, time remaining: 10m 17s
Rendered 2284/10740, time remaining: 10m 19s
Rendered 2285/10740, time remaining: 10m 21s
Rendered 2286/10740, time remaining: 10m 24s
Rendered 2287/10740, time remaining: 10m 21s
Rendered 2288/10740, time remaining: 10m 26s
Rendered 2289/10740, time remaining: 10m 28s
Rendered 2290/10740, time remaining: 10m 30s
Rendered 2291/10740, time remaining: 10m 34s
Rendered 2292/10740, time remaining: 10m 37s
Rendered 2293/10740, time remaining: 10m 38s
Rendered 2294/10740, time remaining: 10m 40s
Rendered 2295/10740, time remaining: 10m 42s
Rendered 2296/10740, time remaining: 10m 46s
Rendered 2297/10740, time remaining: 10m 51s
Rendered 2298/10740, time remaining: 10m 48s
Rendered 2299/10740, time remaining: 10m 49s
Rendered 2300/10740, time remaining: 10m 55s
Rendered 2301/10740, time remaining: 10m 56s
Rendered 2302/10740, time remaining: 10m 59s
Rendered 2303/10740, time remaining: 11m 0s
Rendered 2304/10740, time remaining: 11m 3s
Rendered 2305/10740, time remaining: 11m 5s
Rendered 2306/10740, time remaining: 11m 7s
Rendered 2307/10740, time remaining: 11m 6s
Rendered 2308/10740, time remaining: 11m 10s
Rendered 2309/10740, time remaining: 11m 15s
Rendered 2310/10740, time remaining: 11m 17s
Rendered 2311/10740, time remaining: 11m 18s
Rendered 2312/10740, time remaining: 11m 20s
Rendered 2313/10740, time remaining: 11m 25s
Rendered 2314/10740, time remaining: 11m 22s
Rendered 2315/10740, time remaining: 11m 23s
Rendered 2316/10740, time remaining: 11m 29s
Rendered 2317/10740, time remaining: 11m 31s
Rendered 2318/10740, time remaining: 11m 33s
Rendered 2319/10740, time remaining: 11m 34s
Rendered 2320/10740, time remaining: 11m 39s
Rendered 2321/10740, time remaining: 11m 41s
Rendered 2322/10740, time remaining: 11m 45s
Rendered 2323/10740, time remaining: 11m 48s
Rendered 2324/10740, time remaining: 11m 51s
Rendered 2325/10740, time remaining: 11m 52s
Rendered 2326/10740, time remaining: 11m 56s
Rendered 2327/10740, time remaining: 11m 54s
Rendered 2328/10740, time remaining: 11m 56s
Rendered 2329/10740, time remaining: 11m 59s
Rendered 2330/10740, time remaining: 12m 0s
Rendered 2331/10740, time remaining: 12m 3s
Rendered 2332/10740, time remaining: 12m 5s
Rendered 2333/10740, time remaining: 12m 10s
Rendered 2334/10740, time remaining: 12m 9s
Rendered 2335/10740, time remaining: 12m 8s
Rendered 2336/10740, time remaining: 12m 14s
Rendered 2337/10740, time remaining: 12m 16s
Rendered 2338/10740, time remaining: 12m 18s
Rendered 2339/10740, time remaining: 12m 21s
Rendered 2340/10740, time remaining: 12m 24s
Rendered 2341/10740, time remaining: 12m 26s
Rendered 2342/10740, time remaining: 12m 29s
Rendered 2343/10740, time remaining: 12m 31s
Rendered 2344/10740, time remaining: 12m 36s
Rendered 2345/10740, time remaining: 12m 38s
Rendered 2346/10740, time remaining: 12m 42s
Rendered 2347/10740, time remaining: 12m 45s
Rendered 2348/10740, time remaining: 12m 47s
Rendered 2349/10740, time remaining: 12m 48s
Rendered 2350/10740, time remaining: 12m 52s
Rendered 2351/10740, time remaining: 12m 54s
Rendered 2352/10740, time remaining: 12m 59s
Rendered 2353/10740, time remaining: 12m 58s
Rendered 2354/10740, time remaining: 12m 59s
Rendered 2355/10740, time remaining: 13m 4s
Rendered 2356/10740, time remaining: 13m 3s
Rendered 2357/10740, time remaining: 13m 2s
Rendered 2358/10740, time remaining: 13m 8s
Rendered 2359/10740, time remaining: 13m 6s
Rendered 2360/10740, time remaining: 13m 8s
Rendered 2361/10740, time remaining: 13m 13s
Rendered 2362/10740, time remaining: 13m 8s
Rendered 2363/10740, time remaining: 13m 8s
Rendered 2364/10740, time remaining: 13m 10s
Rendered 2365/10740, time remaining: 13m 15s
Rendered 2366/10740, time remaining: 13m 14s
Rendered 2367/10740, time remaining: 13m 18s
Rendered 2368/10740, time remaining: 13m 17s
Rendered 2369/10740, time remaining: 13m 16s
Rendered 2370/10740, time remaining: 13m 16s
Rendered 2371/10740, time remaining: 13m 16s
Rendered 2372/10740, time remaining: 13m 17s
Rendered 2373/10740, time remaining: 13m 21s
Rendered 2374/10740, time remaining: 13m 22s
Rendered 2375/10740, time remaining: 13m 23s
Rendered 2376/10740, time remaining: 13m 22s
Rendered 2377/10740, time remaining: 13m 25s
Rendered 2378/10740, time remaining: 13m 31s
Rendered 2379/10740, time remaining: 13m 28s
Rendered 2380/10740, time remaining: 13m 13s
Rendered 2381/10740, time remaining: 13m 15s
Rendered 2382/10740, time remaining: 13m 16s
Rendered 2383/10740, time remaining: 13m 11s
Rendered 2384/10740, time remaining: 13m 14s
Rendered 2385/10740, time remaining: 13m 9s
Rendered 2386/10740, time remaining: 13m 6s
Rendered 2387/10740, time remaining: 13m 4s
Rendered 2388/10740, time remaining: 13m 2s
Rendered 2389/10740, time remaining: 12m 59s
Rendered 2390/10740, time remaining: 12m 58s
Rendered 2391/10740, time remaining: 12m 58s
Rendered 2392/10740, time remaining: 12m 52s
Rendered 2393/10740, time remaining: 12m 57s
Rendered 2394/10740, time remaining: 13m 0s
Rendered 2395/10740, time remaining: 12m 58s
Rendered 2396/10740, time remaining: 12m 55s
Rendered 2397/10740, time remaining: 12m 51s
Rendered 2398/10740, time remaining: 12m 51s
Rendered 2399/10740, time remaining: 12m 52s
Rendered 2400/10740, time remaining: 12m 46s
Rendered 2401/10740, time remaining: 12m 44s
Rendered 2402/10740, time remaining: 12m 42s
Rendered 2403/10740, time remaining: 12m 40s
Rendered 2404/10740, time remaining: 12m 37s
Rendered 2405/10740, time remaining: 12m 35s
Rendered 2406/10740, time remaining: 12m 31s
Rendered 2407/10740, time remaining: 12m 30s
Rendered 2408/10740, time remaining: 12m 24s
Rendered 2409/10740, time remaining: 12m 23s
Rendered 2410/10740, time remaining: 12m 18s
Rendered 2411/10740, time remaining: 12m 16s
Rendered 2412/10740, time remaining: 12m 12s
Rendered 2413/10740, time remaining: 12m 10s
Rendered 2414/10740, time remaining: 12m 7s
Rendered 2415/10740, time remaining: 12m 5s
Rendered 2416/10740, time remaining: 12m 1s
Rendered 2417/10740, time remaining: 12m 0s
Rendered 2418/10740, time remaining: 11m 56s
Rendered 2419/10740, time remaining: 11m 59s
Rendered 2420/10740, time remaining: 11m 56s
Rendered 2421/10740, time remaining: 11m 51s
Rendered 2422/10740, time remaining: 11m 50s
Rendered 2423/10740, time remaining: 11m 48s
Rendered 2424/10740, time remaining: 11m 44s
Rendered 2425/10740, time remaining: 11m 39s
Rendered 2426/10740, time remaining: 11m 41s
Rendered 2427/10740, time remaining: 11m 38s
Rendered 2428/10740, time remaining: 11m 37s
Rendered 2429/10740, time remaining: 11m 34s
Rendered 2430/10740, time remaining: 11m 32s
Rendered 2431/10740, time remaining: 11m 31s
Rendered 2432/10740, time remaining: 11m 24s
Rendered 2433/10740, time remaining: 11m 21s
Rendered 2434/10740, time remaining: 11m 20s
Rendered 2435/10740, time remaining: 11m 18s
Rendered 2436/10740, time remaining: 11m 13s
Rendered 2437/10740, time remaining: 11m 16s
Rendered 2438/10740, time remaining: 11m 15s
Rendered 2439/10740, time remaining: 11m 12s
Rendered 2440/10740, time remaining: 11m 8s
Rendered 2441/10740, time remaining: 11m 4s
Rendered 2442/10740, time remaining: 11m 2s
Rendered 2443/10740, time remaining: 11m 0s
Rendered 2444/10740, time remaining: 10m 57s
Rendered 2445/10740, time remaining: 10m 54s
Rendered 2446/10740, time remaining: 10m 52s
Rendered 2447/10740, time remaining: 10m 48s
Rendered 2448/10740, time remaining: 10m 48s
Rendered 2449/10740, time remaining: 10m 47s
Rendered 2450/10740, time remaining: 10m 42s
Rendered 2451/10740, time remaining: 10m 41s
Rendered 2452/10740, time remaining: 10m 37s
Rendered 2453/10740, time remaining: 10m 35s
Rendered 2454/10740, time remaining: 10m 33s
Rendered 2455/10740, time remaining: 10m 32s
Rendered 2456/10740, time remaining: 10m 27s
Rendered 2457/10740, time remaining: 10m 28s
Rendered 2458/10740, time remaining: 10m 26s
Rendered 2459/10740, time remaining: 10m 21s
Rendered 2460/10740, time remaining: 10m 18s
Rendered 2461/10740, time remaining: 10m 17s
Rendered 2462/10740, time remaining: 10m 16s
Rendered 2463/10740, time remaining: 10m 11s
Rendered 2464/10740, time remaining: 10m 10s
Rendered 2465/10740, time remaining: 10m 9s
Rendered 2466/10740, time remaining: 10m 5s
Rendered 2467/10740, time remaining: 10m 4s
Rendered 2468/10740, time remaining: 10m 1s
Rendered 2469/10740, time remaining: 10m 0s
Rendered 2470/10740, time remaining: 9m 56s
Rendered 2471/10740, time remaining: 9m 55s
Rendered 2472/10740, time remaining: 9m 47s
Rendered 2473/10740, time remaining: 9m 45s
Rendered 2474/10740, time remaining: 9m 44s
Rendered 2475/10740, time remaining: 9m 43s
Rendered 2476/10740, time remaining: 9m 38s
Rendered 2477/10740, time remaining: 9m 38s
Rendered 2478/10740, time remaining: 9m 39s
Rendered 2479/10740, time remaining: 9m 37s
Rendered 2480/10740, time remaining: 9m 33s
Rendered 2481/10740, time remaining: 9m 30s
Rendered 2482/10740, time remaining: 9m 28s
Rendered 2483/10740, time remaining: 9m 25s
Rendered 2484/10740, time remaining: 9m 23s
Rendered 2485/10740, time remaining: 9m 24s
Rendered 2486/10740, time remaining: 9m 20s
Rendered 2487/10740, time remaining: 9m 17s
Rendered 2488/10740, time remaining: 9m 13s
Rendered 2489/10740, time remaining: 9m 10s
Rendered 2490/10740, time remaining: 9m 7s
Rendered 2491/10740, time remaining: 9m 5s
Rendered 2492/10740, time remaining: 9m 1s
Rendered 2493/10740, time remaining: 8m 59s
Rendered 2494/10740, time remaining: 8m 55s
Rendered 2495/10740, time remaining: 8m 53s
Rendered 2496/10740, time remaining: 8m 48s
Rendered 2497/10740, time remaining: 8m 44s
Rendered 2498/10740, time remaining: 8m 45s
Rendered 2499/10740, time remaining: 8m 45s
Rendered 2500/10740, time remaining: 8m 39s
Rendered 2501/10740, time remaining: 8m 37s
Rendered 2502/10740, time remaining: 8m 32s
Rendered 2503/10740, time remaining: 8m 30s
Rendered 2504/10740, time remaining: 8m 24s
Rendered 2505/10740, time remaining: 8m 22s
Rendered 2506/10740, time remaining: 8m 21s
Rendered 2507/10740, time remaining: 8m 21s
Rendered 2508/10740, time remaining: 8m 15s
Rendered 2509/10740, time remaining: 8m 13s
Rendered 2510/10740, time remaining: 8m 9s
Rendered 2511/10740, time remaining: 8m 7s
Rendered 2512/10740, time remaining: 8m 7s
Rendered 2513/10740, time remaining: 8m 7s
Rendered 2514/10740, time remaining: 8m 5s
Rendered 2515/10740, time remaining: 8m 1s
Rendered 2516/10740, time remaining: 7m 59s
Rendered 2517/10740, time remaining: 7m 54s
Rendered 2518/10740, time remaining: 7m 52s
Rendered 2519/10740, time remaining: 7m 51s
Rendered 2520/10740, time remaining: 7m 46s
Rendered 2521/10740, time remaining: 7m 43s
Rendered 2522/10740, time remaining: 7m 41s
Rendered 2523/10740, time remaining: 7m 39s
Rendered 2524/10740, time remaining: 7m 34s
Rendered 2525/10740, time remaining: 7m 31s
Rendered 2526/10740, time remaining: 7m 28s
Rendered 2527/10740, time remaining: 7m 24s
Rendered 2528/10740, time remaining: 7m 19s
Rendered 2529/10740, time remaining: 7m 20s
Rendered 2530/10740, time remaining: 7m 18s
Rendered 2531/10740, time remaining: 7m 17s
Rendered 2532/10740, time remaining: 7m 14s
Rendered 2533/10740, time remaining: 7m 16s
Rendered 2534/10740, time remaining: 7m 12s
Rendered 2535/10740, time remaining: 7m 15s
Rendered 2536/10740, time remaining: 7m 14s
Rendered 2537/10740, time remaining: 7m 13s
Rendered 2538/10740, time remaining: 7m 12s
Rendered 2539/10740, time remaining: 7m 13s
Rendered 2540/10740, time remaining: 7m 9s
Rendered 2541/10740, time remaining: 7m 9s
Rendered 2542/10740, time remaining: 7m 8s
Rendered 2543/10740, time remaining: 7m 8s
Rendered 2544/10740, time remaining: 7m 1s
Rendered 2545/10740, time remaining: 7m 1s
Rendered 2546/10740, time remaining: 7m 2s
Rendered 2547/10740, time remaining: 7m 3s
Rendered 2548/10740, time remaining: 7m 1s
Rendered 2549/10740, time remaining: 7m 0s
Rendered 2550/10740, time remaining: 7m 3s
Rendered 2551/10740, time remaining: 7m 3s
Rendered 2552/10740, time remaining: 7m 0s
Rendered 2553/10740, time remaining: 7m 0s
Rendered 2554/10740, time remaining: 7m 0s
Rendered 2555/10740, time remaining: 7m 1s
Rendered 2556/10740, time remaining: 7m 0s
Rendered 2557/10740, time remaining: 7m 0s
Rendered 2558/10740, time remaining: 7m 3s
Rendered 2559/10740, time remaining: 7m 2s
Rendered 2560/10740, time remaining: 7m 0s
Rendered 2561/10740, time remaining: 7m 0s
Rendered 2562/10740, time remaining: 7m 0s
Rendered 2563/10740, time remaining: 7m 1s
Rendered 2564/10740, time remaining: 7m 0s
Rendered 2565/10740, time remaining: 7m 0s
Rendered 2566/10740, time remaining: 7m 2s
Rendered 2567/10740, time remaining: 7m 2s
Rendered 2568/10740, time remaining: 6m 59s
Rendered 2569/10740, time remaining: 6m 59s
Rendered 2570/10740, time remaining: 7m 0s
Rendered 2571/10740, time remaining: 7m 0s
Rendered 2572/10740, time remaining: 6m 59s
Rendered 2573/10740, time remaining: 6m 58s
Rendered 2574/10740, time remaining: 7m 1s
Rendered 2575/10740, time remaining: 7m 2s
Rendered 2576/10740, time remaining: 7m 0s
Rendered 2577/10740, time remaining: 7m 1s
Rendered 2578/10740, time remaining: 7m 0s
Rendered 2579/10740, time remaining: 7m 1s
Rendered 2580/10740, time remaining: 6m 58s
Rendered 2581/10740, time remaining: 6m 58s
Rendered 2582/10740, time remaining: 7m 1s
Rendered 2583/10740, time remaining: 7m 1s
Rendered 2584/10740, time remaining: 6m 59s
Rendered 2585/10740, time remaining: 6m 59s
Rendered 2586/10740, time remaining: 6m 59s
Rendered 2587/10740, time remaining: 7m 0s
Rendered 2588/10740, time remaining: 6m 59s
Rendered 2589/10740, time remaining: 6m 58s
Rendered 2590/10740, time remaining: 7m 0s
Rendered 2591/10740, time remaining: 7m 0s
Rendered 2592/10740, time remaining: 7m 0s
Rendered 2593/10740, time remaining: 6m 59s
Rendered 2594/10740, time remaining: 7m 1s
Rendered 2595/10740, time remaining: 7m 2s
Rendered 2596/10740, time remaining: 6m 59s
Rendered 2597/10740, time remaining: 6m 58s
Rendered 2598/10740, time remaining: 7m 1s
Rendered 2599/10740, time remaining: 7m 1s
Rendered 2600/10740, time remaining: 6m 59s
Rendered 2601/10740, time remaining: 7m 0s
Rendered 2602/10740, time remaining: 7m 0s
Rendered 2603/10740, time remaining: 7m 0s
Rendered 2604/10740, time remaining: 7m 0s
Rendered 2605/10740, time remaining: 6m 58s
Rendered 2606/10740, time remaining: 7m 1s
Rendered 2607/10740, time remaining: 7m 0s
Rendered 2608/10740, time remaining: 6m 58s
Rendered 2609/10740, time remaining: 6m 58s
Rendered 2610/10740, time remaining: 6m 59s
Rendered 2611/10740, time remaining: 7m 0s
Rendered 2612/10740, time remaining: 7m 0s
Rendered 2613/10740, time remaining: 6m 59s
Rendered 2614/10740, time remaining: 7m 2s
Rendered 2615/10740, time remaining: 7m 2s
Rendered 2616/10740, time remaining: 6m 59s
Rendered 2617/10740, time remaining: 6m 59s
Rendered 2618/10740, time remaining: 6m 59s
Rendered 2619/10740, time remaining: 7m 0s
Rendered 2620/10740, time remaining: 6m 58s
Rendered 2621/10740, time remaining: 6m 57s
Rendered 2622/10740, time remaining: 7m 1s
Rendered 2623/10740, time remaining: 7m 0s
Rendered 2624/10740, time remaining: 6m 59s
Rendered 2625/10740, time remaining: 6m 57s
Rendered 2626/10740, time remaining: 6m 59s
Rendered 2627/10740, time remaining: 6m 59s
Rendered 2628/10740, time remaining: 6m 57s
Rendered 2629/10740, time remaining: 6m 56s
Rendered 2630/10740, time remaining: 6m 58s
Rendered 2631/10740, time remaining: 6m 59s
Rendered 2632/10740, time remaining: 6m 57s
Rendered 2633/10740, time remaining: 6m 55s
Rendered 2634/10740, time remaining: 6m 57s
Rendered 2635/10740, time remaining: 6m 57s
Rendered 2636/10740, time remaining: 6m 56s
Rendered 2637/10740, time remaining: 6m 56s
Rendered 2638/10740, time remaining: 6m 58s
Rendered 2639/10740, time remaining: 7m 0s
Rendered 2640/10740, time remaining: 6m 59s
Rendered 2641/10740, time remaining: 6m 57s
Rendered 2642/10740, time remaining: 7m 0s
Rendered 2643/10740, time remaining: 6m 59s
Rendered 2644/10740, time remaining: 6m 57s
Rendered 2645/10740, time remaining: 6m 57s
Rendered 2646/10740, time remaining: 6m 58s
Rendered 2647/10740, time remaining: 6m 59s
Rendered 2648/10740, time remaining: 6m 59s
Rendered 2649/10740, time remaining: 6m 57s
Rendered 2650/10740, time remaining: 6m 59s
Rendered 2651/10740, time remaining: 6m 59s
Rendered 2652/10740, time remaining: 6m 56s
Rendered 2653/10740, time remaining: 6m 56s
Rendered 2654/10740, time remaining: 6m 58s
Rendered 2655/10740, time remaining: 6m 59s
Rendered 2656/10740, time remaining: 6m 57s
Rendered 2657/10740, time remaining: 6m 56s
Rendered 2658/10740, time remaining: 6m 58s
Rendered 2659/10740, time remaining: 6m 58s
Rendered 2660/10740, time remaining: 6m 57s
Rendered 2661/10740, time remaining: 6m 56s
Rendered 2662/10740, time remaining: 6m 59s
Rendered 2663/10740, time remaining: 6m 58s
Rendered 2664/10740, time remaining: 6m 58s
Rendered 2665/10740, time remaining: 6m 57s
Rendered 2666/10740, time remaining: 6m 58s
Rendered 2667/10740, time remaining: 6m 58s
Rendered 2668/10740, time remaining: 6m 55s
Rendered 2669/10740, time remaining: 6m 55s
Rendered 2670/10740, time remaining: 6m 57s
Rendered 2671/10740, time remaining: 6m 57s
Rendered 2672/10740, time remaining: 6m 57s
Rendered 2673/10740, time remaining: 6m 56s
Rendered 2674/10740, time remaining: 6m 58s
Rendered 2675/10740, time remaining: 6m 58s
Rendered 2676/10740, time remaining: 6m 58s
Rendered 2677/10740, time remaining: 6m 57s
Rendered 2678/10740, time remaining: 6m 58s
Rendered 2679/10740, time remaining: 6m 58s
Rendered 2680/10740, time remaining: 6m 57s
Rendered 2681/10740, time remaining: 6m 56s
Rendered 2682/10740, time remaining: 6m 57s
Rendered 2683/10740, time remaining: 6m 57s
Rendered 2684/10740, time remaining: 6m 57s
Rendered 2685/10740, time remaining: 6m 56s
Rendered 2686/10740, time remaining: 6m 58s
Rendered 2687/10740, time remaining: 6m 58s
Rendered 2688/10740, time remaining: 6m 55s
Rendered 2689/10740, time remaining: 6m 54s
Rendered 2690/10740, time remaining: 6m 56s
Rendered 2691/10740, time remaining: 6m 56s
Rendered 2692/10740, time remaining: 6m 56s
Rendered 2693/10740, time remaining: 6m 54s
Rendered 2694/10740, time remaining: 6m 56s
Rendered 2695/10740, time remaining: 6m 56s
Rendered 2696/10740, time remaining: 6m 56s
Rendered 2697/10740, time remaining: 6m 55s
Rendered 2698/10740, time remaining: 6m 57s
Rendered 2699/10740, time remaining: 6m 57s
Rendered 2700/10740, time remaining: 6m 55s
Rendered 2701/10740, time remaining: 6m 54s
Rendered 2702/10740, time remaining: 6m 56s
Rendered 2703/10740, time remaining: 6m 57s
Rendered 2704/10740, time remaining: 6m 57s
Rendered 2705/10740, time remaining: 6m 56s
Rendered 2706/10740, time remaining: 6m 56s
Rendered 2707/10740, time remaining: 6m 57s
Rendered 2708/10740, time remaining: 6m 54s
Rendered 2709/10740, time remaining: 6m 54s
Rendered 2710/10740, time remaining: 6m 57s
Rendered 2711/10740, time remaining: 6m 56s
Rendered 2712/10740, time remaining: 6m 55s
Rendered 2713/10740, time remaining: 6m 55s
Rendered 2714/10740, time remaining: 6m 55s
Rendered 2715/10740, time remaining: 6m 56s
Rendered 2716/10740, time remaining: 6m 54s
Rendered 2717/10740, time remaining: 6m 53s
Rendered 2718/10740, time remaining: 6m 56s
Rendered 2719/10740, time remaining: 6m 56s
Rendered 2720/10740, time remaining: 6m 55s
Rendered 2721/10740, time remaining: 6m 55s
Rendered 2722/10740, time remaining: 6m 56s
Rendered 2723/10740, time remaining: 6m 57s
Rendered 2724/10740, time remaining: 6m 55s
Rendered 2725/10740, time remaining: 6m 53s
Rendered 2726/10740, time remaining: 6m 55s
Rendered 2727/10740, time remaining: 6m 54s
Rendered 2728/10740, time remaining: 6m 53s
Rendered 2729/10740, time remaining: 6m 54s
Rendered 2730/10740, time remaining: 6m 55s
Rendered 2731/10740, time remaining: 6m 56s
Rendered 2732/10740, time remaining: 6m 55s
Rendered 2733/10740, time remaining: 6m 54s
Rendered 2734/10740, time remaining: 6m 57s
Rendered 2735/10740, time remaining: 6m 57s
Rendered 2736/10740, time remaining: 6m 55s
Rendered 2737/10740, time remaining: 6m 54s
Rendered 2738/10740, time remaining: 6m 54s
Rendered 2739/10740, time remaining: 6m 55s
Rendered 2740/10740, time remaining: 6m 56s
Rendered 2741/10740, time remaining: 6m 54s
Rendered 2742/10740, time remaining: 6m 56s
Rendered 2743/10740, time remaining: 6m 56s
Rendered 2744/10740, time remaining: 6m 54s
Rendered 2745/10740, time remaining: 6m 53s
Rendered 2746/10740, time remaining: 6m 55s
Rendered 2747/10740, time remaining: 6m 54s
Rendered 2748/10740, time remaining: 6m 53s
Rendered 2749/10740, time remaining: 6m 53s
Rendered 2750/10740, time remaining: 6m 55s
Rendered 2751/10740, time remaining: 6m 55s
Rendered 2752/10740, time remaining: 6m 53s
Rendered 2753/10740, time remaining: 6m 53s
Rendered 2754/10740, time remaining: 6m 53s
Rendered 2755/10740, time remaining: 6m 53s
Rendered 2756/10740, time remaining: 6m 51s
Rendered 2757/10740, time remaining: 6m 52s
Rendered 2758/10740, time remaining: 6m 54s
Rendered 2759/10740, time remaining: 6m 55s
Rendered 2760/10740, time remaining: 6m 54s
Rendered 2761/10740, time remaining: 6m 52s
Rendered 2762/10740, time remaining: 6m 53s
Rendered 2763/10740, time remaining: 6m 53s
Rendered 2764/10740, time remaining: 6m 52s
Rendered 2765/10740, time remaining: 6m 51s
Rendered 2766/10740, time remaining: 6m 54s
Rendered 2767/10740, time remaining: 6m 54s
Rendered 2768/10740, time remaining: 6m 51s
Rendered 2769/10740, time remaining: 6m 51s
Rendered 2770/10740, time remaining: 6m 52s
Rendered 2771/10740, time remaining: 6m 53s
Rendered 2772/10740, time remaining: 6m 51s
Rendered 2773/10740, time remaining: 6m 52s
Rendered 2774/10740, time remaining: 6m 53s
Rendered 2775/10740, time remaining: 6m 54s
Rendered 2776/10740, time remaining: 6m 53s
Rendered 2777/10740, time remaining: 6m 52s
Rendered 2778/10740, time remaining: 6m 54s
Rendered 2779/10740, time remaining: 6m 55s
Rendered 2780/10740, time remaining: 6m 53s
Rendered 2781/10740, time remaining: 6m 51s
Rendered 2782/10740, time remaining: 6m 53s
Rendered 2783/10740, time remaining: 6m 54s
Rendered 2784/10740, time remaining: 6m 54s
Rendered 2785/10740, time remaining: 6m 53s
Rendered 2786/10740, time remaining: 6m 54s
Rendered 2787/10740, time remaining: 6m 55s
Rendered 2788/10740, time remaining: 6m 52s
Rendered 2789/10740, time remaining: 6m 51s
Rendered 2790/10740, time remaining: 6m 52s
Rendered 2791/10740, time remaining: 6m 52s
Rendered 2792/10740, time remaining: 6m 51s
Rendered 2793/10740, time remaining: 6m 50s
Rendered 2794/10740, time remaining: 6m 54s
Rendered 2795/10740, time remaining: 6m 53s
Rendered 2796/10740, time remaining: 6m 52s
Rendered 2797/10740, time remaining: 6m 51s
Rendered 2798/10740, time remaining: 6m 51s
Rendered 2799/10740, time remaining: 6m 51s
Rendered 2800/10740, time remaining: 6m 51s
Rendered 2801/10740, time remaining: 6m 51s
Rendered 2802/10740, time remaining: 6m 54s
Rendered 2803/10740, time remaining: 6m 53s
Rendered 2804/10740, time remaining: 6m 51s
Rendered 2805/10740, time remaining: 6m 49s
Rendered 2806/10740, time remaining: 6m 51s
Rendered 2807/10740, time remaining: 6m 51s
Rendered 2808/10740, time remaining: 6m 50s
Rendered 2809/10740, time remaining: 6m 50s
Rendered 2810/10740, time remaining: 6m 51s
Rendered 2811/10740, time remaining: 6m 51s
Rendered 2812/10740, time remaining: 6m 51s
Rendered 2813/10740, time remaining: 6m 51s
Rendered 2814/10740, time remaining: 6m 52s
Rendered 2815/10740, time remaining: 6m 52s
Rendered 2816/10740, time remaining: 6m 50s
Rendered 2817/10740, time remaining: 6m 49s
Rendered 2818/10740, time remaining: 6m 52s
Rendered 2819/10740, time remaining: 6m 53s
Rendered 2820/10740, time remaining: 6m 51s
Rendered 2821/10740, time remaining: 6m 50s
Rendered 2822/10740, time remaining: 6m 51s
Rendered 2823/10740, time remaining: 6m 50s
Rendered 2824/10740, time remaining: 6m 50s
Rendered 2825/10740, time remaining: 6m 50s
Rendered 2826/10740, time remaining: 6m 51s
Rendered 2827/10740, time remaining: 6m 51s
Rendered 2828/10740, time remaining: 6m 48s
Rendered 2829/10740, time remaining: 6m 48s
Rendered 2830/10740, time remaining: 6m 50s
Rendered 2831/10740, time remaining: 6m 50s
Rendered 2832/10740, time remaining: 6m 49s
Rendered 2833/10740, time remaining: 6m 49s
Rendered 2834/10740, time remaining: 6m 50s
Rendered 2835/10740, time remaining: 6m 50s
Rendered 2836/10740, time remaining: 6m 48s
Rendered 2837/10740, time remaining: 6m 48s
Rendered 2838/10740, time remaining: 6m 50s
Rendered 2839/10740, time remaining: 6m 51s
Rendered 2840/10740, time remaining: 6m 51s
Rendered 2841/10740, time remaining: 6m 50s
Rendered 2842/10740, time remaining: 6m 51s
Rendered 2843/10740, time remaining: 6m 51s
Rendered 2844/10740, time remaining: 6m 50s
Rendered 2845/10740, time remaining: 6m 49s
Rendered 2846/10740, time remaining: 6m 50s
Rendered 2847/10740, time remaining: 6m 51s
Rendered 2848/10740, time remaining: 6m 48s
Rendered 2849/10740, time remaining: 6m 49s
Rendered 2850/10740, time remaining: 6m 50s
Rendered 2851/10740, time remaining: 6m 50s
Rendered 2852/10740, time remaining: 6m 51s
Rendered 2853/10740, time remaining: 6m 49s
Rendered 2854/10740, time remaining: 6m 50s
Rendered 2855/10740, time remaining: 6m 50s
Rendered 2856/10740, time remaining: 6m 47s
Rendered 2857/10740, time remaining: 6m 47s
Rendered 2858/10740, time remaining: 6m 49s
Rendered 2859/10740, time remaining: 6m 50s
Rendered 2860/10740, time remaining: 6m 48s
Rendered 2861/10740, time remaining: 6m 48s
Rendered 2862/10740, time remaining: 6m 50s
Rendered 2863/10740, time remaining: 6m 49s
Rendered 2864/10740, time remaining: 6m 47s
Rendered 2865/10740, time remaining: 6m 47s
Rendered 2866/10740, time remaining: 6m 48s
Rendered 2867/10740, time remaining: 6m 49s
Rendered 2868/10740, time remaining: 6m 47s
Rendered 2869/10740, time remaining: 6m 48s
Rendered 2870/10740, time remaining: 6m 49s
Rendered 2871/10740, time remaining: 6m 48s
Rendered 2872/10740, time remaining: 6m 48s
Rendered 2873/10740, time remaining: 6m 46s
Rendered 2874/10740, time remaining: 6m 49s
Rendered 2875/10740, time remaining: 6m 49s
Rendered 2876/10740, time remaining: 6m 47s
Rendered 2877/10740, time remaining: 6m 48s
Rendered 2878/10740, time remaining: 6m 48s
Rendered 2879/10740, time remaining: 6m 47s
Rendered 2880/10740, time remaining: 6m 47s
Rendered 2881/10740, time remaining: 6m 47s
Rendered 2882/10740, time remaining: 6m 46s
Rendered 2883/10740, time remaining: 6m 47s
Rendered 2884/10740, time remaining: 6m 45s
Rendered 2885/10740, time remaining: 6m 45s
Rendered 2886/10740, time remaining: 6m 48s
Rendered 2887/10740, time remaining: 6m 48s
Rendered 2888/10740, time remaining: 6m 48s
Rendered 2889/10740, time remaining: 6m 46s
Rendered 2890/10740, time remaining: 6m 47s
Rendered 2891/10740, time remaining: 6m 47s
Rendered 2892/10740, time remaining: 6m 45s
Rendered 2893/10740, time remaining: 6m 45s
Rendered 2894/10740, time remaining: 6m 47s
Rendered 2895/10740, time remaining: 6m 47s
Rendered 2896/10740, time remaining: 6m 46s
Rendered 2897/10740, time remaining: 6m 47s
Rendered 2898/10740, time remaining: 6m 48s
Rendered 2899/10740, time remaining: 6m 48s
Rendered 2900/10740, time remaining: 6m 46s
Rendered 2901/10740, time remaining: 6m 45s
Rendered 2902/10740, time remaining: 6m 48s
Rendered 2903/10740, time remaining: 6m 49s
Rendered 2904/10740, time remaining: 6m 46s
Rendered 2905/10740, time remaining: 6m 46s
Rendered 2906/10740, time remaining: 6m 47s
Rendered 2907/10740, time remaining: 6m 47s
Rendered 2908/10740, time remaining: 6m 47s
Rendered 2909/10740, time remaining: 6m 46s
Rendered 2910/10740, time remaining: 6m 48s
Rendered 2911/10740, time remaining: 6m 48s
Rendered 2912/10740, time remaining: 6m 45s
Rendered 2913/10740, time remaining: 6m 45s
Rendered 2914/10740, time remaining: 6m 46s
Rendered 2915/10740, time remaining: 6m 46s
Rendered 2916/10740, time remaining: 6m 44s
Rendered 2917/10740, time remaining: 6m 44s
Rendered 2918/10740, time remaining: 6m 47s
Rendered 2919/10740, time remaining: 6m 46s
Rendered 2920/10740, time remaining: 6m 45s
Rendered 2921/10740, time remaining: 6m 45s
Rendered 2922/10740, time remaining: 6m 46s
Rendered 2923/10740, time remaining: 6m 46s
Rendered 2924/10740, time remaining: 6m 45s
Rendered 2925/10740, time remaining: 6m 44s
Rendered 2926/10740, time remaining: 6m 45s
Rendered 2927/10740, time remaining: 6m 45s
Rendered 2928/10740, time remaining: 6m 43s
Rendered 2929/10740, time remaining: 6m 43s
Rendered 2930/10740, time remaining: 6m 45s
Rendered 2931/10740, time remaining: 6m 45s
Rendered 2932/10740, time remaining: 6m 45s
Rendered 2933/10740, time remaining: 6m 44s
Rendered 2934/10740, time remaining: 6m 45s
Rendered 2935/10740, time remaining: 6m 45s
Rendered 2936/10740, time remaining: 6m 43s
Rendered 2937/10740, time remaining: 6m 43s
Rendered 2938/10740, time remaining: 6m 45s
Rendered 2939/10740, time remaining: 6m 45s
Rendered 2940/10740, time remaining: 6m 45s
Rendered 2941/10740, time remaining: 6m 45s
Rendered 2942/10740, time remaining: 6m 46s
Rendered 2943/10740, time remaining: 6m 46s
Rendered 2944/10740, time remaining: 6m 43s
Rendered 2945/10740, time remaining: 6m 44s
Rendered 2946/10740, time remaining: 6m 45s
Rendered 2947/10740, time remaining: 6m 44s
Rendered 2948/10740, time remaining: 6m 44s
Rendered 2949/10740, time remaining: 6m 43s
Rendered 2950/10740, time remaining: 6m 44s
Rendered 2951/10740, time remaining: 6m 44s
Rendered 2952/10740, time remaining: 6m 42s
Rendered 2953/10740, time remaining: 6m 43s
Rendered 2954/10740, time remaining: 6m 45s
Rendered 2955/10740, time remaining: 6m 44s
Rendered 2956/10740, time remaining: 6m 44s
Rendered 2957/10740, time remaining: 6m 43s
Rendered 2958/10740, time remaining: 6m 45s
Rendered 2959/10740, time remaining: 6m 44s
Rendered 2960/10740, time remaining: 6m 42s
Rendered 2961/10740, time remaining: 6m 43s
Rendered 2962/10740, time remaining: 6m 42s
Rendered 2963/10740, time remaining: 6m 43s
Rendered 2964/10740, time remaining: 6m 42s
Rendered 2965/10740, time remaining: 6m 41s
Rendered 2966/10740, time remaining: 6m 44s
Rendered 2967/10740, time remaining: 6m 44s
Rendered 2968/10740, time remaining: 6m 41s
Rendered 2969/10740, time remaining: 6m 41s
Rendered 2970/10740, time remaining: 6m 43s
Rendered 2971/10740, time remaining: 6m 43s
Rendered 2972/10740, time remaining: 6m 43s
Rendered 2973/10740, time remaining: 6m 43s
Rendered 2974/10740, time remaining: 6m 43s
Rendered 2975/10740, time remaining: 6m 44s
Rendered 2976/10740, time remaining: 6m 41s
Rendered 2977/10740, time remaining: 6m 41s
Rendered 2978/10740, time remaining: 6m 44s
Rendered 2979/10740, time remaining: 6m 43s
Rendered 2980/10740, time remaining: 6m 42s
Rendered 2981/10740, time remaining: 6m 42s
Rendered 2982/10740, time remaining: 6m 43s
Rendered 2983/10740, time remaining: 6m 43s
Rendered 2984/10740, time remaining: 6m 42s
Rendered 2985/10740, time remaining: 6m 41s
Rendered 2986/10740, time remaining: 6m 44s
Rendered 2987/10740, time remaining: 6m 43s
Rendered 2988/10740, time remaining: 6m 41s
Rendered 2989/10740, time remaining: 6m 41s
Rendered 2990/10740, time remaining: 6m 41s
Rendered 2991/10740, time remaining: 6m 42s
Rendered 2992/10740, time remaining: 6m 40s
Rendered 2993/10740, time remaining: 6m 40s
Rendered 2994/10740, time remaining: 6m 41s
Rendered 2995/10740, time remaining: 6m 42s
Rendered 2996/10740, time remaining: 6m 41s
Rendered 2997/10740, time remaining: 6m 41s
Rendered 2998/10740, time remaining: 6m 43s
Rendered 2999/10740, time remaining: 6m 43s
Rendered 3000/10740, time remaining: 6m 41s
Rendered 3001/10740, time remaining: 6m 42s
Rendered 3002/10740, time remaining: 6m 41s
Rendered 3003/10740, time remaining: 6m 41s
Rendered 3004/10740, time remaining: 6m 40s
Rendered 3005/10740, time remaining: 6m 39s
Rendered 3006/10740, time remaining: 6m 42s
Rendered 3007/10740, time remaining: 6m 42s
Rendered 3008/10740, time remaining: 6m 40s
Rendered 3009/10740, time remaining: 6m 40s
Rendered 3010/10740, time remaining: 6m 41s
Rendered 3011/10740, time remaining: 6m 41s
Rendered 3012/10740, time remaining: 6m 40s
Rendered 3013/10740, time remaining: 6m 39s
Rendered 3014/10740, time remaining: 6m 42s
Rendered 3015/10740, time remaining: 6m 42s
Rendered 3016/10740, time remaining: 6m 40s
Rendered 3017/10740, time remaining: 6m 40s
Rendered 3018/10740, time remaining: 6m 41s
Rendered 3019/10740, time remaining: 6m 41s
Rendered 3020/10740, time remaining: 6m 40s
Rendered 3021/10740, time remaining: 6m 39s
Rendered 3022/10740, time remaining: 6m 41s
Rendered 3023/10740, time remaining: 6m 41s
Rendered 3024/10740, time remaining: 6m 39s
Rendered 3025/10740, time remaining: 6m 39s
Rendered 3026/10740, time remaining: 6m 41s
Rendered 3027/10740, time remaining: 6m 40s
Rendered 3028/10740, time remaining: 6m 40s
Rendered 3029/10740, time remaining: 6m 40s
Rendered 3030/10740, time remaining: 6m 41s
Rendered 3031/10740, time remaining: 6m 42s
Rendered 3032/10740, time remaining: 6m 39s
Rendered 3033/10740, time remaining: 6m 38s
Rendered 3034/10740, time remaining: 6m 40s
Rendered 3035/10740, time remaining: 6m 41s
Rendered 3036/10740, time remaining: 6m 38s
Rendered 3037/10740, time remaining: 6m 39s
Rendered 3038/10740, time remaining: 6m 39s
Rendered 3039/10740, time remaining: 6m 40s
Rendered 3040/10740, time remaining: 6m 38s
Rendered 3041/10740, time remaining: 6m 39s
Rendered 3042/10740, time remaining: 6m 40s
Rendered 3043/10740, time remaining: 6m 39s
Rendered 3044/10740, time remaining: 6m 39s
Rendered 3045/10740, time remaining: 6m 38s
Rendered 3046/10740, time remaining: 6m 39s
Rendered 3047/10740, time remaining: 6m 39s
Rendered 3048/10740, time remaining: 6m 37s
Rendered 3049/10740, time remaining: 6m 37s
Rendered 3050/10740, time remaining: 6m 39s
Rendered 3051/10740, time remaining: 6m 39s
Rendered 3052/10740, time remaining: 6m 38s
Rendered 3053/10740, time remaining: 6m 37s
Rendered 3054/10740, time remaining: 6m 40s
Rendered 3055/10740, time remaining: 6m 41s
Rendered 3056/10740, time remaining: 6m 38s
Rendered 3057/10740, time remaining: 6m 38s
Rendered 3058/10740, time remaining: 6m 38s
Rendered 3059/10740, time remaining: 6m 38s
Rendered 3060/10740, time remaining: 6m 37s
Rendered 3061/10740, time remaining: 6m 37s
Rendered 3062/10740, time remaining: 6m 40s
Rendered 3063/10740, time remaining: 6m 39s
Rendered 3064/10740, time remaining: 6m 38s
Rendered 3065/10740, time remaining: 6m 38s
Rendered 3066/10740, time remaining: 6m 38s
Rendered 3067/10740, time remaining: 6m 39s
Rendered 3068/10740, time remaining: 6m 38s
Rendered 3069/10740, time remaining: 6m 38s
Rendered 3070/10740, time remaining: 6m 39s
Rendered 3071/10740, time remaining: 6m 39s
Rendered 3072/10740, time remaining: 6m 39s
Rendered 3073/10740, time remaining: 6m 38s
Rendered 3074/10740, time remaining: 6m 40s
Rendered 3075/10740, time remaining: 6m 40s
Rendered 3076/10740, time remaining: 6m 40s
Rendered 3077/10740, time remaining: 6m 40s
Rendered 3078/10740, time remaining: 6m 41s
Rendered 3079/10740, time remaining: 6m 39s
Rendered 3080/10740, time remaining: 6m 40s
Rendered 3081/10740, time remaining: 6m 40s
Rendered 3082/10740, time remaining: 6m 41s
Rendered 3083/10740, time remaining: 6m 39s
Rendered 3084/10740, time remaining: 6m 39s
Rendered 3085/10740, time remaining: 6m 39s
Rendered 3086/10740, time remaining: 6m 40s
Rendered 3087/10740, time remaining: 6m 40s
Rendered 3088/10740, time remaining: 6m 40s
Rendered 3089/10740, time remaining: 6m 40s
Rendered 3090/10740, time remaining: 6m 40s
Rendered 3091/10740, time remaining: 6m 38s
Rendered 3092/10740, time remaining: 6m 38s
Rendered 3093/10740, time remaining: 6m 37s
Rendered 3094/10740, time remaining: 6m 40s
Rendered 3095/10740, time remaining: 6m 39s
Rendered 3096/10740, time remaining: 6m 39s
Rendered 3097/10740, time remaining: 6m 39s
Rendered 3098/10740, time remaining: 6m 40s
Rendered 3099/10740, time remaining: 6m 39s
Rendered 3100/10740, time remaining: 6m 38s
Rendered 3101/10740, time remaining: 6m 39s
Rendered 3102/10740, time remaining: 6m 41s
Rendered 3103/10740, time remaining: 6m 38s
Rendered 3104/10740, time remaining: 6m 38s
Rendered 3105/10740, time remaining: 6m 38s
Rendered 3106/10740, time remaining: 6m 39s
Rendered 3107/10740, time remaining: 6m 38s
Rendered 3108/10740, time remaining: 6m 38s
Rendered 3109/10740, time remaining: 6m 38s
Rendered 3110/10740, time remaining: 6m 40s
Rendered 3111/10740, time remaining: 6m 40s
Rendered 3112/10740, time remaining: 6m 40s
Rendered 3113/10740, time remaining: 6m 40s
Rendered 3114/10740, time remaining: 6m 40s
Rendered 3115/10740, time remaining: 6m 38s
Rendered 3116/10740, time remaining: 6m 38s
Rendered 3117/10740, time remaining: 6m 37s
Rendered 3118/10740, time remaining: 6m 40s
Rendered 3119/10740, time remaining: 6m 39s
Rendered 3120/10740, time remaining: 6m 39s
Rendered 3121/10740, time remaining: 6m 39s
Rendered 3122/10740, time remaining: 6m 40s
Rendered 3123/10740, time remaining: 6m 38s
Rendered 3124/10740, time remaining: 6m 37s
Rendered 3125/10740, time remaining: 6m 37s
Rendered 3126/10740, time remaining: 6m 40s
Rendered 3127/10740, time remaining: 6m 37s
Rendered 3128/10740, time remaining: 6m 37s
Rendered 3129/10740, time remaining: 6m 37s
Rendered 3130/10740, time remaining: 6m 38s
Rendered 3131/10740, time remaining: 6m 37s
Rendered 3132/10740, time remaining: 6m 37s
Rendered 3133/10740, time remaining: 6m 37s
Rendered 3134/10740, time remaining: 6m 38s
Rendered 3135/10740, time remaining: 6m 37s
Rendered 3136/10740, time remaining: 6m 37s
Rendered 3137/10740, time remaining: 6m 36s
Rendered 3138/10740, time remaining: 6m 39s
Rendered 3139/10740, time remaining: 6m 37s
Rendered 3140/10740, time remaining: 6m 37s
Rendered 3141/10740, time remaining: 6m 37s
Rendered 3142/10740, time remaining: 6m 38s
Rendered 3143/10740, time remaining: 6m 36s
Rendered 3144/10740, time remaining: 6m 37s
Rendered 3145/10740, time remaining: 6m 36s
Rendered 3146/10740, time remaining: 6m 37s
Rendered 3147/10740, time remaining: 6m 37s
Rendered 3148/10740, time remaining: 6m 36s
Rendered 3149/10740, time remaining: 6m 36s
Rendered 3150/10740, time remaining: 6m 38s
Rendered 3151/10740, time remaining: 6m 35s
Rendered 3152/10740, time remaining: 6m 36s
Rendered 3153/10740, time remaining: 6m 35s
Rendered 3154/10740, time remaining: 6m 36s
Rendered 3155/10740, time remaining: 6m 36s
Rendered 3156/10740, time remaining: 6m 35s
Rendered 3157/10740, time remaining: 6m 35s
Rendered 3158/10740, time remaining: 6m 38s
Rendered 3159/10740, time remaining: 6m 35s
Rendered 3160/10740, time remaining: 6m 36s
Rendered 3161/10740, time remaining: 6m 36s
Rendered 3162/10740, time remaining: 6m 36s
Rendered 3163/10740, time remaining: 6m 36s
Rendered 3164/10740, time remaining: 6m 35s
Rendered 3165/10740, time remaining: 6m 35s
Rendered 3166/10740, time remaining: 6m 38s
Rendered 3167/10740, time remaining: 6m 35s
Rendered 3168/10740, time remaining: 6m 36s
Rendered 3169/10740, time remaining: 6m 35s
Rendered 3170/10740, time remaining: 6m 36s
Rendered 3171/10740, time remaining: 6m 36s
Rendered 3172/10740, time remaining: 6m 35s
Rendered 3173/10740, time remaining: 6m 35s
Rendered 3174/10740, time remaining: 6m 37s
Rendered 3175/10740, time remaining: 6m 34s
Rendered 3176/10740, time remaining: 6m 35s
Rendered 3177/10740, time remaining: 6m 34s
Rendered 3178/10740, time remaining: 6m 34s
Rendered 3179/10740, time remaining: 6m 34s
Rendered 3180/10740, time remaining: 6m 33s
Rendered 3181/10740, time remaining: 6m 34s
Rendered 3182/10740, time remaining: 6m 37s
Rendered 3183/10740, time remaining: 6m 35s
Rendered 3184/10740, time remaining: 6m 34s
Rendered 3185/10740, time remaining: 6m 34s
Rendered 3186/10740, time remaining: 6m 36s
Rendered 3187/10740, time remaining: 6m 34s
Rendered 3188/10740, time remaining: 6m 35s
Rendered 3189/10740, time remaining: 6m 34s
Rendered 3190/10740, time remaining: 6m 35s
Rendered 3191/10740, time remaining: 6m 34s
Rendered 3192/10740, time remaining: 6m 34s
Rendered 3193/10740, time remaining: 6m 34s
Rendered 3194/10740, time remaining: 6m 35s
Rendered 3195/10740, time remaining: 6m 33s
Rendered 3196/10740, time remaining: 6m 33s
Rendered 3197/10740, time remaining: 6m 33s
Rendered 3198/10740, time remaining: 6m 34s
Rendered 3199/10740, time remaining: 6m 33s
Rendered 3200/10740, time remaining: 6m 33s
Rendered 3201/10740, time remaining: 6m 33s
Rendered 3202/10740, time remaining: 6m 34s
Rendered 3203/10740, time remaining: 6m 32s
Rendered 3204/10740, time remaining: 6m 31s
Rendered 3205/10740, time remaining: 6m 31s
Rendered 3206/10740, time remaining: 6m 34s
Rendered 3207/10740, time remaining: 6m 32s
Rendered 3208/10740, time remaining: 6m 33s
Rendered 3209/10740, time remaining: 6m 32s
Rendered 3210/10740, time remaining: 6m 33s
Rendered 3211/10740, time remaining: 6m 33s
Rendered 3212/10740, time remaining: 6m 32s
Rendered 3213/10740, time remaining: 6m 32s
Rendered 3214/10740, time remaining: 6m 34s
Rendered 3215/10740, time remaining: 6m 31s
Rendered 3216/10740, time remaining: 6m 32s
Rendered 3217/10740, time remaining: 6m 31s
Rendered 3218/10740, time remaining: 6m 32s
Rendered 3219/10740, time remaining: 6m 32s
Rendered 3220/10740, time remaining: 6m 31s
Rendered 3221/10740, time remaining: 6m 32s
Rendered 3222/10740, time remaining: 6m 32s
Rendered 3223/10740, time remaining: 6m 30s
Rendered 3224/10740, time remaining: 6m 30s
Rendered 3225/10740, time remaining: 6m 30s
Rendered 3226/10740, time remaining: 6m 30s
Rendered 3227/10740, time remaining: 6m 29s
Rendered 3228/10740, time remaining: 6m 29s
Rendered 3229/10740, time remaining: 6m 30s
Rendered 3230/10740, time remaining: 6m 30s
Rendered 3231/10740, time remaining: 6m 28s
Rendered 3232/10740, time remaining: 6m 28s
Rendered 3233/10740, time remaining: 6m 30s
Rendered 3234/10740, time remaining: 6m 30s
Rendered 3235/10740, time remaining: 6m 28s
Rendered 3236/10740, time remaining: 6m 28s
Rendered 3237/10740, time remaining: 6m 28s
Rendered 3238/10740, time remaining: 6m 28s
Rendered 3239/10740, time remaining: 6m 27s
Rendered 3240/10740, time remaining: 6m 26s
Rendered 3241/10740, time remaining: 6m 29s
Rendered 3242/10740, time remaining: 6m 29s
Rendered 3243/10740, time remaining: 6m 29s
Rendered 3244/10740, time remaining: 6m 29s
Rendered 3245/10740, time remaining: 6m 30s
Rendered 3246/10740, time remaining: 6m 30s
Rendered 3247/10740, time remaining: 6m 30s
Rendered 3248/10740, time remaining: 6m 29s
Rendered 3249/10740, time remaining: 6m 30s
Rendered 3250/10740, time remaining: 6m 31s
Rendered 3251/10740, time remaining: 6m 30s
Rendered 3252/10740, time remaining: 6m 30s
Rendered 3253/10740, time remaining: 6m 33s
Rendered 3254/10740, time remaining: 6m 30s
Rendered 3255/10740, time remaining: 6m 30s
Rendered 3256/10740, time remaining: 6m 29s
Rendered 3257/10740, time remaining: 6m 31s
Rendered 3258/10740, time remaining: 6m 30s
Rendered 3259/10740, time remaining: 6m 30s
Rendered 3260/10740, time remaining: 6m 30s
Rendered 3261/10740, time remaining: 6m 31s
Rendered 3262/10740, time remaining: 6m 28s
Rendered 3263/10740, time remaining: 6m 28s
Rendered 3264/10740, time remaining: 6m 28s
Rendered 3265/10740, time remaining: 6m 30s
Rendered 3266/10740, time remaining: 6m 29s
Rendered 3267/10740, time remaining: 6m 29s
Rendered 3268/10740, time remaining: 6m 29s
Rendered 3269/10740, time remaining: 6m 29s
Rendered 3270/10740, time remaining: 6m 27s
Rendered 3271/10740, time remaining: 6m 27s
Rendered 3272/10740, time remaining: 6m 26s
Rendered 3273/10740, time remaining: 6m 29s
Rendered 3274/10740, time remaining: 6m 29s
Rendered 3275/10740, time remaining: 6m 28s
Rendered 3276/10740, time remaining: 6m 28s
Rendered 3277/10740, time remaining: 6m 31s
Rendered 3278/10740, time remaining: 6m 28s
Rendered 3279/10740, time remaining: 6m 28s
Rendered 3280/10740, time remaining: 6m 28s
Rendered 3281/10740, time remaining: 6m 29s
Rendered 3282/10740, time remaining: 6m 29s
Rendered 3283/10740, time remaining: 6m 28s
Rendered 3284/10740, time remaining: 6m 29s
Rendered 3285/10740, time remaining: 6m 30s
Rendered 3286/10740, time remaining: 6m 28s
Rendered 3287/10740, time remaining: 6m 28s
Rendered 3288/10740, time remaining: 6m 28s
Rendered 3289/10740, time remaining: 6m 29s
Rendered 3290/10740, time remaining: 6m 28s
Rendered 3291/10740, time remaining: 6m 28s
Rendered 3292/10740, time remaining: 6m 28s
Rendered 3293/10740, time remaining: 6m 30s
Rendered 3294/10740, time remaining: 6m 27s
Rendered 3295/10740, time remaining: 6m 27s
Rendered 3296/10740, time remaining: 6m 27s
Rendered 3297/10740, time remaining: 6m 28s
Rendered 3298/10740, time remaining: 6m 26s
Rendered 3299/10740, time remaining: 6m 26s
Rendered 3300/10740, time remaining: 6m 26s
Rendered 3301/10740, time remaining: 6m 29s
Rendered 3302/10740, time remaining: 6m 27s
Rendered 3303/10740, time remaining: 6m 27s
Rendered 3304/10740, time remaining: 6m 28s
Rendered 3305/10740, time remaining: 6m 28s
Rendered 3306/10740, time remaining: 6m 27s
Rendered 3307/10740, time remaining: 6m 26s
Rendered 3308/10740, time remaining: 6m 25s
Rendered 3309/10740, time remaining: 6m 28s
Rendered 3310/10740, time remaining: 6m 27s
Rendered 3311/10740, time remaining: 6m 27s
Rendered 3312/10740, time remaining: 6m 28s
Rendered 3313/10740, time remaining: 6m 29s
Rendered 3314/10740, time remaining: 6m 26s
Rendered 3315/10740, time remaining: 6m 26s
Rendered 3316/10740, time remaining: 6m 25s
Rendered 3317/10740, time remaining: 6m 27s
Rendered 3318/10740, time remaining: 6m 26s
Rendered 3319/10740, time remaining: 6m 26s
Rendered 3320/10740, time remaining: 6m 26s
Rendered 3321/10740, time remaining: 6m 27s
Rendered 3322/10740, time remaining: 6m 27s
Rendered 3323/10740, time remaining: 6m 26s
Rendered 3324/10740, time remaining: 6m 26s
Rendered 3325/10740, time remaining: 6m 29s
Rendered 3326/10740, time remaining: 6m 26s
Rendered 3327/10740, time remaining: 6m 27s
Rendered 3328/10740, time remaining: 6m 26s
Rendered 3329/10740, time remaining: 6m 28s
Rendered 3330/10740, time remaining: 6m 26s
Rendered 3331/10740, time remaining: 6m 26s
Rendered 3332/10740, time remaining: 6m 24s
Rendered 3333/10740, time remaining: 6m 28s
Rendered 3334/10740, time remaining: 6m 26s
Rendered 3335/10740, time remaining: 6m 25s
Rendered 3336/10740, time remaining: 6m 25s
Rendered 3337/10740, time remaining: 6m 28s
Rendered 3338/10740, time remaining: 6m 26s
Rendered 3339/10740, time remaining: 6m 26s
Rendered 3340/10740, time remaining: 6m 26s
Rendered 3341/10740, time remaining: 6m 27s
Rendered 3342/10740, time remaining: 6m 25s
Rendered 3343/10740, time remaining: 6m 25s
Rendered 3344/10740, time remaining: 6m 24s
Rendered 3345/10740, time remaining: 6m 27s
Rendered 3346/10740, time remaining: 6m 25s
Rendered 3347/10740, time remaining: 6m 25s
Rendered 3348/10740, time remaining: 6m 25s
Rendered 3349/10740, time remaining: 6m 26s
Rendered 3350/10740, time remaining: 6m 25s
Rendered 3351/10740, time remaining: 6m 25s
Rendered 3352/10740, time remaining: 6m 23s
Rendered 3353/10740, time remaining: 6m 26s
Rendered 3354/10740, time remaining: 6m 25s
Rendered 3355/10740, time remaining: 6m 24s
Rendered 3356/10740, time remaining: 6m 24s
Rendered 3357/10740, time remaining: 6m 26s
Rendered 3358/10740, time remaining: 6m 26s
Rendered 3359/10740, time remaining: 6m 26s
Rendered 3360/10740, time remaining: 6m 26s
Rendered 3361/10740, time remaining: 6m 27s
Rendered 3362/10740, time remaining: 6m 25s
Rendered 3363/10740, time remaining: 6m 24s
Rendered 3364/10740, time remaining: 6m 23s
Rendered 3365/10740, time remaining: 6m 26s
Rendered 3366/10740, time remaining: 6m 25s
Rendered 3367/10740, time remaining: 6m 25s
Rendered 3368/10740, time remaining: 6m 25s
Rendered 3369/10740, time remaining: 6m 25s
Rendered 3370/10740, time remaining: 6m 25s
Rendered 3371/10740, time remaining: 6m 24s
Rendered 3372/10740, time remaining: 6m 24s
Rendered 3373/10740, time remaining: 6m 26s
Rendered 3374/10740, time remaining: 6m 23s
Rendered 3375/10740, time remaining: 6m 24s
Rendered 3376/10740, time remaining: 6m 23s
Rendered 3377/10740, time remaining: 6m 25s
Rendered 3378/10740, time remaining: 6m 25s
Rendered 3379/10740, time remaining: 6m 24s
Rendered 3380/10740, time remaining: 6m 25s
Rendered 3381/10740, time remaining: 6m 26s
Rendered 3382/10740, time remaining: 6m 23s
Rendered 3383/10740, time remaining: 6m 24s
Rendered 3384/10740, time remaining: 6m 23s
Rendered 3385/10740, time remaining: 6m 25s
Rendered 3386/10740, time remaining: 6m 25s
Rendered 3387/10740, time remaining: 6m 24s
Rendered 3388/10740, time remaining: 6m 25s
Rendered 3389/10740, time remaining: 6m 26s
Rendered 3390/10740, time remaining: 6m 23s
Rendered 3391/10740, time remaining: 6m 23s
Rendered 3392/10740, time remaining: 6m 23s
Rendered 3393/10740, time remaining: 6m 23s
Rendered 3394/10740, time remaining: 6m 22s
Rendered 3395/10740, time remaining: 6m 21s
Rendered 3396/10740, time remaining: 6m 22s
Rendered 3397/10740, time remaining: 6m 22s
Rendered 3398/10740, time remaining: 6m 20s
Rendered 3399/10740, time remaining: 6m 21s
Rendered 3400/10740, time remaining: 6m 20s
Rendered 3401/10740, time remaining: 6m 21s
Rendered 3402/10740, time remaining: 6m 19s
Rendered 3403/10740, time remaining: 6m 19s
Rendered 3404/10740, time remaining: 6m 22s
Rendered 3405/10740, time remaining: 6m 21s
Rendered 3406/10740, time remaining: 6m 20s
Rendered 3407/10740, time remaining: 6m 21s
Rendered 3408/10740, time remaining: 6m 20s
Rendered 3409/10740, time remaining: 6m 21s
Rendered 3410/10740, time remaining: 6m 19s
Rendered 3411/10740, time remaining: 6m 18s
Rendered 3412/10740, time remaining: 6m 21s
Rendered 3413/10740, time remaining: 6m 21s
Rendered 3414/10740, time remaining: 6m 20s
Rendered 3415/10740, time remaining: 6m 19s
Rendered 3416/10740, time remaining: 6m 20s
Rendered 3417/10740, time remaining: 6m 21s
Rendered 3418/10740, time remaining: 6m 20s
Rendered 3419/10740, time remaining: 6m 20s
Rendered 3420/10740, time remaining: 6m 23s
Rendered 3421/10740, time remaining: 6m 22s
Rendered 3422/10740, time remaining: 6m 20s
Rendered 3423/10740, time remaining: 6m 20s
Rendered 3424/10740, time remaining: 6m 20s
Rendered 3425/10740, time remaining: 6m 20s
Rendered 3426/10740, time remaining: 6m 19s
Rendered 3427/10740, time remaining: 6m 18s
Rendered 3428/10740, time remaining: 6m 21s
Rendered 3429/10740, time remaining: 6m 20s
Rendered 3430/10740, time remaining: 6m 20s
Rendered 3431/10740, time remaining: 6m 19s
Rendered 3432/10740, time remaining: 6m 20s
Rendered 3433/10740, time remaining: 6m 20s
Rendered 3434/10740, time remaining: 6m 18s
Rendered 3435/10740, time remaining: 6m 18s
Rendered 3436/10740, time remaining: 6m 19s
Rendered 3437/10740, time remaining: 6m 20s
Rendered 3438/10740, time remaining: 6m 18s
Rendered 3439/10740, time remaining: 6m 18s
Rendered 3440/10740, time remaining: 6m 19s
Rendered 3441/10740, time remaining: 6m 19s
Rendered 3442/10740, time remaining: 6m 17s
Rendered 3443/10740, time remaining: 6m 18s
Rendered 3444/10740, time remaining: 6m 20s
Rendered 3445/10740, time remaining: 6m 20s
Rendered 3446/10740, time remaining: 6m 19s
Rendered 3447/10740, time remaining: 6m 17s
Rendered 3448/10740, time remaining: 6m 20s
Rendered 3449/10740, time remaining: 6m 19s
Rendered 3450/10740, time remaining: 6m 18s
Rendered 3451/10740, time remaining: 6m 18s
Rendered 3452/10740, time remaining: 6m 18s
Rendered 3453/10740, time remaining: 6m 19s
Rendered 3454/10740, time remaining: 6m 18s
Rendered 3455/10740, time remaining: 6m 18s
Rendered 3456/10740, time remaining: 6m 20s
Rendered 3457/10740, time remaining: 6m 21s
Rendered 3458/10740, time remaining: 6m 18s
Rendered 3459/10740, time remaining: 6m 18s
Rendered 3460/10740, time remaining: 6m 17s
Rendered 3461/10740, time remaining: 6m 17s
Rendered 3462/10740, time remaining: 6m 16s
Rendered 3463/10740, time remaining: 6m 16s
Rendered 3464/10740, time remaining: 6m 19s
Rendered 3465/10740, time remaining: 6m 18s
Rendered 3466/10740, time remaining: 6m 17s
Rendered 3467/10740, time remaining: 6m 17s
Rendered 3468/10740, time remaining: 6m 18s
Rendered 3469/10740, time remaining: 6m 18s
Rendered 3470/10740, time remaining: 6m 17s
Rendered 3471/10740, time remaining: 6m 17s
Rendered 3472/10740, time remaining: 6m 17s
Rendered 3473/10740, time remaining: 6m 17s
Rendered 3474/10740, time remaining: 6m 17s
Rendered 3475/10740, time remaining: 6m 16s
Rendered 3476/10740, time remaining: 6m 19s
Rendered 3477/10740, time remaining: 6m 18s
Rendered 3478/10740, time remaining: 6m 16s
Rendered 3479/10740, time remaining: 6m 15s
Rendered 3480/10740, time remaining: 6m 17s
Rendered 3481/10740, time remaining: 6m 17s
Rendered 3482/10740, time remaining: 6m 16s
Rendered 3483/10740, time remaining: 6m 15s
Rendered 3484/10740, time remaining: 6m 17s
Rendered 3485/10740, time remaining: 6m 17s
Rendered 3486/10740, time remaining: 6m 16s
Rendered 3487/10740, time remaining: 6m 15s
Rendered 3488/10740, time remaining: 6m 17s
Rendered 3489/10740, time remaining: 6m 17s
Rendered 3490/10740, time remaining: 6m 14s
Rendered 3491/10740, time remaining: 6m 14s
Rendered 3492/10740, time remaining: 6m 16s
Rendered 3493/10740, time remaining: 6m 17s
Rendered 3494/10740, time remaining: 6m 16s
Rendered 3495/10740, time remaining: 6m 15s
Rendered 3496/10740, time remaining: 6m 17s
Rendered 3497/10740, time remaining: 6m 18s
Rendered 3498/10740, time remaining: 6m 16s
Rendered 3499/10740, time remaining: 6m 16s
Rendered 3500/10740, time remaining: 6m 18s
Rendered 3501/10740, time remaining: 6m 17s
Rendered 3502/10740, time remaining: 6m 15s
Rendered 3503/10740, time remaining: 6m 15s
Rendered 3504/10740, time remaining: 6m 16s
Rendered 3505/10740, time remaining: 6m 16s
Rendered 3506/10740, time remaining: 6m 16s
Rendered 3507/10740, time remaining: 6m 15s
Rendered 3508/10740, time remaining: 6m 16s
Rendered 3509/10740, time remaining: 6m 16s
Rendered 3510/10740, time remaining: 6m 13s
Rendered 3511/10740, time remaining: 6m 13s
Rendered 3512/10740, time remaining: 6m 16s
Rendered 3513/10740, time remaining: 6m 16s
Rendered 3514/10740, time remaining: 6m 14s
Rendered 3515/10740, time remaining: 6m 14s
Rendered 3516/10740, time remaining: 6m 14s
Rendered 3517/10740, time remaining: 6m 14s
Rendered 3518/10740, time remaining: 6m 14s
Rendered 3519/10740, time remaining: 6m 14s
Rendered 3520/10740, time remaining: 6m 14s
Rendered 3521/10740, time remaining: 6m 14s
Rendered 3522/10740, time remaining: 6m 13s
Rendered 3523/10740, time remaining: 6m 13s
Rendered 3524/10740, time remaining: 6m 15s
Rendered 3525/10740, time remaining: 6m 14s
Rendered 3526/10740, time remaining: 6m 15s
Rendered 3527/10740, time remaining: 6m 14s
Rendered 3528/10740, time remaining: 6m 14s
Rendered 3529/10740, time remaining: 6m 16s
Rendered 3530/10740, time remaining: 6m 13s
Rendered 3531/10740, time remaining: 6m 12s
Rendered 3532/10740, time remaining: 6m 14s
Rendered 3533/10740, time remaining: 6m 13s
Rendered 3534/10740, time remaining: 6m 13s
Rendered 3535/10740, time remaining: 6m 12s
Rendered 3536/10740, time remaining: 6m 13s
Rendered 3537/10740, time remaining: 6m 12s
Rendered 3538/10740, time remaining: 6m 12s
Rendered 3539/10740, time remaining: 6m 11s
Rendered 3540/10740, time remaining: 6m 13s
Rendered 3541/10740, time remaining: 6m 13s
Rendered 3542/10740, time remaining: 6m 14s
Rendered 3543/10740, time remaining: 6m 13s
Rendered 3544/10740, time remaining: 6m 15s
Rendered 3545/10740, time remaining: 6m 15s
Rendered 3546/10740, time remaining: 6m 12s
Rendered 3547/10740, time remaining: 6m 12s
Rendered 3548/10740, time remaining: 6m 13s
Rendered 3549/10740, time remaining: 6m 13s
Rendered 3550/10740, time remaining: 6m 13s
Rendered 3551/10740, time remaining: 6m 13s
Rendered 3552/10740, time remaining: 6m 14s
Rendered 3553/10740, time remaining: 6m 15s
Rendered 3554/10740, time remaining: 6m 12s
Rendered 3555/10740, time remaining: 6m 11s
Rendered 3556/10740, time remaining: 6m 12s
Rendered 3557/10740, time remaining: 6m 13s
Rendered 3558/10740, time remaining: 6m 12s
Rendered 3559/10740, time remaining: 6m 11s
Rendered 3560/10740, time remaining: 6m 13s
Rendered 3561/10740, time remaining: 6m 13s
Rendered 3562/10740, time remaining: 6m 11s
Rendered 3563/10740, time remaining: 6m 11s
Rendered 3564/10740, time remaining: 6m 13s
Rendered 3565/10740, time remaining: 6m 13s
Rendered 3566/10740, time remaining: 6m 13s
Rendered 3567/10740, time remaining: 6m 11s
Rendered 3568/10740, time remaining: 6m 12s
Rendered 3569/10740, time remaining: 6m 13s
Rendered 3570/10740, time remaining: 6m 10s
Rendered 3571/10740, time remaining: 6m 10s
Rendered 3572/10740, time remaining: 6m 12s
Rendered 3573/10740, time remaining: 6m 12s
Rendered 3574/10740, time remaining: 6m 11s
Rendered 3575/10740, time remaining: 6m 11s
Rendered 3576/10740, time remaining: 6m 12s
Rendered 3577/10740, time remaining: 6m 12s
Rendered 3578/10740, time remaining: 6m 10s
Rendered 3579/10740, time remaining: 6m 11s
Rendered 3580/10740, time remaining: 6m 12s
Rendered 3581/10740, time remaining: 6m 12s
Rendered 3582/10740, time remaining: 6m 11s
Rendered 3583/10740, time remaining: 6m 11s
Rendered 3584/10740, time remaining: 6m 13s
Rendered 3585/10740, time remaining: 6m 12s
Rendered 3586/10740, time remaining: 6m 11s
Rendered 3587/10740, time remaining: 6m 11s
Rendered 3588/10740, time remaining: 6m 11s
Rendered 3589/10740, time remaining: 6m 12s
Rendered 3590/10740, time remaining: 6m 11s
Rendered 3591/10740, time remaining: 6m 10s
Rendered 3592/10740, time remaining: 6m 12s
Rendered 3593/10740, time remaining: 6m 12s
Rendered 3594/10740, time remaining: 6m 10s
Rendered 3595/10740, time remaining: 6m 10s
Rendered 3596/10740, time remaining: 6m 11s
Rendered 3597/10740, time remaining: 6m 12s
Rendered 3598/10740, time remaining: 6m 10s
Rendered 3599/10740, time remaining: 6m 9s
Rendered 3600/10740, time remaining: 6m 12s
Rendered 3601/10740, time remaining: 6m 12s
Rendered 3602/10740, time remaining: 6m 9s
Rendered 3603/10740, time remaining: 6m 9s
Rendered 3604/10740, time remaining: 6m 9s
Rendered 3605/10740, time remaining: 6m 10s
Rendered 3606/10740, time remaining: 6m 9s
Rendered 3607/10740, time remaining: 6m 8s
Rendered 3608/10740, time remaining: 6m 11s
Rendered 3609/10740, time remaining: 6m 11s
Rendered 3610/10740, time remaining: 6m 9s
Rendered 3611/10740, time remaining: 6m 9s
Rendered 3612/10740, time remaining: 6m 9s
Rendered 3613/10740, time remaining: 6m 10s
Rendered 3614/10740, time remaining: 6m 8s
Rendered 3615/10740, time remaining: 6m 8s
Rendered 3616/10740, time remaining: 6m 10s
Rendered 3617/10740, time remaining: 6m 9s
Rendered 3618/10740, time remaining: 6m 8s
Rendered 3619/10740, time remaining: 6m 9s
Rendered 3620/10740, time remaining: 6m 9s
Rendered 3621/10740, time remaining: 6m 10s
Rendered 3622/10740, time remaining: 6m 9s
Rendered 3623/10740, time remaining: 6m 9s
Rendered 3624/10740, time remaining: 6m 10s
Rendered 3625/10740, time remaining: 6m 10s
Rendered 3626/10740, time remaining: 6m 7s
Rendered 3627/10740, time remaining: 6m 7s
Rendered 3628/10740, time remaining: 6m 10s
Rendered 3629/10740, time remaining: 6m 9s
Rendered 3630/10740, time remaining: 6m 9s
Rendered 3631/10740, time remaining: 6m 7s
Rendered 3632/10740, time remaining: 6m 8s
Rendered 3633/10740, time remaining: 6m 7s
Rendered 3634/10740, time remaining: 6m 8s
Rendered 3635/10740, time remaining: 6m 8s
Rendered 3636/10740, time remaining: 6m 8s
Rendered 3637/10740, time remaining: 6m 8s
Rendered 3638/10740, time remaining: 6m 8s
Rendered 3639/10740, time remaining: 6m 7s
Rendered 3640/10740, time remaining: 6m 10s
Rendered 3641/10740, time remaining: 6m 10s
Rendered 3642/10740, time remaining: 6m 9s
Rendered 3643/10740, time remaining: 6m 7s
Rendered 3644/10740, time remaining: 6m 9s
Rendered 3645/10740, time remaining: 6m 9s
Rendered 3646/10740, time remaining: 6m 7s
Rendered 3647/10740, time remaining: 6m 6s
Rendered 3648/10740, time remaining: 6m 8s
Rendered 3649/10740, time remaining: 6m 9s
Rendered 3650/10740, time remaining: 6m 7s
Rendered 3651/10740, time remaining: 6m 6s
Rendered 3652/10740, time remaining: 6m 9s
Rendered 3653/10740, time remaining: 6m 9s
Rendered 3654/10740, time remaining: 6m 7s
Rendered 3655/10740, time remaining: 6m 7s
Rendered 3656/10740, time remaining: 6m 6s
Rendered 3657/10740, time remaining: 6m 8s
Rendered 3658/10740, time remaining: 6m 5s
Rendered 3659/10740, time remaining: 6m 5s
Rendered 3660/10740, time remaining: 6m 8s
Rendered 3661/10740, time remaining: 6m 7s
Rendered 3662/10740, time remaining: 6m 5s
Rendered 3663/10740, time remaining: 6m 7s
Rendered 3664/10740, time remaining: 6m 8s
Rendered 3665/10740, time remaining: 6m 7s
Rendered 3666/10740, time remaining: 6m 7s
Rendered 3667/10740, time remaining: 6m 7s
Rendered 3668/10740, time remaining: 6m 7s
Rendered 3669/10740, time remaining: 6m 8s
Rendered 3670/10740, time remaining: 6m 6s
Rendered 3671/10740, time remaining: 6m 6s
Rendered 3672/10740, time remaining: 6m 6s
Rendered 3673/10740, time remaining: 6m 7s
Rendered 3674/10740, time remaining: 6m 6s
Rendered 3675/10740, time remaining: 6m 6s
Rendered 3676/10740, time remaining: 6m 6s
Rendered 3677/10740, time remaining: 6m 6s
Rendered 3678/10740, time remaining: 6m 4s
Rendered 3679/10740, time remaining: 6m 4s
Rendered 3680/10740, time remaining: 6m 6s
Rendered 3681/10740, time remaining: 6m 6s
Rendered 3682/10740, time remaining: 6m 7s
Rendered 3683/10740, time remaining: 6m 7s
Rendered 3684/10740, time remaining: 6m 7s
Rendered 3685/10740, time remaining: 6m 7s
Rendered 3686/10740, time remaining: 6m 5s
Rendered 3687/10740, time remaining: 6m 5s
Rendered 3688/10740, time remaining: 6m 5s
Rendered 3689/10740, time remaining: 6m 6s
Rendered 3690/10740, time remaining: 6m 5s
Rendered 3691/10740, time remaining: 6m 5s
Rendered 3692/10740, time remaining: 6m 4s
Rendered 3693/10740, time remaining: 6m 5s
Rendered 3694/10740, time remaining: 6m 3s
Rendered 3695/10740, time remaining: 6m 3s
Rendered 3696/10740, time remaining: 6m 6s
Rendered 3697/10740, time remaining: 6m 6s
Rendered 3698/10740, time remaining: 6m 6s
Rendered 3699/10740, time remaining: 6m 5s
Rendered 3700/10740, time remaining: 6m 5s
Rendered 3701/10740, time remaining: 6m 6s
Rendered 3702/10740, time remaining: 6m 3s
Rendered 3703/10740, time remaining: 6m 2s
Rendered 3704/10740, time remaining: 6m 5s
Rendered 3705/10740, time remaining: 6m 5s
Rendered 3706/10740, time remaining: 6m 4s
Rendered 3707/10740, time remaining: 6m 4s
Rendered 3708/10740, time remaining: 6m 4s
Rendered 3709/10740, time remaining: 6m 5s
Rendered 3710/10740, time remaining: 6m 3s
Rendered 3711/10740, time remaining: 6m 3s
Rendered 3712/10740, time remaining: 6m 5s
Rendered 3713/10740, time remaining: 6m 5s
Rendered 3714/10740, time remaining: 6m 3s
Rendered 3715/10740, time remaining: 6m 3s
Rendered 3716/10740, time remaining: 6m 3s
Rendered 3717/10740, time remaining: 6m 4s
Rendered 3718/10740, time remaining: 6m 3s
Rendered 3719/10740, time remaining: 6m 2s
Rendered 3720/10740, time remaining: 6m 5s
Rendered 3721/10740, time remaining: 6m 4s
Rendered 3722/10740, time remaining: 6m 2s
Rendered 3723/10740, time remaining: 6m 2s
Rendered 3724/10740, time remaining: 6m 3s
Rendered 3725/10740, time remaining: 6m 3s
Rendered 3726/10740, time remaining: 6m 2s
Rendered 3727/10740, time remaining: 6m 2s
Rendered 3728/10740, time remaining: 6m 3s
Rendered 3729/10740, time remaining: 6m 3s
Rendered 3730/10740, time remaining: 6m 2s
Rendered 3731/10740, time remaining: 6m 2s
Rendered 3732/10740, time remaining: 6m 2s
Rendered 3733/10740, time remaining: 6m 4s
Rendered 3734/10740, time remaining: 6m 1s
Rendered 3735/10740, time remaining: 6m 1s
Rendered 3736/10740, time remaining: 6m 3s
Rendered 3737/10740, time remaining: 6m 2s
Rendered 3738/10740, time remaining: 6m 1s
Rendered 3739/10740, time remaining: 6m 2s
Rendered 3740/10740, time remaining: 6m 2s
Rendered 3741/10740, time remaining: 6m 2s
Rendered 3742/10740, time remaining: 6m 2s
Rendered 3743/10740, time remaining: 6m 1s
Rendered 3744/10740, time remaining: 6m 3s
Rendered 3745/10740, time remaining: 6m 3s
Rendered 3746/10740, time remaining: 6m 1s
Rendered 3747/10740, time remaining: 6m 0s
Rendered 3748/10740, time remaining: 6m 1s
Rendered 3749/10740, time remaining: 6m 2s
Rendered 3750/10740, time remaining: 6m 1s
Rendered 3751/10740, time remaining: 6m 0s
Rendered 3752/10740, time remaining: 6m 2s
Rendered 3753/10740, time remaining: 6m 2s
Rendered 3754/10740, time remaining: 6m 1s
Rendered 3755/10740, time remaining: 6m 1s
Rendered 3756/10740, time remaining: 6m 1s
Rendered 3757/10740, time remaining: 6m 1s
Rendered 3758/10740, time remaining: 6m 0s
Rendered 3759/10740, time remaining: 5m 59s
Rendered 3760/10740, time remaining: 6m 2s
Rendered 3761/10740, time remaining: 6m 3s
Rendered 3762/10740, time remaining: 6m 1s
Rendered 3763/10740, time remaining: 6m 1s
Rendered 3764/10740, time remaining: 6m 1s
Rendered 3765/10740, time remaining: 6m 2s
Rendered 3766/10740, time remaining: 6m 1s
Rendered 3767/10740, time remaining: 6m 1s
Rendered 3768/10740, time remaining: 6m 3s
Rendered 3769/10740, time remaining: 6m 2s
Rendered 3770/10740, time remaining: 6m 0s
Rendered 3771/10740, time remaining: 6m 0s
Rendered 3772/10740, time remaining: 5m 59s
Rendered 3773/10740, time remaining: 6m 1s
Rendered 3774/10740, time remaining: 5m 58s
Rendered 3775/10740, time remaining: 5m 58s
Rendered 3776/10740, time remaining: 6m 0s
Rendered 3777/10740, time remaining: 6m 0s
Rendered 3778/10740, time remaining: 6m 0s
Rendered 3779/10740, time remaining: 6m 0s
Rendered 3780/10740, time remaining: 6m 1s
Rendered 3781/10740, time remaining: 6m 1s
Rendered 3782/10740, time remaining: 6m 0s
Rendered 3783/10740, time remaining: 6m 0s
Rendered 3784/10740, time remaining: 6m 0s
Rendered 3785/10740, time remaining: 6m 0s
Rendered 3786/10740, time remaining: 6m 0s
Rendered 3787/10740, time remaining: 6m 0s
Rendered 3788/10740, time remaining: 5m 59s
Rendered 3789/10740, time remaining: 6m 0s
Rendered 3790/10740, time remaining: 5m 59s
Rendered 3791/10740, time remaining: 5m 59s
Rendered 3792/10740, time remaining: 6m 1s
Rendered 3793/10740, time remaining: 6m 1s
Rendered 3794/10740, time remaining: 5m 58s
Rendered 3795/10740, time remaining: 5m 57s
Rendered 3796/10740, time remaining: 5m 58s
Rendered 3797/10740, time remaining: 5m 59s
Rendered 3798/10740, time remaining: 5m 58s
Rendered 3799/10740, time remaining: 5m 56s
Rendered 3800/10740, time remaining: 5m 58s
Rendered 3801/10740, time remaining: 5m 59s
Rendered 3802/10740, time remaining: 5m 58s
Rendered 3803/10740, time remaining: 5m 58s
Rendered 3804/10740, time remaining: 6m 0s
Rendered 3805/10740, time remaining: 6m 0s
Rendered 3806/10740, time remaining: 5m 59s
Rendered 3807/10740, time remaining: 5m 58s
Rendered 3808/10740, time remaining: 6m 0s
Rendered 3809/10740, time remaining: 6m 0s
Rendered 3810/10740, time remaining: 5m 58s
Rendered 3811/10740, time remaining: 5m 59s
Rendered 3812/10740, time remaining: 6m 0s
Rendered 3813/10740, time remaining: 6m 0s
Rendered 3814/10740, time remaining: 5m 59s
Rendered 3815/10740, time remaining: 5m 58s
Rendered 3816/10740, time remaining: 5m 59s
Rendered 3817/10740, time remaining: 6m 0s
Rendered 3818/10740, time remaining: 5m 57s
Rendered 3819/10740, time remaining: 5m 56s
Rendered 3820/10740, time remaining: 5m 59s
Rendered 3821/10740, time remaining: 5m 58s
Rendered 3822/10740, time remaining: 5m 58s
Rendered 3823/10740, time remaining: 5m 58s
Rendered 3824/10740, time remaining: 5m 59s
Rendered 3825/10740, time remaining: 6m 0s
Rendered 3826/10740, time remaining: 5m 57s
Rendered 3827/10740, time remaining: 5m 56s
Rendered 3828/10740, time remaining: 5m 57s
Rendered 3829/10740, time remaining: 5m 57s
Rendered 3830/10740, time remaining: 5m 57s
Rendered 3831/10740, time remaining: 5m 57s
Rendered 3832/10740, time remaining: 5m 57s
Rendered 3833/10740, time remaining: 5m 58s
Rendered 3834/10740, time remaining: 5m 57s
Rendered 3835/10740, time remaining: 5m 57s
Rendered 3836/10740, time remaining: 5m 59s
Rendered 3837/10740, time remaining: 6m 0s
Rendered 3838/10740, time remaining: 5m 58s
Rendered 3839/10740, time remaining: 5m 57s
Rendered 3840/10740, time remaining: 5m 59s
Rendered 3841/10740, time remaining: 5m 58s
Rendered 3842/10740, time remaining: 5m 57s
Rendered 3843/10740, time remaining: 5m 57s
Rendered 3844/10740, time remaining: 5m 57s
Rendered 3845/10740, time remaining: 5m 58s
Rendered 3846/10740, time remaining: 5m 56s
Rendered 3847/10740, time remaining: 5m 56s
Rendered 3848/10740, time remaining: 5m 57s
Rendered 3849/10740, time remaining: 5m 58s
Rendered 3850/10740, time remaining: 5m 56s
Rendered 3851/10740, time remaining: 5m 55s
Rendered 3852/10740, time remaining: 5m 58s
Rendered 3853/10740, time remaining: 5m 59s
Rendered 3854/10740, time remaining: 5m 56s
Rendered 3855/10740, time remaining: 5m 56s
Rendered 3856/10740, time remaining: 5m 57s
Rendered 3857/10740, time remaining: 5m 57s
Rendered 3858/10740, time remaining: 5m 56s
Rendered 3859/10740, time remaining: 5m 55s
Rendered 3860/10740, time remaining: 5m 56s
Rendered 3861/10740, time remaining: 5m 57s
Rendered 3862/10740, time remaining: 5m 56s
Rendered 3863/10740, time remaining: 5m 55s
Rendered 3864/10740, time remaining: 5m 58s
Rendered 3865/10740, time remaining: 5m 58s
Rendered 3866/10740, time remaining: 5m 56s
Rendered 3867/10740, time remaining: 5m 56s
Rendered 3868/10740, time remaining: 5m 56s
Rendered 3869/10740, time remaining: 5m 56s
Rendered 3870/10740, time remaining: 5m 55s
Rendered 3871/10740, time remaining: 5m 54s
Rendered 3872/10740, time remaining: 5m 57s
Rendered 3873/10740, time remaining: 5m 57s
Rendered 3874/10740, time remaining: 5m 56s
Rendered 3875/10740, time remaining: 5m 56s
Rendered 3876/10740, time remaining: 5m 56s
Rendered 3877/10740, time remaining: 5m 57s
Rendered 3878/10740, time remaining: 5m 56s
Rendered 3879/10740, time remaining: 5m 55s
Rendered 3880/10740, time remaining: 5m 57s
Rendered 3881/10740, time remaining: 5m 56s
Rendered 3882/10740, time remaining: 5m 56s
Rendered 3883/10740, time remaining: 5m 55s
Rendered 3884/10740, time remaining: 5m 57s
Rendered 3885/10740, time remaining: 5m 57s
Rendered 3886/10740, time remaining: 5m 55s
Rendered 3887/10740, time remaining: 5m 55s
Rendered 3888/10740, time remaining: 5m 56s
Rendered 3889/10740, time remaining: 5m 56s
Rendered 3890/10740, time remaining: 5m 56s
Rendered 3891/10740, time remaining: 5m 55s
Rendered 3892/10740, time remaining: 5m 56s
Rendered 3893/10740, time remaining: 5m 55s
Rendered 3894/10740, time remaining: 5m 53s
Rendered 3895/10740, time remaining: 5m 53s
Rendered 3896/10740, time remaining: 5m 55s
Rendered 3897/10740, time remaining: 5m 56s
Rendered 3898/10740, time remaining: 5m 55s
Rendered 3899/10740, time remaining: 5m 54s
Rendered 3900/10740, time remaining: 5m 55s
Rendered 3901/10740, time remaining: 5m 56s
Rendered 3902/10740, time remaining: 5m 53s
Rendered 3903/10740, time remaining: 5m 54s
Rendered 3904/10740, time remaining: 5m 55s
Rendered 3905/10740, time remaining: 5m 55s
Rendered 3906/10740, time remaining: 5m 55s
Rendered 3907/10740, time remaining: 5m 54s
Rendered 3908/10740, time remaining: 5m 55s
Rendered 3909/10740, time remaining: 5m 56s
Rendered 3910/10740, time remaining: 5m 53s
Rendered 3911/10740, time remaining: 5m 53s
Rendered 3912/10740, time remaining: 5m 54s
Rendered 3913/10740, time remaining: 5m 54s
Rendered 3914/10740, time remaining: 5m 54s
Rendered 3915/10740, time remaining: 5m 53s
Rendered 3916/10740, time remaining: 5m 53s
Rendered 3917/10740, time remaining: 5m 53s
Rendered 3918/10740, time remaining: 5m 53s
Rendered 3919/10740, time remaining: 5m 52s
Rendered 3920/10740, time remaining: 5m 55s
Rendered 3921/10740, time remaining: 5m 56s
Rendered 3922/10740, time remaining: 5m 53s
Rendered 3923/10740, time remaining: 5m 52s
Rendered 3924/10740, time remaining: 5m 53s
Rendered 3925/10740, time remaining: 5m 54s
Rendered 3926/10740, time remaining: 5m 54s
Rendered 3927/10740, time remaining: 5m 53s
Rendered 3928/10740, time remaining: 5m 53s
Rendered 3929/10740, time remaining: 5m 53s
Rendered 3930/10740, time remaining: 5m 53s
Rendered 3931/10740, time remaining: 5m 52s
Rendered 3932/10740, time remaining: 5m 54s
Rendered 3933/10740, time remaining: 5m 54s
Rendered 3934/10740, time remaining: 5m 51s
Rendered 3935/10740, time remaining: 5m 52s
Rendered 3936/10740, time remaining: 5m 52s
Rendered 3937/10740, time remaining: 5m 53s
Rendered 3938/10740, time remaining: 5m 52s
Rendered 3939/10740, time remaining: 5m 52s
Rendered 3940/10740, time remaining: 5m 52s
Rendered 3941/10740, time remaining: 5m 52s
Rendered 3942/10740, time remaining: 5m 51s
Rendered 3943/10740, time remaining: 5m 52s
Rendered 3944/10740, time remaining: 5m 54s
Rendered 3945/10740, time remaining: 5m 54s
Rendered 3946/10740, time remaining: 5m 53s
Rendered 3947/10740, time remaining: 5m 52s
Rendered 3948/10740, time remaining: 5m 52s
Rendered 3949/10740, time remaining: 5m 53s
Rendered 3950/10740, time remaining: 5m 52s
Rendered 3951/10740, time remaining: 5m 52s
Rendered 3952/10740, time remaining: 5m 52s
Rendered 3953/10740, time remaining: 5m 52s
Rendered 3954/10740, time remaining: 5m 52s
Rendered 3955/10740, time remaining: 5m 51s
Rendered 3956/10740, time remaining: 5m 52s
Rendered 3957/10740, time remaining: 5m 53s
Rendered 3958/10740, time remaining: 5m 50s
Rendered 3959/10740, time remaining: 5m 51s
Rendered 3960/10740, time remaining: 5m 51s
Rendered 3961/10740, time remaining: 5m 51s
Rendered 3962/10740, time remaining: 5m 51s
Rendered 3963/10740, time remaining: 5m 50s
Rendered 3964/10740, time remaining: 5m 52s
Rendered 3965/10740, time remaining: 5m 52s
Rendered 3966/10740, time remaining: 5m 50s
Rendered 3967/10740, time remaining: 5m 49s
Rendered 3968/10740, time remaining: 5m 51s
Rendered 3969/10740, time remaining: 5m 51s
Rendered 3970/10740, time remaining: 5m 50s
Rendered 3971/10740, time remaining: 5m 50s
Rendered 3972/10740, time remaining: 5m 51s
Rendered 3973/10740, time remaining: 5m 50s
Rendered 3974/10740, time remaining: 5m 49s
Rendered 3975/10740, time remaining: 5m 49s
Rendered 3976/10740, time remaining: 5m 51s
Rendered 3977/10740, time remaining: 5m 51s
Rendered 3978/10740, time remaining: 5m 51s
Rendered 3979/10740, time remaining: 5m 50s
Rendered 3980/10740, time remaining: 5m 51s
Rendered 3981/10740, time remaining: 5m 50s
Rendered 3982/10740, time remaining: 5m 49s
Rendered 3983/10740, time remaining: 5m 49s
Rendered 3984/10740, time remaining: 5m 49s
Rendered 3985/10740, time remaining: 5m 49s
Rendered 3986/10740, time remaining: 5m 48s
Rendered 3987/10740, time remaining: 5m 48s
Rendered 3988/10740, time remaining: 5m 50s
Rendered 3989/10740, time remaining: 5m 50s
Rendered 3990/10740, time remaining: 5m 47s
Rendered 3991/10740, time remaining: 5m 48s
Rendered 3992/10740, time remaining: 5m 50s
Rendered 3993/10740, time remaining: 5m 50s
Rendered 3994/10740, time remaining: 5m 49s
Rendered 3995/10740, time remaining: 5m 49s
Rendered 3996/10740, time remaining: 5m 50s
Rendered 3997/10740, time remaining: 5m 51s
Rendered 3998/10740, time remaining: 5m 48s
Rendered 3999/10740, time remaining: 5m 48s
Rendered 4000/10740, time remaining: 5m 48s
Rendered 4001/10740, time remaining: 5m 49s
Rendered 4002/10740, time remaining: 5m 48s
Rendered 4003/10740, time remaining: 5m 47s
Rendered 4004/10740, time remaining: 5m 50s
Rendered 4005/10740, time remaining: 5m 50s
Rendered 4006/10740, time remaining: 5m 47s
Rendered 4007/10740, time remaining: 5m 47s
Rendered 4008/10740, time remaining: 5m 48s
Rendered 4009/10740, time remaining: 5m 49s
Rendered 4010/10740, time remaining: 5m 48s
Rendered 4011/10740, time remaining: 5m 46s
Rendered 4012/10740, time remaining: 5m 46s
Rendered 4013/10740, time remaining: 5m 46s
Rendered 4014/10740, time remaining: 5m 46s
Rendered 4015/10740, time remaining: 5m 43s
Rendered 4016/10740, time remaining: 5m 45s
Rendered 4017/10740, time remaining: 5m 44s
Rendered 4018/10740, time remaining: 5m 45s
Rendered 4019/10740, time remaining: 5m 45s
Rendered 4020/10740, time remaining: 5m 45s
Rendered 4021/10740, time remaining: 5m 46s
Rendered 4022/10740, time remaining: 5m 45s
Rendered 4023/10740, time remaining: 5m 44s
Rendered 4024/10740, time remaining: 5m 45s
Rendered 4025/10740, time remaining: 5m 44s
Rendered 4026/10740, time remaining: 5m 45s
Rendered 4027/10740, time remaining: 5m 44s
Rendered 4028/10740, time remaining: 5m 45s
Rendered 4029/10740, time remaining: 5m 45s
Rendered 4030/10740, time remaining: 5m 44s
Rendered 4031/10740, time remaining: 5m 45s
Rendered 4032/10740, time remaining: 5m 45s
Rendered 4033/10740, time remaining: 5m 45s
Rendered 4034/10740, time remaining: 5m 45s
Rendered 4035/10740, time remaining: 5m 42s
Rendered 4036/10740, time remaining: 5m 45s
Rendered 4037/10740, time remaining: 5m 44s
Rendered 4038/10740, time remaining: 5m 45s
Rendered 4039/10740, time remaining: 5m 44s
Rendered 4040/10740, time remaining: 5m 43s
Rendered 4041/10740, time remaining: 5m 44s
Rendered 4042/10740, time remaining: 5m 44s
Rendered 4043/10740, time remaining: 5m 42s
Rendered 4044/10740, time remaining: 5m 45s
Rendered 4045/10740, time remaining: 5m 44s
Rendered 4046/10740, time remaining: 5m 45s
Rendered 4047/10740, time remaining: 5m 43s
Rendered 4048/10740, time remaining: 5m 44s
Rendered 4049/10740, time remaining: 5m 44s
Rendered 4050/10740, time remaining: 5m 44s
Rendered 4051/10740, time remaining: 5m 42s
Rendered 4052/10740, time remaining: 5m 44s
Rendered 4053/10740, time remaining: 5m 44s
Rendered 4054/10740, time remaining: 5m 44s
Rendered 4055/10740, time remaining: 5m 42s
Rendered 4056/10740, time remaining: 5m 43s
Rendered 4057/10740, time remaining: 5m 43s
Rendered 4058/10740, time remaining: 5m 43s
Rendered 4059/10740, time remaining: 5m 42s
Rendered 4060/10740, time remaining: 5m 44s
Rendered 4061/10740, time remaining: 5m 44s
Rendered 4062/10740, time remaining: 5m 44s
Rendered 4063/10740, time remaining: 5m 42s
Rendered 4064/10740, time remaining: 5m 43s
Rendered 4065/10740, time remaining: 5m 43s
Rendered 4066/10740, time remaining: 5m 44s
Rendered 4067/10740, time remaining: 5m 43s
Rendered 4068/10740, time remaining: 5m 42s
Rendered 4069/10740, time remaining: 5m 43s
Rendered 4070/10740, time remaining: 5m 42s
Rendered 4071/10740, time remaining: 5m 40s
Rendered 4072/10740, time remaining: 5m 42s
Rendered 4073/10740, time remaining: 5m 42s
Rendered 4074/10740, time remaining: 5m 44s
Rendered 4075/10740, time remaining: 5m 41s
Rendered 4076/10740, time remaining: 5m 42s
Rendered 4077/10740, time remaining: 5m 42s
Rendered 4078/10740, time remaining: 5m 43s
Rendered 4079/10740, time remaining: 5m 42s
Rendered 4080/10740, time remaining: 5m 42s
Rendered 4081/10740, time remaining: 5m 43s
Rendered 4082/10740, time remaining: 5m 43s
Rendered 4083/10740, time remaining: 5m 40s
Rendered 4084/10740, time remaining: 5m 43s
Rendered 4085/10740, time remaining: 5m 42s
Rendered 4086/10740, time remaining: 5m 42s
Rendered 4087/10740, time remaining: 5m 42s
Rendered 4088/10740, time remaining: 5m 42s
Rendered 4089/10740, time remaining: 5m 42s
Rendered 4090/10740, time remaining: 5m 43s
Rendered 4091/10740, time remaining: 5m 40s
Rendered 4092/10740, time remaining: 5m 41s
Rendered 4093/10740, time remaining: 5m 41s
Rendered 4094/10740, time remaining: 5m 40s
Rendered 4095/10740, time remaining: 5m 40s
Rendered 4096/10740, time remaining: 5m 41s
Rendered 4097/10740, time remaining: 5m 42s
Rendered 4098/10740, time remaining: 5m 42s
Rendered 4099/10740, time remaining: 5m 40s
Rendered 4100/10740, time remaining: 5m 42s
Rendered 4101/10740, time remaining: 5m 41s
Rendered 4102/10740, time remaining: 5m 42s
Rendered 4103/10740, time remaining: 5m 40s
Rendered 4104/10740, time remaining: 5m 40s
Rendered 4105/10740, time remaining: 5m 41s
Rendered 4106/10740, time remaining: 5m 40s
Rendered 4107/10740, time remaining: 5m 38s
Rendered 4108/10740, time remaining: 5m 41s
Rendered 4109/10740, time remaining: 5m 40s
Rendered 4110/10740, time remaining: 5m 41s
Rendered 4111/10740, time remaining: 5m 40s
Rendered 4112/10740, time remaining: 5m 40s
Rendered 4113/10740, time remaining: 5m 40s
Rendered 4114/10740, time remaining: 5m 40s
Rendered 4115/10740, time remaining: 5m 38s
Rendered 4116/10740, time remaining: 5m 40s
Rendered 4117/10740, time remaining: 5m 40s
Rendered 4118/10740, time remaining: 5m 41s
Rendered 4119/10740, time remaining: 5m 39s
Rendered 4120/10740, time remaining: 5m 40s
Rendered 4121/10740, time remaining: 5m 40s
Rendered 4122/10740, time remaining: 5m 39s
Rendered 4123/10740, time remaining: 5m 39s
Rendered 4124/10740, time remaining: 5m 40s
Rendered 4125/10740, time remaining: 5m 40s
Rendered 4126/10740, time remaining: 5m 40s
Rendered 4127/10740, time remaining: 5m 39s
Rendered 4128/10740, time remaining: 5m 40s
Rendered 4129/10740, time remaining: 5m 40s
Rendered 4130/10740, time remaining: 5m 39s
Rendered 4131/10740, time remaining: 5m 39s
Rendered 4132/10740, time remaining: 5m 40s
Rendered 4133/10740, time remaining: 5m 40s
Rendered 4134/10740, time remaining: 5m 40s
Rendered 4135/10740, time remaining: 5m 38s
Rendered 4136/10740, time remaining: 5m 38s
Rendered 4137/10740, time remaining: 5m 39s
Rendered 4138/10740, time remaining: 5m 39s
Rendered 4139/10740, time remaining: 5m 38s
Rendered 4140/10740, time remaining: 5m 40s
Rendered 4141/10740, time remaining: 5m 40s
Rendered 4142/10740, time remaining: 5m 40s
Rendered 4143/10740, time remaining: 5m 38s
Rendered 4144/10740, time remaining: 5m 38s
Rendered 4145/10740, time remaining: 5m 39s
Rendered 4146/10740, time remaining: 5m 38s
Rendered 4147/10740, time remaining: 5m 36s
Rendered 4148/10740, time remaining: 5m 39s
Rendered 4149/10740, time remaining: 5m 39s
Rendered 4150/10740, time remaining: 5m 39s
Rendered 4151/10740, time remaining: 5m 38s
Rendered 4152/10740, time remaining: 5m 38s
Rendered 4153/10740, time remaining: 5m 38s
Rendered 4154/10740, time remaining: 5m 37s
Rendered 4155/10740, time remaining: 5m 36s
Rendered 4156/10740, time remaining: 5m 39s
Rendered 4157/10740, time remaining: 5m 39s
Rendered 4158/10740, time remaining: 5m 39s
Rendered 4159/10740, time remaining: 5m 38s
Rendered 4160/10740, time remaining: 5m 39s
Rendered 4161/10740, time remaining: 5m 40s
Rendered 4162/10740, time remaining: 5m 40s
Rendered 4163/10740, time remaining: 5m 38s
Rendered 4164/10740, time remaining: 5m 38s
Rendered 4165/10740, time remaining: 5m 40s
Rendered 4166/10740, time remaining: 5m 41s
Rendered 4167/10740, time remaining: 5m 40s
Rendered 4168/10740, time remaining: 5m 40s
Rendered 4169/10740, time remaining: 5m 40s
Rendered 4170/10740, time remaining: 5m 40s
Rendered 4171/10740, time remaining: 5m 40s
Rendered 4172/10740, time remaining: 5m 39s
Rendered 4173/10740, time remaining: 5m 41s
Rendered 4174/10740, time remaining: 5m 42s
Rendered 4175/10740, time remaining: 5m 40s
Rendered 4176/10740, time remaining: 5m 39s
Rendered 4177/10740, time remaining: 5m 40s
Rendered 4178/10740, time remaining: 5m 40s
Rendered 4179/10740, time remaining: 5m 40s
Rendered 4180/10740, time remaining: 5m 39s
Rendered 4181/10740, time remaining: 5m 40s
Rendered 4182/10740, time remaining: 5m 40s
Rendered 4183/10740, time remaining: 5m 38s
Rendered 4184/10740, time remaining: 5m 38s
Rendered 4185/10740, time remaining: 5m 40s
Rendered 4186/10740, time remaining: 5m 39s
Rendered 4187/10740, time remaining: 5m 40s
Rendered 4188/10740, time remaining: 5m 38s
Rendered 4189/10740, time remaining: 5m 40s
Rendered 4190/10740, time remaining: 5m 41s
Rendered 4191/10740, time remaining: 5m 38s
Rendered 4192/10740, time remaining: 5m 38s
Rendered 4193/10740, time remaining: 5m 39s
Rendered 4194/10740, time remaining: 5m 40s
Rendered 4195/10740, time remaining: 5m 38s
Rendered 4196/10740, time remaining: 5m 38s
Rendered 4197/10740, time remaining: 5m 39s
Rendered 4198/10740, time remaining: 5m 40s
Rendered 4199/10740, time remaining: 5m 37s
Rendered 4200/10740, time remaining: 5m 38s
Rendered 4201/10740, time remaining: 5m 40s
Rendered 4202/10740, time remaining: 5m 40s
Rendered 4203/10740, time remaining: 5m 37s
Rendered 4204/10740, time remaining: 5m 37s
Rendered 4205/10740, time remaining: 5m 39s
Rendered 4206/10740, time remaining: 5m 38s
Rendered 4207/10740, time remaining: 5m 38s
Rendered 4208/10740, time remaining: 5m 38s
Rendered 4209/10740, time remaining: 5m 38s
Rendered 4210/10740, time remaining: 5m 39s
Rendered 4211/10740, time remaining: 5m 36s
Rendered 4212/10740, time remaining: 5m 36s
Rendered 4213/10740, time remaining: 5m 38s
Rendered 4214/10740, time remaining: 5m 38s
Rendered 4215/10740, time remaining: 5m 37s
Rendered 4216/10740, time remaining: 5m 37s
Rendered 4217/10740, time remaining: 5m 38s
Rendered 4218/10740, time remaining: 5m 38s
Rendered 4219/10740, time remaining: 5m 36s
Rendered 4220/10740, time remaining: 5m 37s
Rendered 4221/10740, time remaining: 5m 38s
Rendered 4222/10740, time remaining: 5m 38s
Rendered 4223/10740, time remaining: 5m 38s
Rendered 4224/10740, time remaining: 5m 37s
Rendered 4225/10740, time remaining: 5m 38s
Rendered 4226/10740, time remaining: 5m 38s
Rendered 4227/10740, time remaining: 5m 37s
Rendered 4228/10740, time remaining: 5m 37s
Rendered 4229/10740, time remaining: 5m 37s
Rendered 4230/10740, time remaining: 5m 37s
Rendered 4231/10740, time remaining: 5m 36s
Rendered 4232/10740, time remaining: 5m 35s
Rendered 4233/10740, time remaining: 5m 38s
Rendered 4234/10740, time remaining: 5m 38s
Rendered 4235/10740, time remaining: 5m 36s
Rendered 4236/10740, time remaining: 5m 37s
Rendered 4237/10740, time remaining: 5m 36s
Rendered 4238/10740, time remaining: 5m 36s
Rendered 4239/10740, time remaining: 5m 35s
Rendered 4240/10740, time remaining: 5m 35s
Rendered 4241/10740, time remaining: 5m 37s
Rendered 4242/10740, time remaining: 5m 37s
Rendered 4243/10740, time remaining: 5m 36s
Rendered 4244/10740, time remaining: 5m 36s
Rendered 4245/10740, time remaining: 5m 37s
Rendered 4246/10740, time remaining: 5m 37s
Rendered 4247/10740, time remaining: 5m 36s
Rendered 4248/10740, time remaining: 5m 35s
Rendered 4249/10740, time remaining: 5m 37s
Rendered 4250/10740, time remaining: 5m 37s
Rendered 4251/10740, time remaining: 5m 35s
Rendered 4252/10740, time remaining: 5m 35s
Rendered 4253/10740, time remaining: 5m 35s
Rendered 4254/10740, time remaining: 5m 36s
Rendered 4255/10740, time remaining: 5m 35s
Rendered 4256/10740, time remaining: 5m 35s
Rendered 4257/10740, time remaining: 5m 37s
Rendered 4258/10740, time remaining: 5m 37s
Rendered 4259/10740, time remaining: 5m 35s
Rendered 4260/10740, time remaining: 5m 35s
Rendered 4261/10740, time remaining: 5m 35s
Rendered 4262/10740, time remaining: 5m 36s
Rendered 4263/10740, time remaining: 5m 35s
Rendered 4264/10740, time remaining: 5m 35s
Rendered 4265/10740, time remaining: 5m 36s
Rendered 4266/10740, time remaining: 5m 36s
Rendered 4267/10740, time remaining: 5m 35s
Rendered 4268/10740, time remaining: 5m 34s
Rendered 4269/10740, time remaining: 5m 36s
Rendered 4270/10740, time remaining: 5m 36s
Rendered 4271/10740, time remaining: 5m 34s
Rendered 4272/10740, time remaining: 5m 35s
Rendered 4273/10740, time remaining: 5m 35s
Rendered 4274/10740, time remaining: 5m 35s
Rendered 4275/10740, time remaining: 5m 35s
Rendered 4276/10740, time remaining: 5m 34s
Rendered 4277/10740, time remaining: 5m 36s
Rendered 4278/10740, time remaining: 5m 36s
Rendered 4279/10740, time remaining: 5m 34s
Rendered 4280/10740, time remaining: 5m 34s
Rendered 4281/10740, time remaining: 5m 35s
Rendered 4282/10740, time remaining: 5m 35s
Rendered 4283/10740, time remaining: 5m 34s
Rendered 4284/10740, time remaining: 5m 35s
Rendered 4285/10740, time remaining: 5m 37s
Rendered 4286/10740, time remaining: 5m 36s
Rendered 4287/10740, time remaining: 5m 34s
Rendered 4288/10740, time remaining: 5m 33s
Rendered 4289/10740, time remaining: 5m 33s
Rendered 4290/10740, time remaining: 5m 34s
Rendered 4291/10740, time remaining: 5m 32s
Rendered 4292/10740, time remaining: 5m 33s
Rendered 4293/10740, time remaining: 5m 34s
Rendered 4294/10740, time remaining: 5m 35s
Rendered 4295/10740, time remaining: 5m 34s
Rendered 4296/10740, time remaining: 5m 34s
Rendered 4297/10740, time remaining: 5m 35s
Rendered 4298/10740, time remaining: 5m 35s
Rendered 4299/10740, time remaining: 5m 33s
Rendered 4300/10740, time remaining: 5m 33s
Rendered 4301/10740, time remaining: 5m 34s
Rendered 4302/10740, time remaining: 5m 34s
Rendered 4303/10740, time remaining: 5m 33s
Rendered 4304/10740, time remaining: 5m 34s
Rendered 4305/10740, time remaining: 5m 35s
Rendered 4306/10740, time remaining: 5m 35s
Rendered 4307/10740, time remaining: 5m 33s
Rendered 4308/10740, time remaining: 5m 33s
Rendered 4309/10740, time remaining: 5m 33s
Rendered 4310/10740, time remaining: 5m 33s
Rendered 4311/10740, time remaining: 5m 32s
Rendered 4312/10740, time remaining: 5m 32s
Rendered 4313/10740, time remaining: 5m 34s
Rendered 4314/10740, time remaining: 5m 34s
Rendered 4315/10740, time remaining: 5m 33s
Rendered 4316/10740, time remaining: 5m 33s
Rendered 4317/10740, time remaining: 5m 34s
Rendered 4318/10740, time remaining: 5m 34s
Rendered 4319/10740, time remaining: 5m 32s
Rendered 4320/10740, time remaining: 5m 32s
Rendered 4321/10740, time remaining: 5m 32s
Rendered 4322/10740, time remaining: 5m 32s
Rendered 4323/10740, time remaining: 5m 31s
Rendered 4324/10740, time remaining: 5m 30s
Rendered 4325/10740, time remaining: 5m 33s
Rendered 4326/10740, time remaining: 5m 32s
Rendered 4327/10740, time remaining: 5m 31s
Rendered 4328/10740, time remaining: 5m 32s
Rendered 4329/10740, time remaining: 5m 31s
Rendered 4330/10740, time remaining: 5m 32s
Rendered 4331/10740, time remaining: 5m 31s
Rendered 4332/10740, time remaining: 5m 30s
Rendered 4333/10740, time remaining: 5m 33s
Rendered 4334/10740, time remaining: 5m 32s
Rendered 4335/10740, time remaining: 5m 31s
Rendered 4336/10740, time remaining: 5m 31s
Rendered 4337/10740, time remaining: 5m 31s
Rendered 4338/10740, time remaining: 5m 32s
Rendered 4339/10740, time remaining: 5m 31s
Rendered 4340/10740, time remaining: 5m 30s
Rendered 4341/10740, time remaining: 5m 33s
Rendered 4342/10740, time remaining: 5m 32s
Rendered 4343/10740, time remaining: 5m 31s
Rendered 4344/10740, time remaining: 5m 30s
Rendered 4345/10740, time remaining: 5m 31s
Rendered 4346/10740, time remaining: 5m 32s
Rendered 4347/10740, time remaining: 5m 30s
Rendered 4348/10740, time remaining: 5m 30s
Rendered 4349/10740, time remaining: 5m 32s
Rendered 4350/10740, time remaining: 5m 32s
Rendered 4351/10740, time remaining: 5m 30s
Rendered 4352/10740, time remaining: 5m 30s
Rendered 4353/10740, time remaining: 5m 31s
Rendered 4354/10740, time remaining: 5m 31s
Rendered 4355/10740, time remaining: 5m 32s
Rendered 4356/10740, time remaining: 5m 31s
Rendered 4357/10740, time remaining: 5m 31s
Rendered 4358/10740, time remaining: 5m 32s
Rendered 4359/10740, time remaining: 5m 29s
Rendered 4360/10740, time remaining: 5m 29s
Rendered 4361/10740, time remaining: 5m 31s
Rendered 4362/10740, time remaining: 5m 31s
Rendered 4363/10740, time remaining: 5m 30s
Rendered 4364/10740, time remaining: 5m 30s
Rendered 4365/10740, time remaining: 5m 31s
Rendered 4366/10740, time remaining: 5m 31s
Rendered 4367/10740, time remaining: 5m 29s
Rendered 4368/10740, time remaining: 5m 30s
Rendered 4369/10740, time remaining: 5m 31s
Rendered 4370/10740, time remaining: 5m 31s
Rendered 4371/10740, time remaining: 5m 30s
Rendered 4372/10740, time remaining: 5m 30s
Rendered 4373/10740, time remaining: 5m 31s
Rendered 4374/10740, time remaining: 5m 31s
Rendered 4375/10740, time remaining: 5m 29s
Rendered 4376/10740, time remaining: 5m 29s
Rendered 4377/10740, time remaining: 5m 30s
Rendered 4378/10740, time remaining: 5m 30s
Rendered 4379/10740, time remaining: 5m 30s
Rendered 4380/10740, time remaining: 5m 29s
Rendered 4381/10740, time remaining: 5m 30s
Rendered 4382/10740, time remaining: 5m 30s
Rendered 4383/10740, time remaining: 5m 28s
Rendered 4384/10740, time remaining: 5m 29s
Rendered 4385/10740, time remaining: 5m 30s
Rendered 4386/10740, time remaining: 5m 30s
Rendered 4387/10740, time remaining: 5m 29s
Rendered 4388/10740, time remaining: 5m 29s
Rendered 4389/10740, time remaining: 5m 30s
Rendered 4390/10740, time remaining: 5m 30s
Rendered 4391/10740, time remaining: 5m 27s
Rendered 4392/10740, time remaining: 5m 27s
Rendered 4393/10740, time remaining: 5m 29s
Rendered 4394/10740, time remaining: 5m 29s
Rendered 4395/10740, time remaining: 5m 29s
Rendered 4396/10740, time remaining: 5m 28s
Rendered 4397/10740, time remaining: 5m 29s
Rendered 4398/10740, time remaining: 5m 29s
Rendered 4399/10740, time remaining: 5m 27s
Rendered 4400/10740, time remaining: 5m 27s
Rendered 4401/10740, time remaining: 5m 29s
Rendered 4402/10740, time remaining: 5m 29s
Rendered 4403/10740, time remaining: 5m 28s
Rendered 4404/10740, time remaining: 5m 27s
Rendered 4405/10740, time remaining: 5m 28s
Rendered 4406/10740, time remaining: 5m 28s
Rendered 4407/10740, time remaining: 5m 26s
Rendered 4408/10740, time remaining: 5m 27s
Rendered 4409/10740, time remaining: 5m 28s
Rendered 4410/10740, time remaining: 5m 28s
Rendered 4411/10740, time remaining: 5m 28s
Rendered 4412/10740, time remaining: 5m 27s
Rendered 4413/10740, time remaining: 5m 28s
Rendered 4414/10740, time remaining: 5m 28s
Rendered 4415/10740, time remaining: 5m 26s
Rendered 4416/10740, time remaining: 5m 27s
Rendered 4417/10740, time remaining: 5m 27s
Rendered 4418/10740, time remaining: 5m 28s
Rendered 4419/10740, time remaining: 5m 27s
Rendered 4420/10740, time remaining: 5m 26s
Rendered 4421/10740, time remaining: 5m 29s
Rendered 4422/10740, time remaining: 5m 29s
Rendered 4423/10740, time remaining: 5m 26s
Rendered 4424/10740, time remaining: 5m 27s
Rendered 4425/10740, time remaining: 5m 26s
Rendered 4426/10740, time remaining: 5m 27s
Rendered 4427/10740, time remaining: 5m 26s
Rendered 4428/10740, time remaining: 5m 25s
Rendered 4429/10740, time remaining: 5m 28s
Rendered 4430/10740, time remaining: 5m 27s
Rendered 4431/10740, time remaining: 5m 26s
Rendered 4432/10740, time remaining: 5m 26s
Rendered 4433/10740, time remaining: 5m 26s
Rendered 4434/10740, time remaining: 5m 26s
Rendered 4435/10740, time remaining: 5m 25s
Rendered 4436/10740, time remaining: 5m 25s
Rendered 4437/10740, time remaining: 5m 28s
Rendered 4438/10740, time remaining: 5m 27s
Rendered 4439/10740, time remaining: 5m 26s
Rendered 4440/10740, time remaining: 5m 26s
Rendered 4441/10740, time remaining: 5m 27s
Rendered 4442/10740, time remaining: 5m 27s
Rendered 4443/10740, time remaining: 5m 26s
Rendered 4444/10740, time remaining: 5m 25s
Rendered 4445/10740, time remaining: 5m 26s
Rendered 4446/10740, time remaining: 5m 26s
Rendered 4447/10740, time remaining: 5m 25s
Rendered 4448/10740, time remaining: 5m 25s
Rendered 4449/10740, time remaining: 5m 26s
Rendered 4450/10740, time remaining: 5m 27s
Rendered 4451/10740, time remaining: 5m 26s
Rendered 4452/10740, time remaining: 5m 26s
Rendered 4453/10740, time remaining: 5m 26s
Rendered 4454/10740, time remaining: 5m 27s
Rendered 4455/10740, time remaining: 5m 24s
Rendered 4456/10740, time remaining: 5m 24s
Rendered 4457/10740, time remaining: 5m 26s
Rendered 4458/10740, time remaining: 5m 26s
Rendered 4459/10740, time remaining: 5m 25s
Rendered 4460/10740, time remaining: 5m 25s
Rendered 4461/10740, time remaining: 5m 26s
Rendered 4462/10740, time remaining: 5m 26s
Rendered 4463/10740, time remaining: 5m 25s
Rendered 4464/10740, time remaining: 5m 25s
Rendered 4465/10740, time remaining: 5m 27s
Rendered 4466/10740, time remaining: 5m 26s
Rendered 4467/10740, time remaining: 5m 24s
Rendered 4468/10740, time remaining: 5m 24s
Rendered 4469/10740, time remaining: 5m 26s
Rendered 4470/10740, time remaining: 5m 26s
Rendered 4471/10740, time remaining: 5m 25s
Rendered 4472/10740, time remaining: 5m 25s
Rendered 4473/10740, time remaining: 5m 26s
Rendered 4474/10740, time remaining: 5m 26s
Rendered 4475/10740, time remaining: 5m 24s
Rendered 4476/10740, time remaining: 5m 24s
Rendered 4477/10740, time remaining: 5m 25s
Rendered 4478/10740, time remaining: 5m 26s
Rendered 4479/10740, time remaining: 5m 24s
Rendered 4480/10740, time remaining: 5m 24s
Rendered 4481/10740, time remaining: 5m 25s
Rendered 4482/10740, time remaining: 5m 26s
Rendered 4483/10740, time remaining: 5m 24s
Rendered 4484/10740, time remaining: 5m 24s
Rendered 4485/10740, time remaining: 5m 25s
Rendered 4486/10740, time remaining: 5m 25s
Rendered 4487/10740, time remaining: 5m 24s
Rendered 4488/10740, time remaining: 5m 24s
Rendered 4489/10740, time remaining: 5m 24s
Rendered 4490/10740, time remaining: 5m 25s
Rendered 4491/10740, time remaining: 5m 23s
Rendered 4492/10740, time remaining: 5m 23s
Rendered 4493/10740, time remaining: 5m 24s
Rendered 4494/10740, time remaining: 5m 24s
Rendered 4495/10740, time remaining: 5m 24s
Rendered 4496/10740, time remaining: 5m 24s
Rendered 4497/10740, time remaining: 5m 24s
Rendered 4498/10740, time remaining: 5m 25s
Rendered 4499/10740, time remaining: 5m 23s
Rendered 4500/10740, time remaining: 5m 23s
Rendered 4501/10740, time remaining: 5m 25s
Rendered 4502/10740, time remaining: 5m 24s
Rendered 4503/10740, time remaining: 5m 23s
Rendered 4504/10740, time remaining: 5m 23s
Rendered 4505/10740, time remaining: 5m 23s
Rendered 4506/10740, time remaining: 5m 23s
Rendered 4507/10740, time remaining: 5m 23s
Rendered 4508/10740, time remaining: 5m 22s
Rendered 4509/10740, time remaining: 5m 25s
Rendered 4510/10740, time remaining: 5m 25s
Rendered 4511/10740, time remaining: 5m 23s
Rendered 4512/10740, time remaining: 5m 23s
Rendered 4513/10740, time remaining: 5m 23s
Rendered 4514/10740, time remaining: 5m 24s
Rendered 4515/10740, time remaining: 5m 22s
Rendered 4516/10740, time remaining: 5m 22s
Rendered 4517/10740, time remaining: 5m 24s
Rendered 4518/10740, time remaining: 5m 23s
Rendered 4519/10740, time remaining: 5m 22s
Rendered 4520/10740, time remaining: 5m 22s
Rendered 4521/10740, time remaining: 5m 23s
Rendered 4522/10740, time remaining: 5m 23s
Rendered 4523/10740, time remaining: 5m 22s
Rendered 4524/10740, time remaining: 5m 22s
Rendered 4525/10740, time remaining: 5m 23s
Rendered 4526/10740, time remaining: 5m 23s
Rendered 4527/10740, time remaining: 5m 22s
Rendered 4528/10740, time remaining: 5m 22s
Rendered 4529/10740, time remaining: 5m 22s
Rendered 4530/10740, time remaining: 5m 23s
Rendered 4531/10740, time remaining: 5m 22s
Rendered 4532/10740, time remaining: 5m 21s
Rendered 4533/10740, time remaining: 5m 23s
Rendered 4534/10740, time remaining: 5m 22s
Rendered 4535/10740, time remaining: 5m 21s
Rendered 4536/10740, time remaining: 5m 22s
Rendered 4537/10740, time remaining: 5m 22s
Rendered 4538/10740, time remaining: 5m 23s
Rendered 4539/10740, time remaining: 5m 22s
Rendered 4540/10740, time remaining: 5m 22s
Rendered 4541/10740, time remaining: 5m 24s
Rendered 4542/10740, time remaining: 5m 23s
Rendered 4543/10740, time remaining: 5m 22s
Rendered 4544/10740, time remaining: 5m 22s
Rendered 4545/10740, time remaining: 5m 22s
Rendered 4546/10740, time remaining: 5m 22s
Rendered 4547/10740, time remaining: 5m 21s
Rendered 4548/10740, time remaining: 5m 21s
Rendered 4549/10740, time remaining: 5m 23s
Rendered 4550/10740, time remaining: 5m 23s
Rendered 4551/10740, time remaining: 5m 21s
Rendered 4552/10740, time remaining: 5m 21s
Rendered 4553/10740, time remaining: 5m 21s
Rendered 4554/10740, time remaining: 5m 22s
Rendered 4555/10740, time remaining: 5m 21s
Rendered 4556/10740, time remaining: 5m 21s
Rendered 4557/10740, time remaining: 5m 22s
Rendered 4558/10740, time remaining: 5m 22s
Rendered 4559/10740, time remaining: 5m 21s
Rendered 4560/10740, time remaining: 5m 20s
Rendered 4561/10740, time remaining: 5m 21s
Rendered 4562/10740, time remaining: 5m 22s
Rendered 4563/10740, time remaining: 5m 20s
Rendered 4564/10740, time remaining: 5m 20s
Rendered 4565/10740, time remaining: 5m 22s
Rendered 4566/10740, time remaining: 5m 21s
Rendered 4567/10740, time remaining: 5m 20s
Rendered 4568/10740, time remaining: 5m 19s
Rendered 4569/10740, time remaining: 5m 19s
Rendered 4570/10740, time remaining: 5m 19s
Rendered 4571/10740, time remaining: 5m 19s
Rendered 4572/10740, time remaining: 5m 16s
Rendered 4573/10740, time remaining: 5m 18s
Rendered 4574/10740, time remaining: 5m 17s
Rendered 4575/10740, time remaining: 5m 18s
Rendered 4576/10740, time remaining: 5m 17s
Rendered 4577/10740, time remaining: 5m 17s
Rendered 4578/10740, time remaining: 5m 17s
Rendered 4579/10740, time remaining: 5m 16s
Rendered 4580/10740, time remaining: 5m 17s
Rendered 4581/10740, time remaining: 5m 16s
Rendered 4582/10740, time remaining: 5m 15s
Rendered 4583/10740, time remaining: 5m 15s
Rendered 4584/10740, time remaining: 5m 15s
Rendered 4585/10740, time remaining: 5m 15s
Rendered 4586/10740, time remaining: 5m 15s
Rendered 4587/10740, time remaining: 5m 14s
Rendered 4588/10740, time remaining: 5m 14s
Rendered 4589/10740, time remaining: 5m 15s
Rendered 4590/10740, time remaining: 5m 15s
Rendered 4591/10740, time remaining: 5m 14s
Rendered 4592/10740, time remaining: 5m 14s
Rendered 4593/10740, time remaining: 5m 14s
Rendered 4594/10740, time remaining: 5m 14s
Rendered 4595/10740, time remaining: 5m 14s
Rendered 4596/10740, time remaining: 5m 13s
Rendered 4597/10740, time remaining: 5m 15s
Rendered 4598/10740, time remaining: 5m 14s
Rendered 4599/10740, time remaining: 5m 15s
Rendered 4600/10740, time remaining: 5m 14s
Rendered 4601/10740, time remaining: 5m 13s
Rendered 4602/10740, time remaining: 5m 13s
Rendered 4603/10740, time remaining: 5m 12s
Rendered 4604/10740, time remaining: 5m 12s
Rendered 4605/10740, time remaining: 5m 14s
Rendered 4606/10740, time remaining: 5m 13s
Rendered 4607/10740, time remaining: 5m 13s
Rendered 4608/10740, time remaining: 5m 13s
Rendered 4609/10740, time remaining: 5m 14s
Rendered 4610/10740, time remaining: 5m 14s
Rendered 4611/10740, time remaining: 5m 13s
Rendered 4612/10740, time remaining: 5m 13s
Rendered 4613/10740, time remaining: 5m 13s
Rendered 4614/10740, time remaining: 5m 13s
Rendered 4615/10740, time remaining: 5m 12s
Rendered 4616/10740, time remaining: 5m 12s
Rendered 4617/10740, time remaining: 5m 14s
Rendered 4618/10740, time remaining: 5m 14s
Rendered 4619/10740, time remaining: 5m 14s
Rendered 4620/10740, time remaining: 5m 14s
Rendered 4621/10740, time remaining: 5m 13s
Rendered 4622/10740, time remaining: 5m 13s
Rendered 4623/10740, time remaining: 5m 13s
Rendered 4624/10740, time remaining: 5m 13s
Rendered 4625/10740, time remaining: 5m 13s
Rendered 4626/10740, time remaining: 5m 13s
Rendered 4627/10740, time remaining: 5m 13s
Rendered 4628/10740, time remaining: 5m 11s
Rendered 4629/10740, time remaining: 5m 13s
Rendered 4630/10740, time remaining: 5m 12s
Rendered 4631/10740, time remaining: 5m 13s
Rendered 4632/10740, time remaining: 5m 12s
Rendered 4633/10740, time remaining: 5m 12s
Rendered 4634/10740, time remaining: 5m 12s
Rendered 4635/10740, time remaining: 5m 11s
Rendered 4636/10740, time remaining: 5m 11s
Rendered 4637/10740, time remaining: 5m 11s
Rendered 4638/10740, time remaining: 5m 11s
Rendered 4639/10740, time remaining: 5m 11s
Rendered 4640/10740, time remaining: 5m 11s
Rendered 4641/10740, time remaining: 5m 12s
Rendered 4642/10740, time remaining: 5m 12s
Rendered 4643/10740, time remaining: 5m 12s
Rendered 4644/10740, time remaining: 5m 11s
Rendered 4645/10740, time remaining: 5m 11s
Rendered 4646/10740, time remaining: 5m 11s
Rendered 4647/10740, time remaining: 5m 12s
Rendered 4648/10740, time remaining: 5m 10s
Rendered 4649/10740, time remaining: 5m 11s
Rendered 4650/10740, time remaining: 5m 11s
Rendered 4651/10740, time remaining: 5m 10s
Rendered 4652/10740, time remaining: 5m 10s
Rendered 4653/10740, time remaining: 5m 11s
Rendered 4654/10740, time remaining: 5m 9s
Rendered 4655/10740, time remaining: 5m 8s
Rendered 4656/10740, time remaining: 5m 7s
Rendered 4657/10740, time remaining: 5m 8s
Rendered 4658/10740, time remaining: 5m 8s
Rendered 4659/10740, time remaining: 5m 7s
Rendered 4660/10740, time remaining: 5m 7s
Rendered 4661/10740, time remaining: 5m 9s
Rendered 4662/10740, time remaining: 5m 7s
Rendered 4663/10740, time remaining: 5m 7s
Rendered 4664/10740, time remaining: 5m 7s
Rendered 4665/10740, time remaining: 5m 8s
Rendered 4666/10740, time remaining: 5m 8s
Rendered 4667/10740, time remaining: 5m 7s
Rendered 4668/10740, time remaining: 5m 7s
Rendered 4669/10740, time remaining: 5m 9s
Rendered 4670/10740, time remaining: 5m 7s
Rendered 4671/10740, time remaining: 5m 8s
Rendered 4672/10740, time remaining: 5m 7s
Rendered 4673/10740, time remaining: 5m 8s
Rendered 4674/10740, time remaining: 5m 7s
Rendered 4675/10740, time remaining: 5m 7s
Rendered 4676/10740, time remaining: 5m 8s
Rendered 4677/10740, time remaining: 5m 8s
Rendered 4678/10740, time remaining: 5m 7s
Rendered 4679/10740, time remaining: 5m 7s
Rendered 4680/10740, time remaining: 5m 6s
Rendered 4681/10740, time remaining: 5m 7s
Rendered 4682/10740, time remaining: 5m 6s
Rendered 4683/10740, time remaining: 5m 6s
Rendered 4684/10740, time remaining: 5m 5s
Rendered 4685/10740, time remaining: 5m 7s
Rendered 4686/10740, time remaining: 5m 5s
Rendered 4687/10740, time remaining: 5m 5s
Rendered 4688/10740, time remaining: 5m 5s
Rendered 4689/10740, time remaining: 5m 6s
Rendered 4690/10740, time remaining: 5m 6s
Rendered 4691/10740, time remaining: 5m 5s
Rendered 4692/10740, time remaining: 5m 5s
Rendered 4693/10740, time remaining: 5m 7s
Rendered 4694/10740, time remaining: 5m 7s
Rendered 4695/10740, time remaining: 5m 6s
Rendered 4696/10740, time remaining: 5m 7s
Rendered 4697/10740, time remaining: 5m 7s
Rendered 4698/10740, time remaining: 5m 5s
Rendered 4699/10740, time remaining: 5m 5s
Rendered 4700/10740, time remaining: 5m 4s
Rendered 4701/10740, time remaining: 5m 7s
Rendered 4702/10740, time remaining: 5m 7s
Rendered 4703/10740, time remaining: 5m 7s
Rendered 4704/10740, time remaining: 5m 6s
Rendered 4705/10740, time remaining: 5m 7s
Rendered 4706/10740, time remaining: 5m 5s
Rendered 4707/10740, time remaining: 5m 5s
Rendered 4708/10740, time remaining: 5m 5s
Rendered 4709/10740, time remaining: 5m 6s
Rendered 4710/10740, time remaining: 5m 6s
Rendered 4711/10740, time remaining: 5m 6s
Rendered 4712/10740, time remaining: 5m 6s
Rendered 4713/10740, time remaining: 5m 7s
Rendered 4714/10740, time remaining: 5m 4s
Rendered 4715/10740, time remaining: 5m 5s
Rendered 4716/10740, time remaining: 5m 5s
Rendered 4717/10740, time remaining: 5m 7s
Rendered 4718/10740, time remaining: 5m 7s
Rendered 4719/10740, time remaining: 5m 7s
Rendered 4720/10740, time remaining: 5m 7s
Rendered 4721/10740, time remaining: 5m 7s
Rendered 4722/10740, time remaining: 5m 8s
Rendered 4723/10740, time remaining: 5m 8s
Rendered 4724/10740, time remaining: 5m 8s
Rendered 4725/10740, time remaining: 5m 8s
Rendered 4726/10740, time remaining: 5m 8s
Rendered 4727/10740, time remaining: 5m 7s
Rendered 4728/10740, time remaining: 5m 8s
Rendered 4729/10740, time remaining: 5m 8s
Rendered 4730/10740, time remaining: 5m 7s
Rendered 4731/10740, time remaining: 5m 9s
Rendered 4732/10740, time remaining: 5m 9s
Rendered 4733/10740, time remaining: 5m 10s
Rendered 4734/10740, time remaining: 5m 8s
Rendered 4735/10740, time remaining: 5m 9s
Rendered 4736/10740, time remaining: 5m 10s
Rendered 4737/10740, time remaining: 5m 10s
Rendered 4738/10740, time remaining: 5m 9s
Rendered 4739/10740, time remaining: 5m 10s
Rendered 4740/10740, time remaining: 5m 9s
Rendered 4741/10740, time remaining: 5m 9s
Rendered 4742/10740, time remaining: 5m 9s
Rendered 4743/10740, time remaining: 5m 9s
Rendered 4744/10740, time remaining: 5m 9s
Rendered 4745/10740, time remaining: 5m 10s
Rendered 4746/10740, time remaining: 5m 8s
Rendered 4747/10740, time remaining: 5m 8s
Rendered 4748/10740, time remaining: 5m 8s
Rendered 4749/10740, time remaining: 5m 8s
Rendered 4750/10740, time remaining: 5m 6s
Rendered 4751/10740, time remaining: 5m 9s
Rendered 4752/10740, time remaining: 5m 9s
Rendered 4753/10740, time remaining: 5m 9s
Rendered 4754/10740, time remaining: 5m 9s
Rendered 4755/10740, time remaining: 5m 9s
Rendered 4756/10740, time remaining: 5m 9s
Rendered 4757/10740, time remaining: 5m 10s
Rendered 4758/10740, time remaining: 5m 8s
Rendered 4759/10740, time remaining: 5m 8s
Rendered 4760/10740, time remaining: 5m 8s
Rendered 4761/10740, time remaining: 5m 9s
Rendered 4762/10740, time remaining: 5m 8s
Rendered 4763/10740, time remaining: 5m 8s
Rendered 4764/10740, time remaining: 5m 9s
Rendered 4765/10740, time remaining: 5m 9s
Rendered 4766/10740, time remaining: 5m 7s
Rendered 4767/10740, time remaining: 5m 7s
Rendered 4768/10740, time remaining: 5m 6s
Rendered 4769/10740, time remaining: 5m 7s
Rendered 4770/10740, time remaining: 5m 5s
Rendered 4771/10740, time remaining: 5m 7s
Rendered 4772/10740, time remaining: 5m 7s
Rendered 4773/10740, time remaining: 5m 7s
Rendered 4774/10740, time remaining: 5m 5s
Rendered 4775/10740, time remaining: 5m 7s
Rendered 4776/10740, time remaining: 5m 7s
Rendered 4777/10740, time remaining: 5m 7s
Rendered 4778/10740, time remaining: 5m 7s
Rendered 4779/10740, time remaining: 5m 6s
Rendered 4780/10740, time remaining: 5m 7s
Rendered 4781/10740, time remaining: 5m 6s
Rendered 4782/10740, time remaining: 5m 5s
Rendered 4783/10740, time remaining: 5m 7s
Rendered 4784/10740, time remaining: 5m 7s
Rendered 4785/10740, time remaining: 5m 8s
Rendered 4786/10740, time remaining: 5m 6s
Rendered 4787/10740, time remaining: 5m 6s
Rendered 4788/10740, time remaining: 5m 7s
Rendered 4789/10740, time remaining: 5m 7s
Rendered 4790/10740, time remaining: 5m 5s
Rendered 4791/10740, time remaining: 5m 6s
Rendered 4792/10740, time remaining: 5m 5s
Rendered 4793/10740, time remaining: 5m 6s
Rendered 4794/10740, time remaining: 5m 5s
Rendered 4795/10740, time remaining: 5m 6s
Rendered 4796/10740, time remaining: 5m 6s
Rendered 4797/10740, time remaining: 5m 6s
Rendered 4798/10740, time remaining: 5m 6s
Rendered 4799/10740, time remaining: 5m 6s
Rendered 4800/10740, time remaining: 5m 7s
Rendered 4801/10740, time remaining: 5m 8s
Rendered 4802/10740, time remaining: 5m 6s
Rendered 4803/10740, time remaining: 5m 6s
Rendered 4804/10740, time remaining: 5m 8s
Rendered 4805/10740, time remaining: 5m 9s
Rendered 4806/10740, time remaining: 5m 9s
Rendered 4807/10740, time remaining: 5m 8s
Rendered 4808/10740, time remaining: 5m 9s
Rendered 4809/10740, time remaining: 5m 9s
Rendered 4810/10740, time remaining: 5m 7s
Rendered 4811/10740, time remaining: 5m 7s
Rendered 4812/10740, time remaining: 5m 8s
Rendered 4813/10740, time remaining: 5m 8s
Rendered 4814/10740, time remaining: 5m 8s
Rendered 4815/10740, time remaining: 5m 7s
Rendered 4816/10740, time remaining: 5m 7s
Rendered 4817/10740, time remaining: 5m 8s
Rendered 4818/10740, time remaining: 5m 7s
Rendered 4819/10740, time remaining: 5m 7s
Rendered 4820/10740, time remaining: 5m 7s
Rendered 4821/10740, time remaining: 5m 7s
Rendered 4822/10740, time remaining: 5m 7s
Rendered 4823/10740, time remaining: 5m 6s
Rendered 4824/10740, time remaining: 5m 7s
Rendered 4825/10740, time remaining: 5m 7s
Rendered 4826/10740, time remaining: 5m 5s
Rendered 4827/10740, time remaining: 5m 6s
Rendered 4828/10740, time remaining: 5m 7s
Rendered 4829/10740, time remaining: 5m 8s
Rendered 4830/10740, time remaining: 5m 7s
Rendered 4831/10740, time remaining: 5m 6s
Rendered 4832/10740, time remaining: 5m 7s
Rendered 4833/10740, time remaining: 5m 8s
Rendered 4834/10740, time remaining: 5m 7s
Rendered 4835/10740, time remaining: 5m 7s
Rendered 4836/10740, time remaining: 5m 7s
Rendered 4837/10740, time remaining: 5m 8s
Rendered 4838/10740, time remaining: 5m 7s
Rendered 4839/10740, time remaining: 5m 6s
Rendered 4840/10740, time remaining: 5m 7s
Rendered 4841/10740, time remaining: 5m 7s
Rendered 4842/10740, time remaining: 5m 5s
Rendered 4843/10740, time remaining: 5m 6s
Rendered 4844/10740, time remaining: 5m 5s
Rendered 4845/10740, time remaining: 5m 6s
Rendered 4846/10740, time remaining: 5m 5s
Rendered 4847/10740, time remaining: 5m 4s
Rendered 4848/10740, time remaining: 5m 6s
Rendered 4849/10740, time remaining: 5m 6s
Rendered 4850/10740, time remaining: 5m 5s
Rendered 4851/10740, time remaining: 5m 5s
Rendered 4852/10740, time remaining: 5m 5s
Rendered 4853/10740, time remaining: 5m 5s
Rendered 4854/10740, time remaining: 5m 4s
Rendered 4855/10740, time remaining: 5m 4s
Rendered 4856/10740, time remaining: 5m 6s
Rendered 4857/10740, time remaining: 5m 5s
Rendered 4858/10740, time remaining: 5m 5s
Rendered 4859/10740, time remaining: 5m 5s
Rendered 4860/10740, time remaining: 5m 5s
Rendered 4861/10740, time remaining: 5m 6s
Rendered 4862/10740, time remaining: 5m 4s
Rendered 4863/10740, time remaining: 5m 4s
Rendered 4864/10740, time remaining: 5m 6s
Rendered 4865/10740, time remaining: 5m 6s
Rendered 4866/10740, time remaining: 5m 4s
Rendered 4867/10740, time remaining: 5m 4s
Rendered 4868/10740, time remaining: 5m 4s
Rendered 4869/10740, time remaining: 5m 4s
Rendered 4870/10740, time remaining: 5m 4s
Rendered 4871/10740, time remaining: 5m 3s
Rendered 4872/10740, time remaining: 5m 5s
Rendered 4873/10740, time remaining: 5m 5s
Rendered 4874/10740, time remaining: 5m 5s
Rendered 4875/10740, time remaining: 5m 5s
Rendered 4876/10740, time remaining: 5m 7s
Rendered 4877/10740, time remaining: 5m 6s
Rendered 4878/10740, time remaining: 5m 6s
Rendered 4879/10740, time remaining: 5m 6s
Rendered 4880/10740, time remaining: 5m 7s
Rendered 4881/10740, time remaining: 5m 5s
Rendered 4882/10740, time remaining: 5m 5s
Rendered 4883/10740, time remaining: 5m 4s
Rendered 4884/10740, time remaining: 5m 6s
Rendered 4885/10740, time remaining: 5m 5s
Rendered 4886/10740, time remaining: 5m 4s
Rendered 4887/10740, time remaining: 5m 5s
Rendered 4888/10740, time remaining: 5m 6s
Rendered 4889/10740, time remaining: 5m 4s
Rendered 4890/10740, time remaining: 5m 5s
Rendered 4891/10740, time remaining: 5m 5s
Rendered 4892/10740, time remaining: 5m 6s
Rendered 4893/10740, time remaining: 5m 6s
Rendered 4894/10740, time remaining: 5m 5s
Rendered 4895/10740, time remaining: 5m 5s
Rendered 4896/10740, time remaining: 5m 7s
Rendered 4897/10740, time remaining: 5m 5s
Rendered 4898/10740, time remaining: 5m 5s
Rendered 4899/10740, time remaining: 5m 4s
Rendered 4900/10740, time remaining: 5m 6s
Rendered 4901/10740, time remaining: 5m 4s
Rendered 4902/10740, time remaining: 5m 4s
Rendered 4903/10740, time remaining: 5m 4s
Rendered 4904/10740, time remaining: 5m 4s
Rendered 4905/10740, time remaining: 5m 4s
Rendered 4906/10740, time remaining: 5m 4s
Rendered 4907/10740, time remaining: 5m 3s
Rendered 4908/10740, time remaining: 5m 4s
Rendered 4909/10740, time remaining: 5m 3s
Rendered 4910/10740, time remaining: 5m 3s
Rendered 4911/10740, time remaining: 5m 3s
Rendered 4912/10740, time remaining: 5m 5s
Rendered 4913/10740, time remaining: 5m 3s
Rendered 4914/10740, time remaining: 5m 3s
Rendered 4915/10740, time remaining: 5m 2s
Rendered 4916/10740, time remaining: 5m 5s
Rendered 4917/10740, time remaining: 5m 4s
Rendered 4918/10740, time remaining: 5m 4s
Rendered 4919/10740, time remaining: 5m 4s
Rendered 4920/10740, time remaining: 5m 5s
Rendered 4921/10740, time remaining: 5m 4s
Rendered 4922/10740, time remaining: 5m 3s
Rendered 4923/10740, time remaining: 5m 3s
Rendered 4924/10740, time remaining: 5m 5s
Rendered 4925/10740, time remaining: 5m 4s
Rendered 4926/10740, time remaining: 5m 4s
Rendered 4927/10740, time remaining: 5m 4s
Rendered 4928/10740, time remaining: 5m 5s
Rendered 4929/10740, time remaining: 5m 4s
Rendered 4930/10740, time remaining: 5m 3s
Rendered 4931/10740, time remaining: 5m 3s
Rendered 4932/10740, time remaining: 5m 4s
Rendered 4933/10740, time remaining: 5m 2s
Rendered 4934/10740, time remaining: 5m 3s
Rendered 4935/10740, time remaining: 5m 2s
Rendered 4936/10740, time remaining: 5m 3s
Rendered 4937/10740, time remaining: 5m 3s
Rendered 4938/10740, time remaining: 5m 3s
Rendered 4939/10740, time remaining: 5m 3s
Rendered 4940/10740, time remaining: 5m 5s
Rendered 4941/10740, time remaining: 5m 3s
Rendered 4942/10740, time remaining: 5m 3s
Rendered 4943/10740, time remaining: 5m 2s
Rendered 4944/10740, time remaining: 5m 3s
Rendered 4945/10740, time remaining: 5m 3s
Rendered 4946/10740, time remaining: 5m 3s
Rendered 4947/10740, time remaining: 5m 3s
Rendered 4948/10740, time remaining: 5m 3s
Rendered 4949/10740, time remaining: 5m 1s
Rendered 4950/10740, time remaining: 5m 1s
Rendered 4951/10740, time remaining: 5m 0s
Rendered 4952/10740, time remaining: 5m 3s
Rendered 4953/10740, time remaining: 5m 2s
Rendered 4954/10740, time remaining: 5m 2s
Rendered 4955/10740, time remaining: 5m 2s
Rendered 4956/10740, time remaining: 5m 2s
Rendered 4957/10740, time remaining: 5m 1s
Rendered 4958/10740, time remaining: 5m 1s
Rendered 4959/10740, time remaining: 5m 0s
Rendered 4960/10740, time remaining: 5m 2s
Rendered 4961/10740, time remaining: 5m 2s
Rendered 4962/10740, time remaining: 5m 2s
Rendered 4963/10740, time remaining: 5m 2s
Rendered 4964/10740, time remaining: 5m 3s
Rendered 4965/10740, time remaining: 5m 1s
Rendered 4966/10740, time remaining: 5m 1s
Rendered 4967/10740, time remaining: 5m 1s
Rendered 4968/10740, time remaining: 5m 2s
Rendered 4969/10740, time remaining: 5m 1s
Rendered 4970/10740, time remaining: 5m 1s
Rendered 4971/10740, time remaining: 5m 0s
Rendered 4972/10740, time remaining: 5m 1s
Rendered 4973/10740, time remaining: 5m 1s
Rendered 4974/10740, time remaining: 5m 0s
Rendered 4975/10740, time remaining: 5m 0s
Rendered 4976/10740, time remaining: 5m 1s
Rendered 4977/10740, time remaining: 5m 0s
Rendered 4978/10740, time remaining: 5m 1s
Rendered 4979/10740, time remaining: 5m 0s
Rendered 4980/10740, time remaining: 5m 1s
Rendered 4981/10740, time remaining: 5m 0s
Rendered 4982/10740, time remaining: 5m 0s
Rendered 4983/10740, time remaining: 4m 59s
Rendered 4984/10740, time remaining: 5m 1s
Rendered 4985/10740, time remaining: 5m 0s
Rendered 4986/10740, time remaining: 5m 0s
Rendered 4987/10740, time remaining: 4m 59s
Rendered 4988/10740, time remaining: 5m 2s
Rendered 4989/10740, time remaining: 5m 0s
Rendered 4990/10740, time remaining: 4m 59s
Rendered 4991/10740, time remaining: 4m 59s
Rendered 4992/10740, time remaining: 5m 0s
Rendered 4993/10740, time remaining: 5m 0s
Rendered 4994/10740, time remaining: 5m 0s
Rendered 4995/10740, time remaining: 4m 59s
Rendered 4996/10740, time remaining: 5m 0s
Rendered 4997/10740, time remaining: 5m 0s
Rendered 4998/10740, time remaining: 4m 59s
Rendered 4999/10740, time remaining: 4m 59s
Rendered 5000/10740, time remaining: 5m 1s
Rendered 5001/10740, time remaining: 4m 59s
Rendered 5002/10740, time remaining: 4m 59s
Rendered 5003/10740, time remaining: 4m 59s
Rendered 5004/10740, time remaining: 5m 0s
Rendered 5005/10740, time remaining: 4m 59s
Rendered 5006/10740, time remaining: 4m 58s
Rendered 5007/10740, time remaining: 4m 58s
Rendered 5008/10740, time remaining: 5m 0s
Rendered 5009/10740, time remaining: 4m 59s
Rendered 5010/10740, time remaining: 4m 59s
Rendered 5011/10740, time remaining: 4m 58s
Rendered 5012/10740, time remaining: 4m 59s
Rendered 5013/10740, time remaining: 4m 59s
Rendered 5014/10740, time remaining: 4m 58s
Rendered 5015/10740, time remaining: 4m 57s
Rendered 5016/10740, time remaining: 4m 59s
Rendered 5017/10740, time remaining: 4m 59s
Rendered 5018/10740, time remaining: 4m 59s
Rendered 5019/10740, time remaining: 4m 59s
Rendered 5020/10740, time remaining: 4m 58s
Rendered 5021/10740, time remaining: 4m 58s
Rendered 5022/10740, time remaining: 4m 57s
Rendered 5023/10740, time remaining: 4m 58s
Rendered 5024/10740, time remaining: 4m 58s
Rendered 5025/10740, time remaining: 4m 57s
Rendered 5026/10740, time remaining: 4m 56s
Rendered 5027/10740, time remaining: 4m 57s
Rendered 5028/10740, time remaining: 4m 57s
Rendered 5029/10740, time remaining: 4m 56s
Rendered 5030/10740, time remaining: 4m 55s
Rendered 5031/10740, time remaining: 4m 57s
Rendered 5032/10740, time remaining: 4m 57s
Rendered 5033/10740, time remaining: 4m 56s
Rendered 5034/10740, time remaining: 4m 56s
Rendered 5035/10740, time remaining: 4m 56s
Rendered 5036/10740, time remaining: 4m 57s
Rendered 5037/10740, time remaining: 4m 55s
Rendered 5038/10740, time remaining: 4m 56s
Rendered 5039/10740, time remaining: 4m 57s
Rendered 5040/10740, time remaining: 4m 56s
Rendered 5041/10740, time remaining: 4m 56s
Rendered 5042/10740, time remaining: 4m 55s
Rendered 5043/10740, time remaining: 4m 56s
Rendered 5044/10740, time remaining: 4m 56s
Rendered 5045/10740, time remaining: 4m 54s
Rendered 5046/10740, time remaining: 4m 54s
Rendered 5047/10740, time remaining: 4m 56s
Rendered 5048/10740, time remaining: 4m 56s
Rendered 5049/10740, time remaining: 4m 56s
Rendered 5050/10740, time remaining: 4m 56s
Rendered 5051/10740, time remaining: 4m 57s
Rendered 5052/10740, time remaining: 4m 56s
Rendered 5053/10740, time remaining: 4m 54s
Rendered 5054/10740, time remaining: 4m 54s
Rendered 5055/10740, time remaining: 4m 54s
Rendered 5056/10740, time remaining: 4m 55s
Rendered 5057/10740, time remaining: 4m 54s
Rendered 5058/10740, time remaining: 4m 55s
Rendered 5059/10740, time remaining: 4m 56s
Rendered 5060/10740, time remaining: 4m 55s
Rendered 5061/10740, time remaining: 4m 55s
Rendered 5062/10740, time remaining: 4m 53s
Rendered 5063/10740, time remaining: 4m 55s
Rendered 5064/10740, time remaining: 4m 55s
Rendered 5065/10740, time remaining: 4m 54s
Rendered 5066/10740, time remaining: 4m 53s
Rendered 5067/10740, time remaining: 4m 54s
Rendered 5068/10740, time remaining: 4m 55s
Rendered 5069/10740, time remaining: 4m 54s
Rendered 5070/10740, time remaining: 4m 54s
Rendered 5071/10740, time remaining: 4m 55s
Rendered 5072/10740, time remaining: 4m 55s
Rendered 5073/10740, time remaining: 4m 53s
Rendered 5074/10740, time remaining: 4m 53s
Rendered 5075/10740, time remaining: 4m 53s
Rendered 5076/10740, time remaining: 4m 54s
Rendered 5077/10740, time remaining: 4m 53s
Rendered 5078/10740, time remaining: 4m 52s
Rendered 5079/10740, time remaining: 4m 54s
Rendered 5080/10740, time remaining: 4m 54s
Rendered 5081/10740, time remaining: 4m 52s
Rendered 5082/10740, time remaining: 4m 52s
Rendered 5083/10740, time remaining: 4m 54s
Rendered 5084/10740, time remaining: 4m 54s
Rendered 5085/10740, time remaining: 4m 53s
Rendered 5086/10740, time remaining: 4m 53s
Rendered 5087/10740, time remaining: 4m 53s
Rendered 5088/10740, time remaining: 4m 53s
Rendered 5089/10740, time remaining: 4m 52s
Rendered 5090/10740, time remaining: 4m 51s
Rendered 5091/10740, time remaining: 4m 54s
Rendered 5092/10740, time remaining: 4m 53s
Rendered 5093/10740, time remaining: 4m 52s
Rendered 5094/10740, time remaining: 4m 53s
Rendered 5095/10740, time remaining: 4m 52s
Rendered 5096/10740, time remaining: 4m 53s
Rendered 5097/10740, time remaining: 4m 52s
Rendered 5098/10740, time remaining: 4m 52s
Rendered 5099/10740, time remaining: 4m 53s
Rendered 5100/10740, time remaining: 4m 53s
Rendered 5101/10740, time remaining: 4m 53s
Rendered 5102/10740, time remaining: 4m 52s
Rendered 5103/10740, time remaining: 4m 52s
Rendered 5104/10740, time remaining: 4m 52s
Rendered 5105/10740, time remaining: 4m 51s
Rendered 5106/10740, time remaining: 4m 51s
Rendered 5107/10740, time remaining: 4m 53s
Rendered 5108/10740, time remaining: 4m 53s
Rendered 5109/10740, time remaining: 4m 52s
Rendered 5110/10740, time remaining: 4m 52s
Rendered 5111/10740, time remaining: 4m 51s
Rendered 5112/10740, time remaining: 4m 52s
Rendered 5113/10740, time remaining: 4m 51s
Rendered 5114/10740, time remaining: 4m 51s
Rendered 5115/10740, time remaining: 4m 53s
Rendered 5116/10740, time remaining: 4m 52s
Rendered 5117/10740, time remaining: 4m 51s
Rendered 5118/10740, time remaining: 4m 51s
Rendered 5119/10740, time remaining: 4m 52s
Rendered 5120/10740, time remaining: 4m 52s
Rendered 5121/10740, time remaining: 4m 52s
Rendered 5122/10740, time remaining: 4m 52s
Rendered 5123/10740, time remaining: 4m 52s
Rendered 5124/10740, time remaining: 4m 52s
Rendered 5125/10740, time remaining: 4m 51s
Rendered 5126/10740, time remaining: 4m 51s
Rendered 5127/10740, time remaining: 4m 51s
Rendered 5128/10740, time remaining: 4m 52s
Rendered 5129/10740, time remaining: 4m 50s
Rendered 5130/10740, time remaining: 4m 50s
Rendered 5131/10740, time remaining: 4m 51s
Rendered 5132/10740, time remaining: 4m 52s
Rendered 5133/10740, time remaining: 4m 52s
Rendered 5134/10740, time remaining: 4m 51s
Rendered 5135/10740, time remaining: 4m 52s
Rendered 5136/10740, time remaining: 4m 52s
Rendered 5137/10740, time remaining: 4m 50s
Rendered 5138/10740, time remaining: 4m 49s
Rendered 5139/10740, time remaining: 4m 51s
Rendered 5140/10740, time remaining: 4m 51s
Rendered 5141/10740, time remaining: 4m 51s
Rendered 5142/10740, time remaining: 4m 50s
Rendered 5143/10740, time remaining: 4m 51s
Rendered 5144/10740, time remaining: 4m 51s
Rendered 5145/10740, time remaining: 4m 50s
Rendered 5146/10740, time remaining: 4m 49s
Rendered 5147/10740, time remaining: 4m 50s
Rendered 5148/10740, time remaining: 4m 50s
Rendered 5149/10740, time remaining: 4m 49s
Rendered 5150/10740, time remaining: 4m 49s
Rendered 5151/10740, time remaining: 4m 50s
Rendered 5152/10740, time remaining: 4m 50s
Rendered 5153/10740, time remaining: 4m 49s
Rendered 5154/10740, time remaining: 4m 49s
Rendered 5155/10740, time remaining: 4m 50s
Rendered 5156/10740, time remaining: 4m 50s
Rendered 5157/10740, time remaining: 4m 50s
Rendered 5158/10740, time remaining: 4m 49s
Rendered 5159/10740, time remaining: 4m 50s
Rendered 5160/10740, time remaining: 4m 50s
Rendered 5161/10740, time remaining: 4m 49s
Rendered 5162/10740, time remaining: 4m 49s
Rendered 5163/10740, time remaining: 4m 50s
Rendered 5164/10740, time remaining: 4m 50s
Rendered 5165/10740, time remaining: 4m 49s
Rendered 5166/10740, time remaining: 4m 49s
Rendered 5167/10740, time remaining: 4m 49s
Rendered 5168/10740, time remaining: 4m 49s
Rendered 5169/10740, time remaining: 4m 48s
Rendered 5170/10740, time remaining: 4m 48s
Rendered 5171/10740, time remaining: 4m 48s
Rendered 5172/10740, time remaining: 4m 49s
Rendered 5173/10740, time remaining: 4m 48s
Rendered 5174/10740, time remaining: 4m 47s
Rendered 5175/10740, time remaining: 4m 49s
Rendered 5176/10740, time remaining: 4m 49s
Rendered 5177/10740, time remaining: 4m 48s
Rendered 5178/10740, time remaining: 4m 47s
Rendered 5179/10740, time remaining: 4m 48s
Rendered 5180/10740, time remaining: 4m 48s
Rendered 5181/10740, time remaining: 4m 46s
Rendered 5182/10740, time remaining: 4m 46s
Rendered 5183/10740, time remaining: 4m 48s
Rendered 5184/10740, time remaining: 4m 48s
Rendered 5185/10740, time remaining: 4m 47s
Rendered 5186/10740, time remaining: 4m 47s
Rendered 5187/10740, time remaining: 4m 48s
Rendered 5188/10740, time remaining: 4m 48s
Rendered 5189/10740, time remaining: 4m 47s
Rendered 5190/10740, time remaining: 4m 47s
Rendered 5191/10740, time remaining: 4m 48s
Rendered 5192/10740, time remaining: 4m 49s
Rendered 5193/10740, time remaining: 4m 46s
Rendered 5194/10740, time remaining: 4m 47s
Rendered 5195/10740, time remaining: 4m 47s
Rendered 5196/10740, time remaining: 4m 47s
Rendered 5197/10740, time remaining: 4m 47s
Rendered 5198/10740, time remaining: 4m 47s
Rendered 5199/10740, time remaining: 4m 47s
Rendered 5200/10740, time remaining: 4m 48s
Rendered 5201/10740, time remaining: 4m 45s
Rendered 5202/10740, time remaining: 4m 46s
Rendered 5203/10740, time remaining: 4m 47s
Rendered 5204/10740, time remaining: 4m 47s
Rendered 5205/10740, time remaining: 4m 47s
Rendered 5206/10740, time remaining: 4m 46s
Rendered 5207/10740, time remaining: 4m 47s
Rendered 5208/10740, time remaining: 4m 46s
Rendered 5209/10740, time remaining: 4m 46s
Rendered 5210/10740, time remaining: 4m 46s
Rendered 5211/10740, time remaining: 4m 46s
Rendered 5212/10740, time remaining: 4m 46s
Rendered 5213/10740, time remaining: 4m 46s
Rendered 5214/10740, time remaining: 4m 46s
Rendered 5215/10740, time remaining: 4m 47s
Rendered 5216/10740, time remaining: 4m 47s
Rendered 5217/10740, time remaining: 4m 45s
Rendered 5218/10740, time remaining: 4m 45s
Rendered 5219/10740, time remaining: 4m 45s
Rendered 5220/10740, time remaining: 4m 46s
Rendered 5221/10740, time remaining: 4m 45s
Rendered 5222/10740, time remaining: 4m 44s
Rendered 5223/10740, time remaining: 4m 46s
Rendered 5224/10740, time remaining: 4m 46s
Rendered 5225/10740, time remaining: 4m 44s
Rendered 5226/10740, time remaining: 4m 44s
Rendered 5227/10740, time remaining: 4m 45s
Rendered 5228/10740, time remaining: 4m 46s
Rendered 5229/10740, time remaining: 4m 45s
Rendered 5230/10740, time remaining: 4m 44s
Rendered 5231/10740, time remaining: 4m 47s
Rendered 5232/10740, time remaining: 4m 46s
Rendered 5233/10740, time remaining: 4m 45s
Rendered 5234/10740, time remaining: 4m 45s
Rendered 5235/10740, time remaining: 4m 46s
Rendered 5236/10740, time remaining: 4m 46s
Rendered 5237/10740, time remaining: 4m 45s
Rendered 5238/10740, time remaining: 4m 45s
Rendered 5239/10740, time remaining: 4m 46s
Rendered 5240/10740, time remaining: 4m 46s
Rendered 5241/10740, time remaining: 4m 44s
Rendered 5242/10740, time remaining: 4m 44s
Rendered 5243/10740, time remaining: 4m 45s
Rendered 5244/10740, time remaining: 4m 45s
Rendered 5245/10740, time remaining: 4m 45s
Rendered 5246/10740, time remaining: 4m 44s
Rendered 5247/10740, time remaining: 4m 45s
Rendered 5248/10740, time remaining: 4m 46s
Rendered 5249/10740, time remaining: 4m 43s
Rendered 5250/10740, time remaining: 4m 44s
Rendered 5251/10740, time remaining: 4m 44s
Rendered 5252/10740, time remaining: 4m 45s
Rendered 5253/10740, time remaining: 4m 44s
Rendered 5254/10740, time remaining: 4m 43s
Rendered 5255/10740, time remaining: 4m 44s
Rendered 5256/10740, time remaining: 4m 45s
Rendered 5257/10740, time remaining: 4m 43s
Rendered 5258/10740, time remaining: 4m 43s
Rendered 5259/10740, time remaining: 4m 45s
Rendered 5260/10740, time remaining: 4m 44s
Rendered 5261/10740, time remaining: 4m 43s
Rendered 5262/10740, time remaining: 4m 43s
Rendered 5263/10740, time remaining: 4m 44s
Rendered 5264/10740, time remaining: 4m 44s
Rendered 5265/10740, time remaining: 4m 42s
Rendered 5266/10740, time remaining: 4m 43s
Rendered 5267/10740, time remaining: 4m 44s
Rendered 5268/10740, time remaining: 4m 44s
Rendered 5269/10740, time remaining: 4m 43s
Rendered 5270/10740, time remaining: 4m 42s
Rendered 5271/10740, time remaining: 4m 43s
Rendered 5272/10740, time remaining: 4m 44s
Rendered 5273/10740, time remaining: 4m 41s
Rendered 5274/10740, time remaining: 4m 42s
Rendered 5275/10740, time remaining: 4m 43s
Rendered 5276/10740, time remaining: 4m 43s
Rendered 5277/10740, time remaining: 4m 42s
Rendered 5278/10740, time remaining: 4m 41s
Rendered 5279/10740, time remaining: 4m 43s
Rendered 5280/10740, time remaining: 4m 43s
Rendered 5281/10740, time remaining: 4m 42s
Rendered 5282/10740, time remaining: 4m 41s
Rendered 5283/10740, time remaining: 4m 42s
Rendered 5284/10740, time remaining: 4m 42s
Rendered 5285/10740, time remaining: 4m 41s
Rendered 5286/10740, time remaining: 4m 41s
Rendered 5287/10740, time remaining: 4m 42s
Rendered 5288/10740, time remaining: 4m 42s
Rendered 5289/10740, time remaining: 4m 42s
Rendered 5290/10740, time remaining: 4m 42s
Rendered 5291/10740, time remaining: 4m 43s
Rendered 5292/10740, time remaining: 4m 43s
Rendered 5293/10740, time remaining: 4m 41s
Rendered 5294/10740, time remaining: 4m 41s
Rendered 5295/10740, time remaining: 4m 42s
Rendered 5296/10740, time remaining: 4m 42s
Rendered 5297/10740, time remaining: 4m 41s
Rendered 5298/10740, time remaining: 4m 41s
Rendered 5299/10740, time remaining: 4m 42s
Rendered 5300/10740, time remaining: 4m 42s
Rendered 5301/10740, time remaining: 4m 40s
Rendered 5302/10740, time remaining: 4m 41s
Rendered 5303/10740, time remaining: 4m 42s
Rendered 5304/10740, time remaining: 4m 41s
Rendered 5305/10740, time remaining: 4m 41s
Rendered 5306/10740, time remaining: 4m 41s
Rendered 5307/10740, time remaining: 4m 42s
Rendered 5308/10740, time remaining: 4m 42s
Rendered 5309/10740, time remaining: 4m 40s
Rendered 5310/10740, time remaining: 4m 40s
Rendered 5311/10740, time remaining: 4m 41s
Rendered 5312/10740, time remaining: 4m 41s
Rendered 5313/10740, time remaining: 4m 40s
Rendered 5314/10740, time remaining: 4m 40s
Rendered 5315/10740, time remaining: 4m 41s
Rendered 5316/10740, time remaining: 4m 41s
Rendered 5317/10740, time remaining: 4m 39s
Rendered 5318/10740, time remaining: 4m 39s
Rendered 5319/10740, time remaining: 4m 41s
Rendered 5320/10740, time remaining: 4m 41s
Rendered 5321/10740, time remaining: 4m 40s
Rendered 5322/10740, time remaining: 4m 40s
Rendered 5323/10740, time remaining: 4m 40s
Rendered 5324/10740, time remaining: 4m 40s
Rendered 5325/10740, time remaining: 4m 39s
Rendered 5326/10740, time remaining: 4m 38s
Rendered 5327/10740, time remaining: 4m 40s
Rendered 5328/10740, time remaining: 4m 41s
Rendered 5329/10740, time remaining: 4m 39s
Rendered 5330/10740, time remaining: 4m 40s
Rendered 5331/10740, time remaining: 4m 41s
Rendered 5332/10740, time remaining: 4m 41s
Rendered 5333/10740, time remaining: 4m 41s
Rendered 5334/10740, time remaining: 4m 40s
Rendered 5335/10740, time remaining: 4m 41s
Rendered 5336/10740, time remaining: 4m 41s
Rendered 5337/10740, time remaining: 4m 40s
Rendered 5338/10740, time remaining: 4m 39s
Rendered 5339/10740, time remaining: 4m 40s
Rendered 5340/10740, time remaining: 4m 39s
Rendered 5341/10740, time remaining: 4m 38s
Rendered 5342/10740, time remaining: 4m 38s
Rendered 5343/10740, time remaining: 4m 39s
Rendered 5344/10740, time remaining: 4m 40s
Rendered 5345/10740, time remaining: 4m 39s
Rendered 5346/10740, time remaining: 4m 39s
Rendered 5347/10740, time remaining: 4m 39s
Rendered 5348/10740, time remaining: 4m 39s
Rendered 5349/10740, time remaining: 4m 38s
Rendered 5350/10740, time remaining: 4m 37s
Rendered 5351/10740, time remaining: 4m 40s
Rendered 5352/10740, time remaining: 4m 39s
Rendered 5353/10740, time remaining: 4m 39s
Rendered 5354/10740, time remaining: 4m 39s
Rendered 5355/10740, time remaining: 4m 40s
Rendered 5356/10740, time remaining: 4m 39s
Rendered 5357/10740, time remaining: 4m 38s
Rendered 5358/10740, time remaining: 4m 39s
Rendered 5359/10740, time remaining: 4m 39s
Rendered 5360/10740, time remaining: 4m 39s
Rendered 5361/10740, time remaining: 4m 39s
Rendered 5362/10740, time remaining: 4m 39s
Rendered 5363/10740, time remaining: 4m 39s
Rendered 5364/10740, time remaining: 4m 40s
Rendered 5365/10740, time remaining: 4m 38s
Rendered 5366/10740, time remaining: 4m 37s
Rendered 5367/10740, time remaining: 4m 39s
Rendered 5368/10740, time remaining: 4m 39s
Rendered 5369/10740, time remaining: 4m 38s
Rendered 5370/10740, time remaining: 4m 37s
Rendered 5371/10740, time remaining: 4m 38s
Rendered 5372/10740, time remaining: 4m 39s
Rendered 5373/10740, time remaining: 4m 37s
Rendered 5374/10740, time remaining: 4m 38s
Rendered 5375/10740, time remaining: 4m 39s
Rendered 5376/10740, time remaining: 4m 39s
Rendered 5377/10740, time remaining: 4m 38s
Rendered 5378/10740, time remaining: 4m 37s
Rendered 5379/10740, time remaining: 4m 38s
Rendered 5380/10740, time remaining: 4m 38s
Rendered 5381/10740, time remaining: 4m 36s
Rendered 5382/10740, time remaining: 4m 36s
Rendered 5383/10740, time remaining: 4m 37s
Rendered 5384/10740, time remaining: 4m 37s
Rendered 5385/10740, time remaining: 4m 37s
Rendered 5386/10740, time remaining: 4m 36s
Rendered 5387/10740, time remaining: 4m 43s
Rendered 5388/10740, time remaining: 4m 43s
Rendered 5389/10740, time remaining: 4m 43s
Rendered 5390/10740, time remaining: 4m 41s
Rendered 5391/10740, time remaining: 4m 42s
Rendered 5392/10740, time remaining: 4m 42s
Rendered 5393/10740, time remaining: 4m 42s
Rendered 5394/10740, time remaining: 4m 41s
Rendered 5395/10740, time remaining: 4m 42s
Rendered 5396/10740, time remaining: 4m 42s
Rendered 5397/10740, time remaining: 4m 42s
Rendered 5398/10740, time remaining: 4m 40s
Rendered 5399/10740, time remaining: 4m 42s
Rendered 5400/10740, time remaining: 4m 42s
Rendered 5401/10740, time remaining: 4m 42s
Rendered 5402/10740, time remaining: 4m 41s
Rendered 5403/10740, time remaining: 4m 42s
Rendered 5404/10740, time remaining: 4m 43s
Rendered 5405/10740, time remaining: 4m 43s
Rendered 5406/10740, time remaining: 4m 40s
Rendered 5407/10740, time remaining: 4m 42s
Rendered 5408/10740, time remaining: 4m 41s
Rendered 5409/10740, time remaining: 4m 41s
Rendered 5410/10740, time remaining: 4m 40s
Rendered 5411/10740, time remaining: 4m 41s
Rendered 5412/10740, time remaining: 4m 42s
Rendered 5413/10740, time remaining: 4m 42s
Rendered 5414/10740, time remaining: 4m 41s
Rendered 5415/10740, time remaining: 4m 42s
Rendered 5416/10740, time remaining: 4m 42s
Rendered 5417/10740, time remaining: 4m 42s
Rendered 5418/10740, time remaining: 4m 40s
Rendered 5419/10740, time remaining: 4m 41s
Rendered 5420/10740, time remaining: 4m 41s
Rendered 5421/10740, time remaining: 4m 41s
Rendered 5422/10740, time remaining: 4m 40s
Rendered 5423/10740, time remaining: 4m 42s
Rendered 5424/10740, time remaining: 4m 41s
Rendered 5425/10740, time remaining: 4m 41s
Rendered 5426/10740, time remaining: 4m 41s
Rendered 5427/10740, time remaining: 4m 42s
Rendered 5428/10740, time remaining: 4m 42s
Rendered 5429/10740, time remaining: 4m 42s
Rendered 5430/10740, time remaining: 4m 42s
Rendered 5431/10740, time remaining: 4m 42s
Rendered 5432/10740, time remaining: 4m 43s
Rendered 5433/10740, time remaining: 4m 41s
Rendered 5434/10740, time remaining: 4m 41s
Rendered 5435/10740, time remaining: 4m 42s
Rendered 5436/10740, time remaining: 4m 42s
Rendered 5437/10740, time remaining: 4m 42s
Rendered 5438/10740, time remaining: 4m 41s
Rendered 5439/10740, time remaining: 4m 42s
Rendered 5440/10740, time remaining: 4m 42s
Rendered 5441/10740, time remaining: 4m 40s
Rendered 5442/10740, time remaining: 4m 40s
Rendered 5443/10740, time remaining: 4m 42s
Rendered 5444/10740, time remaining: 4m 42s
Rendered 5445/10740, time remaining: 4m 41s
Rendered 5446/10740, time remaining: 4m 41s
Rendered 5447/10740, time remaining: 4m 42s
Rendered 5448/10740, time remaining: 4m 42s
Rendered 5449/10740, time remaining: 4m 40s
Rendered 5450/10740, time remaining: 4m 40s
Rendered 5451/10740, time remaining: 4m 41s
Rendered 5452/10740, time remaining: 4m 40s
Rendered 5453/10740, time remaining: 4m 40s
Rendered 5454/10740, time remaining: 4m 40s
Rendered 5455/10740, time remaining: 4m 40s
Rendered 5456/10740, time remaining: 4m 40s
Rendered 5457/10740, time remaining: 4m 40s
Rendered 5458/10740, time remaining: 4m 38s
Rendered 5459/10740, time remaining: 4m 39s
Rendered 5460/10740, time remaining: 4m 38s
Rendered 5461/10740, time remaining: 4m 38s
Rendered 5462/10740, time remaining: 4m 38s
Rendered 5463/10740, time remaining: 4m 38s
Rendered 5464/10740, time remaining: 4m 38s
Rendered 5465/10740, time remaining: 4m 38s
Rendered 5466/10740, time remaining: 4m 38s
Rendered 5467/10740, time remaining: 4m 39s
Rendered 5468/10740, time remaining: 4m 38s
Rendered 5469/10740, time remaining: 4m 39s
Rendered 5470/10740, time remaining: 4m 37s
Rendered 5471/10740, time remaining: 4m 38s
Rendered 5472/10740, time remaining: 4m 37s
Rendered 5473/10740, time remaining: 4m 38s
Rendered 5474/10740, time remaining: 4m 38s
Rendered 5475/10740, time remaining: 4m 38s
Rendered 5476/10740, time remaining: 4m 38s
Rendered 5477/10740, time remaining: 4m 38s
Rendered 5478/10740, time remaining: 4m 38s
Rendered 5479/10740, time remaining: 4m 38s
Rendered 5480/10740, time remaining: 4m 38s
Rendered 5481/10740, time remaining: 4m 39s
Rendered 5482/10740, time remaining: 4m 37s
Rendered 5483/10740, time remaining: 4m 37s
Rendered 5484/10740, time remaining: 4m 37s
Rendered 5485/10740, time remaining: 4m 37s
Rendered 5486/10740, time remaining: 4m 36s
Rendered 5487/10740, time remaining: 4m 37s
Rendered 5488/10740, time remaining: 4m 37s
Rendered 5489/10740, time remaining: 4m 36s
Rendered 5490/10740, time remaining: 4m 37s
Rendered 5491/10740, time remaining: 4m 36s
Rendered 5492/10740, time remaining: 4m 35s
Rendered 5493/10740, time remaining: 4m 35s
Rendered 5494/10740, time remaining: 4m 35s
Rendered 5495/10740, time remaining: 4m 35s
Rendered 5496/10740, time remaining: 4m 34s
Rendered 5497/10740, time remaining: 4m 34s
Rendered 5498/10740, time remaining: 4m 35s
Rendered 5499/10740, time remaining: 4m 35s
Rendered 5500/10740, time remaining: 4m 35s
Rendered 5501/10740, time remaining: 4m 35s
Rendered 5502/10740, time remaining: 4m 35s
Rendered 5503/10740, time remaining: 4m 35s
Rendered 5504/10740, time remaining: 4m 35s
Rendered 5505/10740, time remaining: 4m 35s
Rendered 5506/10740, time remaining: 4m 35s
Rendered 5507/10740, time remaining: 4m 34s
Rendered 5508/10740, time remaining: 4m 34s
Rendered 5509/10740, time remaining: 4m 34s
Rendered 5510/10740, time remaining: 4m 34s
Rendered 5511/10740, time remaining: 4m 34s
Rendered 5512/10740, time remaining: 4m 34s
Rendered 5513/10740, time remaining: 4m 34s
Rendered 5514/10740, time remaining: 4m 33s
Rendered 5515/10740, time remaining: 4m 34s
Rendered 5516/10740, time remaining: 4m 34s
Rendered 5517/10740, time remaining: 4m 34s
Rendered 5518/10740, time remaining: 4m 34s
Rendered 5519/10740, time remaining: 4m 34s
Rendered 5520/10740, time remaining: 4m 34s
Rendered 5521/10740, time remaining: 4m 33s
Rendered 5522/10740, time remaining: 4m 33s
Rendered 5523/10740, time remaining: 4m 33s
Rendered 5524/10740, time remaining: 4m 33s
Rendered 5525/10740, time remaining: 4m 33s
Rendered 5526/10740, time remaining: 4m 33s
Rendered 5527/10740, time remaining: 4m 33s
Rendered 5528/10740, time remaining: 4m 33s
Rendered 5529/10740, time remaining: 4m 33s
Rendered 5530/10740, time remaining: 4m 33s
Rendered 5531/10740, time remaining: 4m 34s
Rendered 5532/10740, time remaining: 4m 34s
Rendered 5533/10740, time remaining: 4m 35s
Rendered 5534/10740, time remaining: 4m 34s
Rendered 5535/10740, time remaining: 4m 33s
Rendered 5536/10740, time remaining: 4m 33s
Rendered 5537/10740, time remaining: 4m 27s
Rendered 5538/10740, time remaining: 4m 27s
Rendered 5539/10740, time remaining: 4m 27s
Rendered 5540/10740, time remaining: 4m 29s
Rendered 5541/10740, time remaining: 4m 29s
Rendered 5542/10740, time remaining: 4m 29s
Rendered 5543/10740, time remaining: 4m 27s
Rendered 5544/10740, time remaining: 4m 27s
Rendered 5545/10740, time remaining: 4m 27s
Rendered 5546/10740, time remaining: 4m 27s
Rendered 5547/10740, time remaining: 4m 27s
Rendered 5548/10740, time remaining: 4m 28s
Rendered 5549/10740, time remaining: 4m 28s
Rendered 5550/10740, time remaining: 4m 28s
Rendered 5551/10740, time remaining: 4m 27s
Rendered 5552/10740, time remaining: 4m 27s
Rendered 5553/10740, time remaining: 4m 28s
Rendered 5554/10740, time remaining: 4m 27s
Rendered 5555/10740, time remaining: 4m 25s
Rendered 5556/10740, time remaining: 4m 27s
Rendered 5557/10740, time remaining: 4m 26s
Rendered 5558/10740, time remaining: 4m 27s
Rendered 5559/10740, time remaining: 4m 26s
Rendered 5560/10740, time remaining: 4m 27s
Rendered 5561/10740, time remaining: 4m 27s
Rendered 5562/10740, time remaining: 4m 27s
Rendered 5563/10740, time remaining: 4m 26s
Rendered 5564/10740, time remaining: 4m 26s
Rendered 5565/10740, time remaining: 4m 26s
Rendered 5566/10740, time remaining: 4m 26s
Rendered 5567/10740, time remaining: 4m 25s
Rendered 5568/10740, time remaining: 4m 27s
Rendered 5569/10740, time remaining: 4m 27s
Rendered 5570/10740, time remaining: 4m 27s
Rendered 5571/10740, time remaining: 4m 25s
Rendered 5572/10740, time remaining: 4m 26s
Rendered 5573/10740, time remaining: 4m 27s
Rendered 5574/10740, time remaining: 4m 26s
Rendered 5575/10740, time remaining: 4m 26s
Rendered 5576/10740, time remaining: 4m 26s
Rendered 5577/10740, time remaining: 4m 26s
Rendered 5578/10740, time remaining: 4m 26s
Rendered 5579/10740, time remaining: 4m 26s
Rendered 5580/10740, time remaining: 4m 25s
Rendered 5581/10740, time remaining: 4m 25s
Rendered 5582/10740, time remaining: 4m 25s
Rendered 5583/10740, time remaining: 4m 24s
Rendered 5584/10740, time remaining: 4m 25s
Rendered 5585/10740, time remaining: 4m 24s
Rendered 5586/10740, time remaining: 4m 24s
Rendered 5587/10740, time remaining: 4m 25s
Rendered 5588/10740, time remaining: 4m 25s
Rendered 5589/10740, time remaining: 4m 24s
Rendered 5590/10740, time remaining: 4m 24s
Rendered 5591/10740, time remaining: 4m 24s
Rendered 5592/10740, time remaining: 4m 24s
Rendered 5593/10740, time remaining: 4m 23s
Rendered 5594/10740, time remaining: 4m 24s
Rendered 5595/10740, time remaining: 4m 24s
Rendered 5596/10740, time remaining: 4m 24s
Rendered 5597/10740, time remaining: 4m 24s
Rendered 5598/10740, time remaining: 4m 24s
Rendered 5599/10740, time remaining: 4m 24s
Rendered 5600/10740, time remaining: 4m 24s
Rendered 5601/10740, time remaining: 4m 24s
Rendered 5602/10740, time remaining: 4m 24s
Rendered 5603/10740, time remaining: 4m 23s
Rendered 5604/10740, time remaining: 4m 23s
Rendered 5605/10740, time remaining: 4m 23s
Rendered 5606/10740, time remaining: 4m 23s
Rendered 5607/10740, time remaining: 4m 23s
Rendered 5608/10740, time remaining: 4m 23s
Rendered 5609/10740, time remaining: 4m 23s
Rendered 5610/10740, time remaining: 4m 23s
Rendered 5611/10740, time remaining: 4m 23s
Rendered 5612/10740, time remaining: 4m 23s
Rendered 5613/10740, time remaining: 4m 23s
Rendered 5614/10740, time remaining: 4m 23s
Rendered 5615/10740, time remaining: 4m 22s
Rendered 5616/10740, time remaining: 4m 22s
Rendered 5617/10740, time remaining: 4m 22s
Rendered 5618/10740, time remaining: 4m 22s
Rendered 5619/10740, time remaining: 4m 21s
Rendered 5620/10740, time remaining: 4m 22s
Rendered 5621/10740, time remaining: 4m 21s
Rendered 5622/10740, time remaining: 4m 21s
Rendered 5623/10740, time remaining: 4m 21s
Rendered 5624/10740, time remaining: 4m 21s
Rendered 5625/10740, time remaining: 4m 20s
Rendered 5626/10740, time remaining: 4m 20s
Rendered 5627/10740, time remaining: 4m 19s
Rendered 5628/10740, time remaining: 4m 20s
Rendered 5629/10740, time remaining: 4m 20s
Rendered 5630/10740, time remaining: 4m 19s
Rendered 5631/10740, time remaining: 4m 19s
Rendered 5632/10740, time remaining: 4m 20s
Rendered 5633/10740, time remaining: 4m 19s
Rendered 5634/10740, time remaining: 4m 20s
Rendered 5635/10740, time remaining: 4m 19s
Rendered 5636/10740, time remaining: 4m 20s
Rendered 5637/10740, time remaining: 4m 20s
Rendered 5638/10740, time remaining: 4m 20s
Rendered 5639/10740, time remaining: 4m 20s
Rendered 5640/10740, time remaining: 4m 20s
Rendered 5641/10740, time remaining: 4m 21s
Rendered 5642/10740, time remaining: 4m 21s
Rendered 5643/10740, time remaining: 4m 22s
Rendered 5644/10740, time remaining: 4m 21s
Rendered 5645/10740, time remaining: 4m 20s
Rendered 5646/10740, time remaining: 4m 21s
Rendered 5647/10740, time remaining: 4m 21s
Rendered 5648/10740, time remaining: 4m 20s
Rendered 5649/10740, time remaining: 4m 20s
Rendered 5650/10740, time remaining: 4m 20s
Rendered 5651/10740, time remaining: 4m 20s
Rendered 5652/10740, time remaining: 4m 20s
Rendered 5653/10740, time remaining: 4m 19s
Rendered 5654/10740, time remaining: 4m 20s
Rendered 5655/10740, time remaining: 4m 19s
Rendered 5656/10740, time remaining: 4m 19s
Rendered 5657/10740, time remaining: 4m 20s
Rendered 5658/10740, time remaining: 4m 20s
Rendered 5659/10740, time remaining: 4m 20s
Rendered 5660/10740, time remaining: 4m 20s
Rendered 5661/10740, time remaining: 4m 20s
Rendered 5662/10740, time remaining: 4m 19s
Rendered 5663/10740, time remaining: 4m 20s
Rendered 5664/10740, time remaining: 4m 20s
Rendered 5665/10740, time remaining: 4m 19s
Rendered 5666/10740, time remaining: 4m 19s
Rendered 5667/10740, time remaining: 4m 19s
Rendered 5668/10740, time remaining: 4m 19s
Rendered 5669/10740, time remaining: 4m 20s
Rendered 5670/10740, time remaining: 4m 20s
Rendered 5671/10740, time remaining: 4m 20s
Rendered 5672/10740, time remaining: 4m 20s
Rendered 5673/10740, time remaining: 4m 19s
Rendered 5674/10740, time remaining: 4m 19s
Rendered 5675/10740, time remaining: 4m 19s
Rendered 5676/10740, time remaining: 4m 18s
Rendered 5677/10740, time remaining: 4m 19s
Rendered 5678/10740, time remaining: 4m 19s
Rendered 5679/10740, time remaining: 4m 20s
Rendered 5680/10740, time remaining: 4m 20s
Rendered 5681/10740, time remaining: 4m 18s
Rendered 5682/10740, time remaining: 4m 18s
Rendered 5683/10740, time remaining: 4m 17s
Rendered 5684/10740, time remaining: 4m 18s
Rendered 5685/10740, time remaining: 4m 19s
Rendered 5686/10740, time remaining: 4m 19s
Rendered 5687/10740, time remaining: 4m 19s
Rendered 5688/10740, time remaining: 4m 19s
Rendered 5689/10740, time remaining: 4m 18s
Rendered 5690/10740, time remaining: 4m 18s
Rendered 5691/10740, time remaining: 4m 17s
Rendered 5692/10740, time remaining: 4m 17s
Rendered 5693/10740, time remaining: 4m 18s
Rendered 5694/10740, time remaining: 4m 18s
Rendered 5695/10740, time remaining: 4m 18s
Rendered 5696/10740, time remaining: 4m 18s
Rendered 5697/10740, time remaining: 4m 17s
Rendered 5698/10740, time remaining: 4m 17s
Rendered 5699/10740, time remaining: 4m 17s
Rendered 5700/10740, time remaining: 4m 17s
Rendered 5701/10740, time remaining: 4m 17s
Rendered 5702/10740, time remaining: 4m 17s
Rendered 5703/10740, time remaining: 4m 16s
Rendered 5704/10740, time remaining: 4m 17s
Rendered 5705/10740, time remaining: 4m 17s
Rendered 5706/10740, time remaining: 4m 17s
Rendered 5707/10740, time remaining: 4m 17s
Rendered 5708/10740, time remaining: 4m 17s
Rendered 5709/10740, time remaining: 4m 17s
Rendered 5710/10740, time remaining: 4m 17s
Rendered 5711/10740, time remaining: 4m 17s
Rendered 5712/10740, time remaining: 4m 17s
Rendered 5713/10740, time remaining: 4m 17s
Rendered 5714/10740, time remaining: 4m 17s
Rendered 5715/10740, time remaining: 4m 17s
Rendered 5716/10740, time remaining: 4m 18s
Rendered 5717/10740, time remaining: 4m 17s
Rendered 5718/10740, time remaining: 4m 17s
Rendered 5719/10740, time remaining: 4m 17s
Rendered 5720/10740, time remaining: 4m 16s
Rendered 5721/10740, time remaining: 4m 16s
Rendered 5722/10740, time remaining: 4m 16s
Rendered 5723/10740, time remaining: 4m 16s
Rendered 5724/10740, time remaining: 4m 17s
Rendered 5725/10740, time remaining: 4m 16s
Rendered 5726/10740, time remaining: 4m 16s
Rendered 5727/10740, time remaining: 4m 16s
Rendered 5728/10740, time remaining: 4m 16s
Rendered 5729/10740, time remaining: 4m 16s
Rendered 5730/10740, time remaining: 4m 15s
Rendered 5731/10740, time remaining: 4m 16s
Rendered 5732/10740, time remaining: 4m 15s
Rendered 5733/10740, time remaining: 4m 15s
Rendered 5734/10740, time remaining: 4m 15s
Rendered 5735/10740, time remaining: 4m 15s
Rendered 5736/10740, time remaining: 4m 16s
Rendered 5737/10740, time remaining: 4m 16s
Rendered 5738/10740, time remaining: 4m 16s
Rendered 5739/10740, time remaining: 4m 16s
Rendered 5740/10740, time remaining: 4m 16s
Rendered 5741/10740, time remaining: 4m 16s
Rendered 5742/10740, time remaining: 4m 15s
Rendered 5743/10740, time remaining: 4m 16s
Rendered 5744/10740, time remaining: 4m 15s
Rendered 5745/10740, time remaining: 4m 14s
Rendered 5746/10740, time remaining: 4m 15s
Rendered 5747/10740, time remaining: 4m 14s
Rendered 5748/10740, time remaining: 4m 14s
Rendered 5749/10740, time remaining: 4m 15s
Rendered 5750/10740, time remaining: 4m 15s
Rendered 5751/10740, time remaining: 4m 16s
Rendered 5752/10740, time remaining: 4m 15s
Rendered 5753/10740, time remaining: 4m 15s
Rendered 5754/10740, time remaining: 4m 15s
Rendered 5755/10740, time remaining: 4m 16s
Rendered 5756/10740, time remaining: 4m 16s
Rendered 5757/10740, time remaining: 4m 15s
Rendered 5758/10740, time remaining: 4m 16s
Rendered 5759/10740, time remaining: 4m 16s
Rendered 5760/10740, time remaining: 4m 17s
Rendered 5761/10740, time remaining: 4m 16s
Rendered 5762/10740, time remaining: 4m 16s
Rendered 5763/10740, time remaining: 4m 17s
Rendered 5764/10740, time remaining: 4m 17s
Rendered 5765/10740, time remaining: 4m 15s
Rendered 5766/10740, time remaining: 4m 16s
Rendered 5767/10740, time remaining: 4m 16s
Rendered 5768/10740, time remaining: 4m 17s
Rendered 5769/10740, time remaining: 4m 16s
Rendered 5770/10740, time remaining: 4m 16s
Rendered 5771/10740, time remaining: 4m 17s
Rendered 5772/10740, time remaining: 4m 17s
Rendered 5773/10740, time remaining: 4m 16s
Rendered 5774/10740, time remaining: 4m 16s
Rendered 5775/10740, time remaining: 4m 18s
Rendered 5776/10740, time remaining: 4m 18s
Rendered 5777/10740, time remaining: 4m 18s
Rendered 5778/10740, time remaining: 4m 17s
Rendered 5779/10740, time remaining: 4m 17s
Rendered 5780/10740, time remaining: 4m 18s
Rendered 5781/10740, time remaining: 4m 16s
Rendered 5782/10740, time remaining: 4m 16s
Rendered 5783/10740, time remaining: 4m 17s
Rendered 5784/10740, time remaining: 4m 17s
Rendered 5785/10740, time remaining: 4m 16s
Rendered 5786/10740, time remaining: 4m 16s
Rendered 5787/10740, time remaining: 4m 17s
Rendered 5788/10740, time remaining: 4m 17s
Rendered 5789/10740, time remaining: 4m 16s
Rendered 5790/10740, time remaining: 4m 16s
Rendered 5791/10740, time remaining: 4m 16s
Rendered 5792/10740, time remaining: 4m 17s
Rendered 5793/10740, time remaining: 4m 17s
Rendered 5794/10740, time remaining: 4m 16s
Rendered 5795/10740, time remaining: 4m 18s
Rendered 5796/10740, time remaining: 4m 18s
Rendered 5797/10740, time remaining: 4m 18s
Rendered 5798/10740, time remaining: 4m 18s
Rendered 5799/10740, time remaining: 4m 19s
Rendered 5800/10740, time remaining: 4m 19s
Rendered 5801/10740, time remaining: 4m 18s
Rendered 5802/10740, time remaining: 4m 18s
Rendered 5803/10740, time remaining: 4m 20s
Rendered 5804/10740, time remaining: 4m 18s
Rendered 5805/10740, time remaining: 4m 18s
Rendered 5806/10740, time remaining: 4m 18s
Rendered 5807/10740, time remaining: 4m 18s
Rendered 5808/10740, time remaining: 4m 17s
Rendered 5809/10740, time remaining: 4m 17s
Rendered 5810/10740, time remaining: 4m 17s
Rendered 5811/10740, time remaining: 4m 18s
Rendered 5812/10740, time remaining: 4m 17s
Rendered 5813/10740, time remaining: 4m 17s
Rendered 5814/10740, time remaining: 4m 17s
Rendered 5815/10740, time remaining: 4m 18s
Rendered 5816/10740, time remaining: 4m 18s
Rendered 5817/10740, time remaining: 4m 18s
Rendered 5818/10740, time remaining: 4m 18s
Rendered 5819/10740, time remaining: 4m 18s
Rendered 5820/10740, time remaining: 4m 17s
Rendered 5821/10740, time remaining: 4m 16s
Rendered 5822/10740, time remaining: 4m 16s
Rendered 5823/10740, time remaining: 4m 17s
Rendered 5824/10740, time remaining: 4m 17s
Rendered 5825/10740, time remaining: 4m 17s
Rendered 5826/10740, time remaining: 4m 17s
Rendered 5827/10740, time remaining: 4m 17s
Rendered 5828/10740, time remaining: 4m 16s
Rendered 5829/10740, time remaining: 4m 16s
Rendered 5830/10740, time remaining: 4m 15s
Rendered 5831/10740, time remaining: 4m 17s
Rendered 5832/10740, time remaining: 4m 17s
Rendered 5833/10740, time remaining: 4m 17s
Rendered 5834/10740, time remaining: 4m 17s
Rendered 5835/10740, time remaining: 4m 17s
Rendered 5836/10740, time remaining: 4m 16s
Rendered 5837/10740, time remaining: 4m 16s
Rendered 5838/10740, time remaining: 4m 15s
Rendered 5839/10740, time remaining: 4m 16s
Rendered 5840/10740, time remaining: 4m 15s
Rendered 5841/10740, time remaining: 4m 15s
Rendered 5842/10740, time remaining: 4m 15s
Rendered 5843/10740, time remaining: 4m 17s
Rendered 5844/10740, time remaining: 4m 16s
Rendered 5845/10740, time remaining: 4m 16s
Rendered 5846/10740, time remaining: 4m 15s
Rendered 5847/10740, time remaining: 4m 16s
Rendered 5848/10740, time remaining: 4m 16s
Rendered 5849/10740, time remaining: 4m 16s
Rendered 5850/10740, time remaining: 4m 16s
Rendered 5851/10740, time remaining: 4m 16s
Rendered 5852/10740, time remaining: 4m 15s
Rendered 5853/10740, time remaining: 4m 16s
Rendered 5854/10740, time remaining: 4m 14s
Rendered 5855/10740, time remaining: 4m 16s
Rendered 5856/10740, time remaining: 4m 16s
Rendered 5857/10740, time remaining: 4m 16s
Rendered 5858/10740, time remaining: 4m 15s
Rendered 5859/10740, time remaining: 4m 15s
Rendered 5860/10740, time remaining: 4m 14s
Rendered 5861/10740, time remaining: 4m 14s
Rendered 5862/10740, time remaining: 4m 14s
Rendered 5863/10740, time remaining: 4m 14s
Rendered 5864/10740, time remaining: 4m 14s
Rendered 5865/10740, time remaining: 4m 14s
Rendered 5866/10740, time remaining: 4m 13s
Rendered 5867/10740, time remaining: 4m 15s
Rendered 5868/10740, time remaining: 4m 14s
Rendered 5869/10740, time remaining: 4m 14s
Rendered 5870/10740, time remaining: 4m 15s
Rendered 5871/10740, time remaining: 4m 15s
Rendered 5872/10740, time remaining: 4m 14s
Rendered 5873/10740, time remaining: 4m 14s
Rendered 5874/10740, time remaining: 4m 13s
Rendered 5875/10740, time remaining: 4m 15s
Rendered 5876/10740, time remaining: 4m 14s
Rendered 5877/10740, time remaining: 4m 14s
Rendered 5878/10740, time remaining: 4m 14s
Rendered 5879/10740, time remaining: 4m 14s
Rendered 5880/10740, time remaining: 4m 13s
Rendered 5881/10740, time remaining: 4m 13s
Rendered 5882/10740, time remaining: 4m 12s
Rendered 5883/10740, time remaining: 4m 14s
Rendered 5884/10740, time remaining: 4m 14s
Rendered 5885/10740, time remaining: 4m 13s
Rendered 5886/10740, time remaining: 4m 13s
Rendered 5887/10740, time remaining: 4m 14s
Rendered 5888/10740, time remaining: 4m 12s
Rendered 5889/10740, time remaining: 4m 12s
Rendered 5890/10740, time remaining: 4m 12s
Rendered 5891/10740, time remaining: 4m 13s
Rendered 5892/10740, time remaining: 4m 12s
Rendered 5893/10740, time remaining: 4m 12s
Rendered 5894/10740, time remaining: 4m 12s
Rendered 5895/10740, time remaining: 4m 14s
Rendered 5896/10740, time remaining: 4m 12s
Rendered 5897/10740, time remaining: 4m 12s
Rendered 5898/10740, time remaining: 4m 12s
Rendered 5899/10740, time remaining: 4m 12s
Rendered 5900/10740, time remaining: 4m 12s
Rendered 5901/10740, time remaining: 4m 12s
Rendered 5902/10740, time remaining: 4m 12s
Rendered 5903/10740, time remaining: 4m 14s
Rendered 5904/10740, time remaining: 4m 12s
Rendered 5905/10740, time remaining: 4m 12s
Rendered 5906/10740, time remaining: 4m 12s
Rendered 5907/10740, time remaining: 4m 13s
Rendered 5908/10740, time remaining: 4m 12s
Rendered 5909/10740, time remaining: 4m 12s
Rendered 5910/10740, time remaining: 4m 12s
Rendered 5911/10740, time remaining: 4m 12s
Rendered 5912/10740, time remaining: 4m 12s
Rendered 5913/10740, time remaining: 4m 12s
Rendered 5914/10740, time remaining: 4m 11s
Rendered 5915/10740, time remaining: 4m 13s
Rendered 5916/10740, time remaining: 4m 11s
Rendered 5917/10740, time remaining: 4m 11s
Rendered 5918/10740, time remaining: 4m 11s
Rendered 5919/10740, time remaining: 4m 12s
Rendered 5920/10740, time remaining: 4m 11s
Rendered 5921/10740, time remaining: 4m 11s
Rendered 5922/10740, time remaining: 4m 11s
Rendered 5923/10740, time remaining: 4m 12s
Rendered 5924/10740, time remaining: 4m 11s
Rendered 5925/10740, time remaining: 4m 11s
Rendered 5926/10740, time remaining: 4m 11s
Rendered 5927/10740, time remaining: 4m 12s
Rendered 5928/10740, time remaining: 4m 10s
Rendered 5929/10740, time remaining: 4m 10s
Rendered 5930/10740, time remaining: 4m 10s
Rendered 5931/10740, time remaining: 4m 12s
Rendered 5932/10740, time remaining: 4m 10s
Rendered 5933/10740, time remaining: 4m 11s
Rendered 5934/10740, time remaining: 4m 10s
Rendered 5935/10740, time remaining: 4m 11s
Rendered 5936/10740, time remaining: 4m 11s
Rendered 5937/10740, time remaining: 4m 10s
Rendered 5938/10740, time remaining: 4m 11s
Rendered 5939/10740, time remaining: 4m 11s
Rendered 5940/10740, time remaining: 4m 9s
Rendered 5941/10740, time remaining: 4m 10s
Rendered 5942/10740, time remaining: 4m 9s
Rendered 5943/10740, time remaining: 4m 9s
Rendered 5944/10740, time remaining: 4m 9s
Rendered 5945/10740, time remaining: 4m 8s
Rendered 5946/10740, time remaining: 4m 9s
Rendered 5947/10740, time remaining: 4m 8s
Rendered 5948/10740, time remaining: 4m 7s
Rendered 5949/10740, time remaining: 4m 6s
Rendered 5950/10740, time remaining: 4m 6s
Rendered 5951/10740, time remaining: 4m 7s
Rendered 5952/10740, time remaining: 4m 6s
Rendered 5953/10740, time remaining: 4m 6s
Rendered 5954/10740, time remaining: 4m 7s
Rendered 5955/10740, time remaining: 4m 7s
Rendered 5956/10740, time remaining: 4m 6s
Rendered 5957/10740, time remaining: 4m 7s
Rendered 5958/10740, time remaining: 4m 8s
Rendered 5959/10740, time remaining: 4m 8s
Rendered 5960/10740, time remaining: 4m 7s
Rendered 5961/10740, time remaining: 4m 6s
Rendered 5962/10740, time remaining: 4m 7s
Rendered 5963/10740, time remaining: 4m 8s
Rendered 5964/10740, time remaining: 4m 6s
Rendered 5965/10740, time remaining: 4m 6s
Rendered 5966/10740, time remaining: 4m 6s
Rendered 5967/10740, time remaining: 4m 6s
Rendered 5968/10740, time remaining: 4m 6s
Rendered 5969/10740, time remaining: 4m 5s
Rendered 5970/10740, time remaining: 4m 7s
Rendered 5971/10740, time remaining: 4m 7s
Rendered 5972/10740, time remaining: 4m 6s
Rendered 5973/10740, time remaining: 4m 5s
Rendered 5974/10740, time remaining: 4m 6s
Rendered 5975/10740, time remaining: 4m 6s
Rendered 5976/10740, time remaining: 4m 6s
Rendered 5977/10740, time remaining: 4m 5s
Rendered 5978/10740, time remaining: 4m 6s
Rendered 5979/10740, time remaining: 4m 6s
Rendered 5980/10740, time remaining: 4m 6s
Rendered 5981/10740, time remaining: 4m 5s
Rendered 5982/10740, time remaining: 4m 6s
Rendered 5983/10740, time remaining: 4m 6s
Rendered 5984/10740, time remaining: 4m 4s
Rendered 5985/10740, time remaining: 4m 3s
Rendered 5986/10740, time remaining: 4m 5s
Rendered 5987/10740, time remaining: 4m 5s
Rendered 5988/10740, time remaining: 4m 5s
Rendered 5989/10740, time remaining: 4m 5s
Rendered 5990/10740, time remaining: 4m 5s
Rendered 5991/10740, time remaining: 4m 6s
Rendered 5992/10740, time remaining: 4m 5s
Rendered 5993/10740, time remaining: 4m 5s
Rendered 5994/10740, time remaining: 4m 6s
Rendered 5995/10740, time remaining: 4m 6s
Rendered 5996/10740, time remaining: 4m 5s
Rendered 5997/10740, time remaining: 4m 4s
Rendered 5998/10740, time remaining: 4m 4s
Rendered 5999/10740, time remaining: 4m 6s
Rendered 6000/10740, time remaining: 4m 4s
Rendered 6001/10740, time remaining: 4m 4s
Rendered 6002/10740, time remaining: 4m 4s
Rendered 6003/10740, time remaining: 4m 4s
Rendered 6004/10740, time remaining: 4m 4s
Rendered 6005/10740, time remaining: 4m 4s
Rendered 6006/10740, time remaining: 4m 4s
Rendered 6007/10740, time remaining: 4m 4s
Rendered 6008/10740, time remaining: 4m 4s
Rendered 6009/10740, time remaining: 4m 4s
Rendered 6010/10740, time remaining: 4m 5s
Rendered 6011/10740, time remaining: 4m 5s
Rendered 6012/10740, time remaining: 4m 4s
Rendered 6013/10740, time remaining: 4m 4s
Rendered 6014/10740, time remaining: 4m 4s
Rendered 6015/10740, time remaining: 4m 5s
Rendered 6016/10740, time remaining: 4m 3s
Rendered 6017/10740, time remaining: 4m 3s
Rendered 6018/10740, time remaining: 4m 3s
Rendered 6019/10740, time remaining: 4m 4s
Rendered 6020/10740, time remaining: 4m 3s
Rendered 6021/10740, time remaining: 4m 3s
Rendered 6022/10740, time remaining: 4m 5s
Rendered 6023/10740, time remaining: 4m 5s
Rendered 6024/10740, time remaining: 4m 3s
Rendered 6025/10740, time remaining: 4m 3s
Rendered 6026/10740, time remaining: 4m 3s
Rendered 6027/10740, time remaining: 4m 3s
Rendered 6028/10740, time remaining: 4m 3s
Rendered 6029/10740, time remaining: 4m 3s
Rendered 6030/10740, time remaining: 4m 5s
Rendered 6031/10740, time remaining: 4m 5s
Rendered 6032/10740, time remaining: 4m 3s
Rendered 6033/10740, time remaining: 4m 3s
Rendered 6034/10740, time remaining: 4m 3s
Rendered 6035/10740, time remaining: 4m 4s
Rendered 6036/10740, time remaining: 4m 2s
Rendered 6037/10740, time remaining: 4m 2s
Rendered 6038/10740, time remaining: 4m 3s
Rendered 6039/10740, time remaining: 4m 3s
Rendered 6040/10740, time remaining: 4m 2s
Rendered 6041/10740, time remaining: 4m 2s
Rendered 6042/10740, time remaining: 4m 3s
Rendered 6043/10740, time remaining: 4m 3s
Rendered 6044/10740, time remaining: 4m 3s
Rendered 6045/10740, time remaining: 4m 2s
Rendered 6046/10740, time remaining: 4m 4s
Rendered 6047/10740, time remaining: 4m 3s
Rendered 6048/10740, time remaining: 4m 3s
Rendered 6049/10740, time remaining: 4m 2s
Rendered 6050/10740, time remaining: 4m 2s
Rendered 6051/10740, time remaining: 4m 2s
Rendered 6052/10740, time remaining: 4m 2s
Rendered 6053/10740, time remaining: 4m 2s
Rendered 6054/10740, time remaining: 4m 4s
Rendered 6055/10740, time remaining: 4m 3s
Rendered 6056/10740, time remaining: 4m 2s
Rendered 6057/10740, time remaining: 4m 2s
Rendered 6058/10740, time remaining: 4m 2s
Rendered 6059/10740, time remaining: 4m 3s
Rendered 6060/10740, time remaining: 4m 2s
Rendered 6061/10740, time remaining: 4m 1s
Rendered 6062/10740, time remaining: 4m 2s
Rendered 6063/10740, time remaining: 4m 2s
Rendered 6064/10740, time remaining: 4m 1s
Rendered 6065/10740, time remaining: 4m 1s
Rendered 6066/10740, time remaining: 4m 2s
Rendered 6067/10740, time remaining: 4m 3s
Rendered 6068/10740, time remaining: 4m 2s
Rendered 6069/10740, time remaining: 4m 1s
Rendered 6070/10740, time remaining: 4m 3s
Rendered 6071/10740, time remaining: 4m 3s
Rendered 6072/10740, time remaining: 4m 1s
Rendered 6073/10740, time remaining: 4m 1s
Rendered 6074/10740, time remaining: 4m 2s
Rendered 6075/10740, time remaining: 4m 2s
Rendered 6076/10740, time remaining: 4m 1s
Rendered 6077/10740, time remaining: 4m 0s
Rendered 6078/10740, time remaining: 4m 2s
Rendered 6079/10740, time remaining: 4m 2s
Rendered 6080/10740, time remaining: 4m 1s
Rendered 6081/10740, time remaining: 4m 0s
Rendered 6082/10740, time remaining: 4m 1s
Rendered 6083/10740, time remaining: 4m 1s
Rendered 6084/10740, time remaining: 4m 0s
Rendered 6085/10740, time remaining: 4m 1s
Rendered 6086/10740, time remaining: 4m 0s
Rendered 6087/10740, time remaining: 4m 1s
Rendered 6088/10740, time remaining: 4m 0s
Rendered 6089/10740, time remaining: 4m 0s
Rendered 6090/10740, time remaining: 4m 2s
Rendered 6091/10740, time remaining: 4m 2s
Rendered 6092/10740, time remaining: 4m 1s
Rendered 6093/10740, time remaining: 4m 1s
Rendered 6094/10740, time remaining: 4m 1s
Rendered 6095/10740, time remaining: 4m 1s
Rendered 6096/10740, time remaining: 4m 1s
Rendered 6097/10740, time remaining: 4m 0s
Rendered 6098/10740, time remaining: 4m 2s
Rendered 6099/10740, time remaining: 4m 2s
Rendered 6100/10740, time remaining: 4m 1s
Rendered 6101/10740, time remaining: 4m 1s
Rendered 6102/10740, time remaining: 4m 1s
Rendered 6103/10740, time remaining: 4m 1s
Rendered 6104/10740, time remaining: 4m 1s
Rendered 6105/10740, time remaining: 4m 0s
Rendered 6106/10740, time remaining: 4m 2s
Rendered 6107/10740, time remaining: 4m 1s
Rendered 6108/10740, time remaining: 4m 0s
Rendered 6109/10740, time remaining: 4m 0s
Rendered 6110/10740, time remaining: 4m 0s
Rendered 6111/10740, time remaining: 4m 0s
Rendered 6112/10740, time remaining: 3m 59s
Rendered 6113/10740, time remaining: 3m 58s
Rendered 6114/10740, time remaining: 4m 0s
Rendered 6115/10740, time remaining: 4m 0s
Rendered 6116/10740, time remaining: 3m 59s
Rendered 6117/10740, time remaining: 4m 0s
Rendered 6118/10740, time remaining: 4m 0s
Rendered 6119/10740, time remaining: 4m 0s
Rendered 6120/10740, time remaining: 4m 0s
Rendered 6121/10740, time remaining: 3m 59s
Rendered 6122/10740, time remaining: 4m 1s
Rendered 6123/10740, time remaining: 4m 1s
Rendered 6124/10740, time remaining: 4m 0s
Rendered 6125/10740, time remaining: 4m 0s
Rendered 6126/10740, time remaining: 3m 59s
Rendered 6127/10740, time remaining: 3m 59s
Rendered 6128/10740, time remaining: 3m 59s
Rendered 6129/10740, time remaining: 3m 59s
Rendered 6130/10740, time remaining: 3m 59s
Rendered 6131/10740, time remaining: 4m 0s
Rendered 6132/10740, time remaining: 3m 58s
Rendered 6133/10740, time remaining: 3m 58s
Rendered 6134/10740, time remaining: 4m 0s
Rendered 6135/10740, time remaining: 4m 0s
Rendered 6136/10740, time remaining: 4m 0s
Rendered 6137/10740, time remaining: 3m 59s
Rendered 6138/10740, time remaining: 3m 59s
Rendered 6139/10740, time remaining: 3m 59s
Rendered 6140/10740, time remaining: 3m 58s
Rendered 6141/10740, time remaining: 3m 58s
Rendered 6142/10740, time remaining: 3m 57s
Rendered 6143/10740, time remaining: 3m 58s
Rendered 6144/10740, time remaining: 3m 57s
Rendered 6145/10740, time remaining: 3m 57s
Rendered 6146/10740, time remaining: 3m 58s
Rendered 6147/10740, time remaining: 3m 59s
Rendered 6148/10740, time remaining: 3m 58s
Rendered 6149/10740, time remaining: 3m 57s
Rendered 6150/10740, time remaining: 3m 59s
Rendered 6151/10740, time remaining: 3m 59s
Rendered 6152/10740, time remaining: 3m 59s
Rendered 6153/10740, time remaining: 3m 58s
Rendered 6154/10740, time remaining: 3m 59s
Rendered 6155/10740, time remaining: 3m 59s
Rendered 6156/10740, time remaining: 3m 58s
Rendered 6157/10740, time remaining: 3m 58s
Rendered 6158/10740, time remaining: 3m 57s
Rendered 6159/10740, time remaining: 3m 58s
Rendered 6160/10740, time remaining: 3m 57s
Rendered 6161/10740, time remaining: 3m 57s
Rendered 6162/10740, time remaining: 3m 59s
Rendered 6163/10740, time remaining: 3m 58s
Rendered 6164/10740, time remaining: 3m 57s
Rendered 6165/10740, time remaining: 3m 56s
Rendered 6166/10740, time remaining: 3m 58s
Rendered 6167/10740, time remaining: 3m 58s
Rendered 6168/10740, time remaining: 3m 57s
Rendered 6169/10740, time remaining: 3m 57s
Rendered 6170/10740, time remaining: 3m 57s
Rendered 6171/10740, time remaining: 3m 57s
Rendered 6172/10740, time remaining: 3m 56s
Rendered 6173/10740, time remaining: 3m 55s
Rendered 6174/10740, time remaining: 3m 57s
Rendered 6175/10740, time remaining: 3m 57s
Rendered 6176/10740, time remaining: 3m 56s
Rendered 6177/10740, time remaining: 3m 56s
Rendered 6178/10740, time remaining: 3m 56s
Rendered 6179/10740, time remaining: 3m 56s
Rendered 6180/10740, time remaining: 3m 56s
Rendered 6181/10740, time remaining: 3m 55s
Rendered 6182/10740, time remaining: 3m 57s
Rendered 6183/10740, time remaining: 3m 57s
Rendered 6184/10740, time remaining: 3m 56s
Rendered 6185/10740, time remaining: 3m 56s
Rendered 6186/10740, time remaining: 3m 56s
Rendered 6187/10740, time remaining: 3m 56s
Rendered 6188/10740, time remaining: 3m 56s
Rendered 6189/10740, time remaining: 3m 56s
Rendered 6190/10740, time remaining: 3m 57s
Rendered 6191/10740, time remaining: 3m 57s
Rendered 6192/10740, time remaining: 3m 56s
Rendered 6193/10740, time remaining: 3m 56s
Rendered 6194/10740, time remaining: 3m 56s
Rendered 6195/10740, time remaining: 3m 56s
Rendered 6196/10740, time remaining: 3m 55s
Rendered 6197/10740, time remaining: 3m 55s
Rendered 6198/10740, time remaining: 3m 56s
Rendered 6199/10740, time remaining: 3m 56s
Rendered 6200/10740, time remaining: 3m 55s
Rendered 6201/10740, time remaining: 3m 55s
Rendered 6202/10740, time remaining: 3m 54s
Rendered 6203/10740, time remaining: 3m 55s
Rendered 6204/10740, time remaining: 3m 55s
Rendered 6205/10740, time remaining: 3m 55s
Rendered 6206/10740, time remaining: 3m 56s
Rendered 6207/10740, time remaining: 3m 56s
Rendered 6208/10740, time remaining: 3m 54s
Rendered 6209/10740, time remaining: 3m 54s
Rendered 6210/10740, time remaining: 3m 55s
Rendered 6211/10740, time remaining: 3m 55s
Rendered 6212/10740, time remaining: 3m 54s
Rendered 6213/10740, time remaining: 3m 54s
Rendered 6214/10740, time remaining: 3m 55s
Rendered 6215/10740, time remaining: 3m 55s
Rendered 6216/10740, time remaining: 3m 55s
Rendered 6217/10740, time remaining: 3m 54s
Rendered 6218/10740, time remaining: 3m 55s
Rendered 6219/10740, time remaining: 3m 55s
Rendered 6220/10740, time remaining: 3m 53s
Rendered 6221/10740, time remaining: 3m 53s
Rendered 6222/10740, time remaining: 3m 55s
Rendered 6223/10740, time remaining: 3m 55s
Rendered 6224/10740, time remaining: 3m 54s
Rendered 6225/10740, time remaining: 3m 53s
Rendered 6226/10740, time remaining: 3m 54s
Rendered 6227/10740, time remaining: 3m 55s
Rendered 6228/10740, time remaining: 3m 53s
Rendered 6229/10740, time remaining: 3m 54s
Rendered 6230/10740, time remaining: 3m 54s
Rendered 6231/10740, time remaining: 3m 54s
Rendered 6232/10740, time remaining: 3m 54s
Rendered 6233/10740, time remaining: 3m 53s
Rendered 6234/10740, time remaining: 3m 54s
Rendered 6235/10740, time remaining: 3m 54s
Rendered 6236/10740, time remaining: 3m 53s
Rendered 6237/10740, time remaining: 3m 53s
Rendered 6238/10740, time remaining: 3m 53s
Rendered 6239/10740, time remaining: 3m 54s
Rendered 6240/10740, time remaining: 3m 52s
Rendered 6241/10740, time remaining: 3m 52s
Rendered 6242/10740, time remaining: 3m 54s
Rendered 6243/10740, time remaining: 3m 54s
Rendered 6244/10740, time remaining: 3m 52s
Rendered 6245/10740, time remaining: 3m 52s
Rendered 6246/10740, time remaining: 3m 52s
Rendered 6247/10740, time remaining: 3m 52s
Rendered 6248/10740, time remaining: 3m 52s
Rendered 6249/10740, time remaining: 3m 52s
Rendered 6250/10740, time remaining: 3m 53s
Rendered 6251/10740, time remaining: 3m 53s
Rendered 6252/10740, time remaining: 3m 52s
Rendered 6253/10740, time remaining: 3m 51s
Rendered 6254/10740, time remaining: 3m 51s
Rendered 6255/10740, time remaining: 3m 51s
Rendered 6256/10740, time remaining: 3m 51s
Rendered 6257/10740, time remaining: 3m 49s
Rendered 6258/10740, time remaining: 3m 51s
Rendered 6259/10740, time remaining: 3m 50s
Rendered 6260/10740, time remaining: 3m 50s
Rendered 6261/10740, time remaining: 3m 50s
Rendered 6262/10740, time remaining: 3m 50s
Rendered 6263/10740, time remaining: 3m 51s
Rendered 6264/10740, time remaining: 3m 50s
Rendered 6265/10740, time remaining: 3m 50s
Rendered 6266/10740, time remaining: 3m 50s
Rendered 6267/10740, time remaining: 3m 50s
Rendered 6268/10740, time remaining: 3m 50s
Rendered 6269/10740, time remaining: 3m 49s
Rendered 6270/10740, time remaining: 3m 49s
Rendered 6271/10740, time remaining: 3m 49s
Rendered 6272/10740, time remaining: 3m 49s
Rendered 6273/10740, time remaining: 3m 48s
Rendered 6274/10740, time remaining: 3m 50s
Rendered 6275/10740, time remaining: 3m 50s
Rendered 6276/10740, time remaining: 3m 50s
Rendered 6277/10740, time remaining: 3m 50s
Rendered 6278/10740, time remaining: 3m 50s
Rendered 6279/10740, time remaining: 3m 50s
Rendered 6280/10740, time remaining: 3m 50s
Rendered 6281/10740, time remaining: 3m 48s
Rendered 6282/10740, time remaining: 3m 49s
Rendered 6283/10740, time remaining: 3m 49s
Rendered 6284/10740, time remaining: 3m 49s
Rendered 6285/10740, time remaining: 3m 49s
Rendered 6286/10740, time remaining: 3m 49s
Rendered 6287/10740, time remaining: 3m 50s
Rendered 6288/10740, time remaining: 3m 49s
Rendered 6289/10740, time remaining: 3m 48s
Rendered 6290/10740, time remaining: 3m 49s
Rendered 6291/10740, time remaining: 3m 49s
Rendered 6292/10740, time remaining: 3m 50s
Rendered 6293/10740, time remaining: 3m 48s
Rendered 6294/10740, time remaining: 3m 49s
Rendered 6295/10740, time remaining: 3m 49s
Rendered 6296/10740, time remaining: 3m 49s
Rendered 6297/10740, time remaining: 3m 48s
Rendered 6298/10740, time remaining: 3m 48s
Rendered 6299/10740, time remaining: 3m 48s
Rendered 6300/10740, time remaining: 3m 48s
Rendered 6301/10740, time remaining: 3m 47s
Rendered 6302/10740, time remaining: 3m 48s
Rendered 6303/10740, time remaining: 3m 48s
Rendered 6304/10740, time remaining: 3m 48s
Rendered 6305/10740, time remaining: 3m 47s
Rendered 6306/10740, time remaining: 3m 48s
Rendered 6307/10740, time remaining: 3m 49s
Rendered 6308/10740, time remaining: 3m 49s
Rendered 6309/10740, time remaining: 3m 47s
Rendered 6310/10740, time remaining: 3m 48s
Rendered 6311/10740, time remaining: 3m 48s
Rendered 6312/10740, time remaining: 3m 48s
Rendered 6313/10740, time remaining: 3m 47s
Rendered 6314/10740, time remaining: 3m 48s
Rendered 6315/10740, time remaining: 3m 48s
Rendered 6316/10740, time remaining: 3m 48s
Rendered 6317/10740, time remaining: 3m 47s
Rendered 6318/10740, time remaining: 3m 47s
Rendered 6319/10740, time remaining: 3m 47s
Rendered 6320/10740, time remaining: 3m 47s
Rendered 6321/10740, time remaining: 3m 46s
Rendered 6322/10740, time remaining: 3m 47s
Rendered 6323/10740, time remaining: 3m 47s
Rendered 6324/10740, time remaining: 3m 47s
Rendered 6325/10740, time remaining: 3m 47s
Rendered 6326/10740, time remaining: 3m 47s
Rendered 6327/10740, time remaining: 3m 47s
Rendered 6328/10740, time remaining: 3m 47s
Rendered 6329/10740, time remaining: 3m 46s
Rendered 6330/10740, time remaining: 3m 47s
Rendered 6331/10740, time remaining: 3m 47s
Rendered 6332/10740, time remaining: 3m 46s
Rendered 6333/10740, time remaining: 3m 46s
Rendered 6334/10740, time remaining: 3m 47s
Rendered 6335/10740, time remaining: 3m 47s
Rendered 6336/10740, time remaining: 3m 47s
Rendered 6337/10740, time remaining: 3m 46s
Rendered 6338/10740, time remaining: 3m 45s
Rendered 6339/10740, time remaining: 3m 46s
Rendered 6340/10740, time remaining: 3m 45s
Rendered 6341/10740, time remaining: 3m 44s
Rendered 6342/10740, time remaining: 3m 46s
Rendered 6343/10740, time remaining: 3m 46s
Rendered 6344/10740, time remaining: 3m 46s
Rendered 6345/10740, time remaining: 3m 46s
Rendered 6346/10740, time remaining: 3m 46s
Rendered 6347/10740, time remaining: 3m 46s
Rendered 6348/10740, time remaining: 3m 46s
Rendered 6349/10740, time remaining: 3m 45s
Rendered 6350/10740, time remaining: 3m 46s
Rendered 6351/10740, time remaining: 3m 46s
Rendered 6352/10740, time remaining: 3m 46s
Rendered 6353/10740, time remaining: 3m 45s
Rendered 6354/10740, time remaining: 3m 45s
Rendered 6355/10740, time remaining: 3m 45s
Rendered 6356/10740, time remaining: 3m 45s
Rendered 6357/10740, time remaining: 3m 45s
Rendered 6358/10740, time remaining: 3m 46s
Rendered 6359/10740, time remaining: 3m 46s
Rendered 6360/10740, time remaining: 3m 46s
Rendered 6361/10740, time remaining: 3m 45s
Rendered 6362/10740, time remaining: 3m 45s
Rendered 6363/10740, time remaining: 3m 45s
Rendered 6364/10740, time remaining: 3m 45s
Rendered 6365/10740, time remaining: 3m 44s
Rendered 6366/10740, time remaining: 3m 44s
Rendered 6367/10740, time remaining: 3m 44s
Rendered 6368/10740, time remaining: 3m 44s
Rendered 6369/10740, time remaining: 3m 43s
Rendered 6370/10740, time remaining: 3m 44s
Rendered 6371/10740, time remaining: 3m 44s
Rendered 6372/10740, time remaining: 3m 44s
Rendered 6373/10740, time remaining: 3m 44s
Rendered 6374/10740, time remaining: 3m 45s
Rendered 6375/10740, time remaining: 3m 45s
Rendered 6376/10740, time remaining: 3m 45s
Rendered 6377/10740, time remaining: 3m 43s
Rendered 6378/10740, time remaining: 3m 44s
Rendered 6379/10740, time remaining: 3m 44s
Rendered 6380/10740, time remaining: 3m 44s
Rendered 6381/10740, time remaining: 3m 44s
Rendered 6382/10740, time remaining: 3m 44s
Rendered 6383/10740, time remaining: 3m 45s
Rendered 6384/10740, time remaining: 3m 45s
Rendered 6385/10740, time remaining: 3m 43s
Rendered 6386/10740, time remaining: 3m 44s
Rendered 6387/10740, time remaining: 3m 43s
Rendered 6388/10740, time remaining: 3m 44s
Rendered 6389/10740, time remaining: 3m 43s
Rendered 6390/10740, time remaining: 3m 43s
Rendered 6391/10740, time remaining: 3m 44s
Rendered 6392/10740, time remaining: 3m 43s
Rendered 6393/10740, time remaining: 3m 42s
Rendered 6394/10740, time remaining: 3m 44s
Rendered 6395/10740, time remaining: 3m 44s
Rendered 6396/10740, time remaining: 3m 44s
Rendered 6397/10740, time remaining: 3m 43s
Rendered 6398/10740, time remaining: 3m 43s
Rendered 6399/10740, time remaining: 3m 43s
Rendered 6400/10740, time remaining: 3m 43s
Rendered 6401/10740, time remaining: 3m 42s
Rendered 6402/10740, time remaining: 3m 44s
Rendered 6403/10740, time remaining: 3m 44s
Rendered 6404/10740, time remaining: 3m 44s
Rendered 6405/10740, time remaining: 3m 43s
Rendered 6406/10740, time remaining: 3m 43s
Rendered 6407/10740, time remaining: 3m 45s
Rendered 6408/10740, time remaining: 3m 45s
Rendered 6409/10740, time remaining: 3m 44s
Rendered 6410/10740, time remaining: 3m 45s
Rendered 6411/10740, time remaining: 3m 44s
Rendered 6412/10740, time remaining: 3m 44s
Rendered 6413/10740, time remaining: 3m 43s
Rendered 6414/10740, time remaining: 3m 43s
Rendered 6415/10740, time remaining: 3m 44s
Rendered 6416/10740, time remaining: 3m 44s
Rendered 6417/10740, time remaining: 3m 43s
Rendered 6418/10740, time remaining: 3m 43s
Rendered 6419/10740, time remaining: 3m 44s
Rendered 6420/10740, time remaining: 3m 44s
Rendered 6421/10740, time remaining: 3m 44s
Rendered 6422/10740, time remaining: 3m 43s
Rendered 6423/10740, time remaining: 3m 44s
Rendered 6424/10740, time remaining: 3m 44s
Rendered 6425/10740, time remaining: 3m 43s
Rendered 6426/10740, time remaining: 3m 43s
Rendered 6427/10740, time remaining: 3m 43s
Rendered 6428/10740, time remaining: 3m 44s
Rendered 6429/10740, time remaining: 3m 43s
Rendered 6430/10740, time remaining: 3m 42s
Rendered 6431/10740, time remaining: 3m 44s
Rendered 6432/10740, time remaining: 3m 44s
Rendered 6433/10740, time remaining: 3m 43s
Rendered 6434/10740, time remaining: 3m 43s
Rendered 6435/10740, time remaining: 3m 43s
Rendered 6436/10740, time remaining: 3m 43s
Rendered 6437/10740, time remaining: 3m 42s
Rendered 6438/10740, time remaining: 3m 42s
Rendered 6439/10740, time remaining: 3m 44s
Rendered 6440/10740, time remaining: 3m 43s
Rendered 6441/10740, time remaining: 3m 43s
Rendered 6442/10740, time remaining: 3m 42s
Rendered 6443/10740, time remaining: 3m 43s
Rendered 6444/10740, time remaining: 3m 44s
Rendered 6445/10740, time remaining: 3m 42s
Rendered 6446/10740, time remaining: 3m 42s
Rendered 6447/10740, time remaining: 3m 43s
Rendered 6448/10740, time remaining: 3m 43s
Rendered 6449/10740, time remaining: 3m 42s
Rendered 6450/10740, time remaining: 3m 42s
Rendered 6451/10740, time remaining: 3m 43s
Rendered 6452/10740, time remaining: 3m 43s
Rendered 6453/10740, time remaining: 3m 42s
Rendered 6454/10740, time remaining: 3m 42s
Rendered 6455/10740, time remaining: 3m 42s
Rendered 6456/10740, time remaining: 3m 43s
Rendered 6457/10740, time remaining: 3m 41s
Rendered 6458/10740, time remaining: 3m 41s
Rendered 6459/10740, time remaining: 3m 42s
Rendered 6460/10740, time remaining: 3m 41s
Rendered 6461/10740, time remaining: 3m 41s
Rendered 6462/10740, time remaining: 3m 41s
Rendered 6463/10740, time remaining: 3m 41s
Rendered 6464/10740, time remaining: 3m 41s
Rendered 6465/10740, time remaining: 3m 40s
Rendered 6466/10740, time remaining: 3m 40s
Rendered 6467/10740, time remaining: 3m 41s
Rendered 6468/10740, time remaining: 3m 41s
Rendered 6469/10740, time remaining: 3m 41s
Rendered 6470/10740, time remaining: 3m 40s
Rendered 6471/10740, time remaining: 3m 42s
Rendered 6472/10740, time remaining: 3m 41s
Rendered 6473/10740, time remaining: 3m 40s
Rendered 6474/10740, time remaining: 3m 41s
Rendered 6475/10740, time remaining: 3m 41s
Rendered 6476/10740, time remaining: 3m 41s
Rendered 6477/10740, time remaining: 3m 41s
Rendered 6478/10740, time remaining: 3m 40s
Rendered 6479/10740, time remaining: 3m 42s
Rendered 6480/10740, time remaining: 3m 41s
Rendered 6481/10740, time remaining: 3m 40s
Rendered 6482/10740, time remaining: 3m 40s
Rendered 6483/10740, time remaining: 3m 40s
Rendered 6484/10740, time remaining: 3m 41s
Rendered 6485/10740, time remaining: 3m 39s
Rendered 6486/10740, time remaining: 3m 39s
Rendered 6487/10740, time remaining: 3m 40s
Rendered 6488/10740, time remaining: 3m 40s
Rendered 6489/10740, time remaining: 3m 40s
Rendered 6490/10740, time remaining: 3m 40s
Rendered 6491/10740, time remaining: 3m 41s
Rendered 6492/10740, time remaining: 3m 41s
Rendered 6493/10740, time remaining: 3m 39s
Rendered 6494/10740, time remaining: 3m 39s
Rendered 6495/10740, time remaining: 3m 39s
Rendered 6496/10740, time remaining: 3m 39s
Rendered 6497/10740, time remaining: 3m 39s
Rendered 6498/10740, time remaining: 3m 39s
Rendered 6499/10740, time remaining: 3m 39s
Rendered 6500/10740, time remaining: 3m 40s
Rendered 6501/10740, time remaining: 3m 39s
Rendered 6502/10740, time remaining: 3m 39s
Rendered 6503/10740, time remaining: 3m 39s
Rendered 6504/10740, time remaining: 3m 40s
Rendered 6505/10740, time remaining: 3m 39s
Rendered 6506/10740, time remaining: 3m 39s
Rendered 6507/10740, time remaining: 3m 39s
Rendered 6508/10740, time remaining: 3m 39s
Rendered 6509/10740, time remaining: 3m 37s
Rendered 6510/10740, time remaining: 3m 38s
Rendered 6511/10740, time remaining: 3m 39s
Rendered 6512/10740, time remaining: 3m 39s
Rendered 6513/10740, time remaining: 3m 39s
Rendered 6514/10740, time remaining: 3m 38s
Rendered 6515/10740, time remaining: 3m 39s
Rendered 6516/10740, time remaining: 3m 39s
Rendered 6517/10740, time remaining: 3m 39s
Rendered 6518/10740, time remaining: 3m 38s
Rendered 6519/10740, time remaining: 3m 39s
Rendered 6520/10740, time remaining: 3m 39s
Rendered 6521/10740, time remaining: 3m 38s
Rendered 6522/10740, time remaining: 3m 37s
Rendered 6523/10740, time remaining: 3m 38s
Rendered 6524/10740, time remaining: 3m 38s
Rendered 6525/10740, time remaining: 3m 37s
Rendered 6526/10740, time remaining: 3m 37s
Rendered 6527/10740, time remaining: 3m 38s
Rendered 6528/10740, time remaining: 3m 38s
Rendered 6529/10740, time remaining: 3m 37s
Rendered 6530/10740, time remaining: 3m 37s
Rendered 6531/10740, time remaining: 3m 37s
Rendered 6532/10740, time remaining: 3m 38s
Rendered 6533/10740, time remaining: 3m 37s
Rendered 6534/10740, time remaining: 3m 36s
Rendered 6535/10740, time remaining: 3m 37s
Rendered 6536/10740, time remaining: 3m 37s
Rendered 6537/10740, time remaining: 3m 38s
Rendered 6538/10740, time remaining: 3m 37s
Rendered 6539/10740, time remaining: 3m 38s
Rendered 6540/10740, time remaining: 3m 38s
Rendered 6541/10740, time remaining: 3m 36s
Rendered 6542/10740, time remaining: 3m 36s
Rendered 6543/10740, time remaining: 3m 37s
Rendered 6544/10740, time remaining: 3m 37s
Rendered 6545/10740, time remaining: 3m 37s
Rendered 6546/10740, time remaining: 3m 36s
Rendered 6547/10740, time remaining: 3m 37s
Rendered 6548/10740, time remaining: 3m 37s
Rendered 6549/10740, time remaining: 3m 35s
Rendered 6550/10740, time remaining: 3m 35s
Rendered 6551/10740, time remaining: 3m 36s
Rendered 6552/10740, time remaining: 3m 36s
Rendered 6553/10740, time remaining: 3m 36s
Rendered 6554/10740, time remaining: 3m 35s
Rendered 6555/10740, time remaining: 3m 36s
Rendered 6556/10740, time remaining: 3m 36s
Rendered 6557/10740, time remaining: 3m 36s
Rendered 6558/10740, time remaining: 3m 35s
Rendered 6559/10740, time remaining: 3m 36s
Rendered 6560/10740, time remaining: 3m 36s
Rendered 6561/10740, time remaining: 3m 35s
Rendered 6562/10740, time remaining: 3m 35s
Rendered 6563/10740, time remaining: 3m 35s
Rendered 6564/10740, time remaining: 3m 36s
Rendered 6565/10740, time remaining: 3m 35s
Rendered 6566/10740, time remaining: 3m 35s
Rendered 6567/10740, time remaining: 3m 35s
Rendered 6568/10740, time remaining: 3m 35s
Rendered 6569/10740, time remaining: 3m 35s
Rendered 6570/10740, time remaining: 3m 35s
Rendered 6571/10740, time remaining: 3m 35s
Rendered 6572/10740, time remaining: 3m 35s
Rendered 6573/10740, time remaining: 3m 35s
Rendered 6574/10740, time remaining: 3m 34s
Rendered 6575/10740, time remaining: 3m 35s
Rendered 6576/10740, time remaining: 3m 35s
Rendered 6577/10740, time remaining: 3m 35s
Rendered 6578/10740, time remaining: 3m 35s
Rendered 6579/10740, time remaining: 3m 35s
Rendered 6580/10740, time remaining: 3m 36s
Rendered 6581/10740, time remaining: 3m 34s
Rendered 6582/10740, time remaining: 3m 34s
Rendered 6583/10740, time remaining: 3m 35s
Rendered 6584/10740, time remaining: 3m 35s
Rendered 6585/10740, time remaining: 3m 34s
Rendered 6586/10740, time remaining: 3m 34s
Rendered 6587/10740, time remaining: 3m 35s
Rendered 6588/10740, time remaining: 3m 35s
Rendered 6589/10740, time remaining: 3m 34s
Rendered 6590/10740, time remaining: 3m 34s
Rendered 6591/10740, time remaining: 3m 35s
Rendered 6592/10740, time remaining: 3m 35s
Rendered 6593/10740, time remaining: 3m 33s
Rendered 6594/10740, time remaining: 3m 33s
Rendered 6595/10740, time remaining: 3m 34s
Rendered 6596/10740, time remaining: 3m 34s
Rendered 6597/10740, time remaining: 3m 33s
Rendered 6598/10740, time remaining: 3m 33s
Rendered 6599/10740, time remaining: 3m 34s
Rendered 6600/10740, time remaining: 3m 34s
Rendered 6601/10740, time remaining: 3m 33s
Rendered 6602/10740, time remaining: 3m 33s
Rendered 6603/10740, time remaining: 3m 33s
Rendered 6604/10740, time remaining: 3m 34s
Rendered 6605/10740, time remaining: 3m 33s
Rendered 6606/10740, time remaining: 3m 33s
Rendered 6607/10740, time remaining: 3m 34s
Rendered 6608/10740, time remaining: 3m 34s
Rendered 6609/10740, time remaining: 3m 33s
Rendered 6610/10740, time remaining: 3m 33s
Rendered 6611/10740, time remaining: 3m 33s
Rendered 6612/10740, time remaining: 3m 34s
Rendered 6613/10740, time remaining: 3m 33s
Rendered 6614/10740, time remaining: 3m 33s
Rendered 6615/10740, time remaining: 3m 34s
Rendered 6616/10740, time remaining: 3m 34s
Rendered 6617/10740, time remaining: 3m 33s
Rendered 6618/10740, time remaining: 3m 33s
Rendered 6619/10740, time remaining: 3m 33s
Rendered 6620/10740, time remaining: 3m 34s
Rendered 6621/10740, time remaining: 3m 33s
Rendered 6622/10740, time remaining: 3m 32s
Rendered 6623/10740, time remaining: 3m 34s
Rendered 6624/10740, time remaining: 3m 33s
Rendered 6625/10740, time remaining: 3m 32s
Rendered 6626/10740, time remaining: 3m 32s
Rendered 6627/10740, time remaining: 3m 32s
Rendered 6628/10740, time remaining: 3m 32s
Rendered 6629/10740, time remaining: 3m 31s
Rendered 6630/10740, time remaining: 3m 31s
Rendered 6631/10740, time remaining: 3m 33s
Rendered 6632/10740, time remaining: 3m 33s
Rendered 6633/10740, time remaining: 3m 32s
Rendered 6634/10740, time remaining: 3m 32s
Rendered 6635/10740, time remaining: 3m 33s
Rendered 6636/10740, time remaining: 3m 33s
Rendered 6637/10740, time remaining: 3m 33s
Rendered 6638/10740, time remaining: 3m 32s
Rendered 6639/10740, time remaining: 3m 32s
Rendered 6640/10740, time remaining: 3m 33s
Rendered 6641/10740, time remaining: 3m 31s
Rendered 6642/10740, time remaining: 3m 31s
Rendered 6643/10740, time remaining: 3m 32s
Rendered 6644/10740, time remaining: 3m 32s
Rendered 6645/10740, time remaining: 3m 32s
Rendered 6646/10740, time remaining: 3m 32s
Rendered 6647/10740, time remaining: 3m 32s
Rendered 6648/10740, time remaining: 3m 32s
Rendered 6649/10740, time remaining: 3m 31s
Rendered 6650/10740, time remaining: 3m 31s
Rendered 6651/10740, time remaining: 3m 31s
Rendered 6652/10740, time remaining: 3m 32s
Rendered 6653/10740, time remaining: 3m 31s
Rendered 6654/10740, time remaining: 3m 30s
Rendered 6655/10740, time remaining: 3m 31s
Rendered 6656/10740, time remaining: 3m 31s
Rendered 6657/10740, time remaining: 3m 30s
Rendered 6658/10740, time remaining: 3m 30s
Rendered 6659/10740, time remaining: 3m 31s
Rendered 6660/10740, time remaining: 3m 31s
Rendered 6661/10740, time remaining: 3m 31s
Rendered 6662/10740, time remaining: 3m 30s
Rendered 6663/10740, time remaining: 3m 31s
Rendered 6664/10740, time remaining: 3m 31s
Rendered 6665/10740, time remaining: 3m 30s
Rendered 6666/10740, time remaining: 3m 30s
Rendered 6667/10740, time remaining: 3m 31s
Rendered 6668/10740, time remaining: 3m 31s
Rendered 6669/10740, time remaining: 3m 30s
Rendered 6670/10740, time remaining: 3m 30s
Rendered 6671/10740, time remaining: 3m 31s
Rendered 6672/10740, time remaining: 3m 31s
Rendered 6673/10740, time remaining: 3m 30s
Rendered 6674/10740, time remaining: 3m 30s
Rendered 6675/10740, time remaining: 3m 31s
Rendered 6676/10740, time remaining: 3m 30s
Rendered 6677/10740, time remaining: 3m 29s
Rendered 6678/10740, time remaining: 3m 30s
Rendered 6679/10740, time remaining: 3m 31s
Rendered 6680/10740, time remaining: 3m 31s
Rendered 6681/10740, time remaining: 3m 31s
Rendered 6682/10740, time remaining: 3m 30s
Rendered 6683/10740, time remaining: 3m 30s
Rendered 6684/10740, time remaining: 3m 31s
Rendered 6685/10740, time remaining: 3m 29s
Rendered 6686/10740, time remaining: 3m 30s
Rendered 6687/10740, time remaining: 3m 29s
Rendered 6688/10740, time remaining: 3m 30s
Rendered 6689/10740, time remaining: 3m 29s
Rendered 6690/10740, time remaining: 3m 28s
Rendered 6691/10740, time remaining: 3m 30s
Rendered 6692/10740, time remaining: 3m 30s
Rendered 6693/10740, time remaining: 3m 30s
Rendered 6694/10740, time remaining: 3m 29s
Rendered 6695/10740, time remaining: 3m 29s
Rendered 6696/10740, time remaining: 3m 30s
Rendered 6697/10740, time remaining: 3m 28s
Rendered 6698/10740, time remaining: 3m 29s
Rendered 6699/10740, time remaining: 3m 30s
Rendered 6700/10740, time remaining: 3m 30s
Rendered 6701/10740, time remaining: 3m 29s
Rendered 6702/10740, time remaining: 3m 29s
Rendered 6703/10740, time remaining: 3m 29s
Rendered 6704/10740, time remaining: 3m 29s
Rendered 6705/10740, time remaining: 3m 28s
Rendered 6706/10740, time remaining: 3m 28s
Rendered 6707/10740, time remaining: 3m 29s
Rendered 6708/10740, time remaining: 3m 29s
Rendered 6709/10740, time remaining: 3m 28s
Rendered 6710/10740, time remaining: 3m 28s
Rendered 6711/10740, time remaining: 3m 29s
Rendered 6712/10740, time remaining: 3m 29s
Rendered 6713/10740, time remaining: 3m 29s
Rendered 6714/10740, time remaining: 3m 28s
Rendered 6715/10740, time remaining: 3m 29s
Rendered 6716/10740, time remaining: 3m 29s
Rendered 6717/10740, time remaining: 3m 28s
Rendered 6718/10740, time remaining: 3m 28s
Rendered 6719/10740, time remaining: 3m 28s
Rendered 6720/10740, time remaining: 3m 28s
Rendered 6721/10740, time remaining: 3m 27s
Rendered 6722/10740, time remaining: 3m 27s
Rendered 6723/10740, time remaining: 3m 28s
Rendered 6724/10740, time remaining: 3m 28s
Rendered 6725/10740, time remaining: 3m 27s
Rendered 6726/10740, time remaining: 3m 27s
Rendered 6727/10740, time remaining: 3m 27s
Rendered 6728/10740, time remaining: 3m 27s
Rendered 6729/10740, time remaining: 3m 27s
Rendered 6730/10740, time remaining: 3m 26s
Rendered 6731/10740, time remaining: 3m 28s
Rendered 6732/10740, time remaining: 3m 27s
Rendered 6733/10740, time remaining: 3m 26s
Rendered 6734/10740, time remaining: 3m 26s
Rendered 6735/10740, time remaining: 3m 27s
Rendered 6736/10740, time remaining: 3m 28s
Rendered 6737/10740, time remaining: 3m 27s
Rendered 6738/10740, time remaining: 3m 26s
Rendered 6739/10740, time remaining: 3m 27s
Rendered 6740/10740, time remaining: 3m 27s
Rendered 6741/10740, time remaining: 3m 26s
Rendered 6742/10740, time remaining: 3m 26s
Rendered 6743/10740, time remaining: 3m 27s
Rendered 6744/10740, time remaining: 3m 27s
Rendered 6745/10740, time remaining: 3m 26s
Rendered 6746/10740, time remaining: 3m 25s
Rendered 6747/10740, time remaining: 3m 26s
Rendered 6748/10740, time remaining: 3m 26s
Rendered 6749/10740, time remaining: 3m 25s
Rendered 6750/10740, time remaining: 3m 25s
Rendered 6751/10740, time remaining: 3m 26s
Rendered 6752/10740, time remaining: 3m 26s
Rendered 6753/10740, time remaining: 3m 26s
Rendered 6754/10740, time remaining: 3m 25s
Rendered 6755/10740, time remaining: 3m 26s
Rendered 6756/10740, time remaining: 3m 26s
Rendered 6757/10740, time remaining: 3m 25s
Rendered 6758/10740, time remaining: 3m 25s
Rendered 6759/10740, time remaining: 3m 26s
Rendered 6760/10740, time remaining: 3m 26s
Rendered 6761/10740, time remaining: 3m 25s
Rendered 6762/10740, time remaining: 3m 25s
Rendered 6763/10740, time remaining: 3m 25s
Rendered 6764/10740, time remaining: 3m 27s
Rendered 6765/10740, time remaining: 3m 26s
Rendered 6766/10740, time remaining: 3m 26s
Rendered 6767/10740, time remaining: 3m 27s
Rendered 6768/10740, time remaining: 3m 27s
Rendered 6769/10740, time remaining: 3m 27s
Rendered 6770/10740, time remaining: 3m 26s
Rendered 6771/10740, time remaining: 3m 27s
Rendered 6772/10740, time remaining: 3m 26s
Rendered 6773/10740, time remaining: 3m 26s
Rendered 6774/10740, time remaining: 3m 26s
Rendered 6775/10740, time remaining: 3m 27s
Rendered 6776/10740, time remaining: 3m 26s
Rendered 6777/10740, time remaining: 3m 26s
Rendered 6778/10740, time remaining: 3m 26s
Rendered 6779/10740, time remaining: 3m 26s
Rendered 6780/10740, time remaining: 3m 26s
Rendered 6781/10740, time remaining: 3m 26s
Rendered 6782/10740, time remaining: 3m 26s
Rendered 6783/10740, time remaining: 3m 27s
Rendered 6784/10740, time remaining: 3m 26s
Rendered 6785/10740, time remaining: 3m 26s
Rendered 6786/10740, time remaining: 3m 26s
Rendered 6787/10740, time remaining: 3m 26s
Rendered 6788/10740, time remaining: 3m 25s
Rendered 6789/10740, time remaining: 3m 25s
Rendered 6790/10740, time remaining: 3m 25s
Rendered 6791/10740, time remaining: 3m 27s
Rendered 6792/10740, time remaining: 3m 25s
Rendered 6793/10740, time remaining: 3m 25s
Rendered 6794/10740, time remaining: 3m 25s
Rendered 6795/10740, time remaining: 3m 25s
Rendered 6796/10740, time remaining: 3m 25s
Rendered 6797/10740, time remaining: 3m 24s
Rendered 6798/10740, time remaining: 3m 25s
Rendered 6799/10740, time remaining: 3m 26s
Rendered 6800/10740, time remaining: 3m 25s
Rendered 6801/10740, time remaining: 3m 25s
Rendered 6802/10740, time remaining: 3m 25s
Rendered 6803/10740, time remaining: 3m 25s
Rendered 6804/10740, time remaining: 3m 25s
Rendered 6805/10740, time remaining: 3m 25s
Rendered 6806/10740, time remaining: 3m 25s
Rendered 6807/10740, time remaining: 3m 25s
Rendered 6808/10740, time remaining: 3m 24s
Rendered 6809/10740, time remaining: 3m 25s
Rendered 6810/10740, time remaining: 3m 24s
Rendered 6811/10740, time remaining: 3m 25s
Rendered 6812/10740, time remaining: 3m 25s
Rendered 6813/10740, time remaining: 3m 24s
Rendered 6814/10740, time remaining: 3m 24s
Rendered 6815/10740, time remaining: 3m 25s
Rendered 6816/10740, time remaining: 3m 24s
Rendered 6817/10740, time remaining: 3m 24s
Rendered 6818/10740, time remaining: 3m 23s
Rendered 6819/10740, time remaining: 3m 24s
Rendered 6820/10740, time remaining: 3m 24s
Rendered 6821/10740, time remaining: 3m 24s
Rendered 6822/10740, time remaining: 3m 24s
Rendered 6823/10740, time remaining: 3m 24s
Rendered 6824/10740, time remaining: 3m 23s
Rendered 6825/10740, time remaining: 3m 23s
Rendered 6826/10740, time remaining: 3m 23s
Rendered 6827/10740, time remaining: 3m 24s
Rendered 6828/10740, time remaining: 3m 23s
Rendered 6829/10740, time remaining: 3m 23s
Rendered 6830/10740, time remaining: 3m 23s
Rendered 6831/10740, time remaining: 3m 23s
Rendered 6832/10740, time remaining: 3m 23s
Rendered 6833/10740, time remaining: 3m 22s
Rendered 6834/10740, time remaining: 3m 22s
Rendered 6835/10740, time remaining: 3m 24s
Rendered 6836/10740, time remaining: 3m 23s
Rendered 6837/10740, time remaining: 3m 23s
Rendered 6838/10740, time remaining: 3m 23s
Rendered 6839/10740, time remaining: 3m 23s
Rendered 6840/10740, time remaining: 3m 23s
Rendered 6841/10740, time remaining: 3m 23s
Rendered 6842/10740, time remaining: 3m 23s
Rendered 6843/10740, time remaining: 3m 24s
Rendered 6844/10740, time remaining: 3m 22s
Rendered 6845/10740, time remaining: 3m 22s
Rendered 6846/10740, time remaining: 3m 22s
Rendered 6847/10740, time remaining: 3m 23s
Rendered 6848/10740, time remaining: 3m 23s
Rendered 6849/10740, time remaining: 3m 22s
Rendered 6850/10740, time remaining: 3m 22s
Rendered 6851/10740, time remaining: 3m 23s
Rendered 6852/10740, time remaining: 3m 22s
Rendered 6853/10740, time remaining: 3m 22s
Rendered 6854/10740, time remaining: 3m 22s
Rendered 6855/10740, time remaining: 3m 23s
Rendered 6856/10740, time remaining: 3m 22s
Rendered 6857/10740, time remaining: 3m 22s
Rendered 6858/10740, time remaining: 3m 22s
Rendered 6859/10740, time remaining: 3m 23s
Rendered 6860/10740, time remaining: 3m 22s
Rendered 6861/10740, time remaining: 3m 22s
Rendered 6862/10740, time remaining: 3m 22s
Rendered 6863/10740, time remaining: 3m 22s
Rendered 6864/10740, time remaining: 3m 21s
Rendered 6865/10740, time remaining: 3m 21s
Rendered 6866/10740, time remaining: 3m 21s
Rendered 6867/10740, time remaining: 3m 22s
Rendered 6868/10740, time remaining: 3m 21s
Rendered 6869/10740, time remaining: 3m 21s
Rendered 6870/10740, time remaining: 3m 21s
Rendered 6871/10740, time remaining: 3m 22s
Rendered 6872/10740, time remaining: 3m 22s
Rendered 6873/10740, time remaining: 3m 21s
Rendered 6874/10740, time remaining: 3m 22s
Rendered 6875/10740, time remaining: 3m 23s
Rendered 6876/10740, time remaining: 3m 21s
Rendered 6877/10740, time remaining: 3m 21s
Rendered 6878/10740, time remaining: 3m 21s
Rendered 6879/10740, time remaining: 3m 21s
Rendered 6880/10740, time remaining: 3m 21s
Rendered 6881/10740, time remaining: 3m 20s
Rendered 6882/10740, time remaining: 3m 21s
Rendered 6883/10740, time remaining: 3m 22s
Rendered 6884/10740, time remaining: 3m 21s
Rendered 6885/10740, time remaining: 3m 21s
Rendered 6886/10740, time remaining: 3m 20s
Rendered 6887/10740, time remaining: 3m 21s
Rendered 6888/10740, time remaining: 3m 20s
Rendered 6889/10740, time remaining: 3m 20s
Rendered 6890/10740, time remaining: 3m 19s
Rendered 6891/10740, time remaining: 3m 21s
Rendered 6892/10740, time remaining: 3m 20s
Rendered 6893/10740, time remaining: 3m 20s
Rendered 6894/10740, time remaining: 3m 20s
Rendered 6895/10740, time remaining: 3m 21s
Rendered 6896/10740, time remaining: 3m 20s
Rendered 6897/10740, time remaining: 3m 20s
Rendered 6898/10740, time remaining: 3m 20s
Rendered 6899/10740, time remaining: 3m 20s
Rendered 6900/10740, time remaining: 3m 20s
Rendered 6901/10740, time remaining: 3m 20s
Rendered 6902/10740, time remaining: 3m 20s
Rendered 6903/10740, time remaining: 3m 21s
Rendered 6904/10740, time remaining: 3m 20s
Rendered 6905/10740, time remaining: 3m 19s
Rendered 6906/10740, time remaining: 3m 19s
Rendered 6907/10740, time remaining: 3m 20s
Rendered 6908/10740, time remaining: 3m 20s
Rendered 6909/10740, time remaining: 3m 20s
Rendered 6910/10740, time remaining: 3m 20s
Rendered 6911/10740, time remaining: 3m 20s
Rendered 6912/10740, time remaining: 3m 19s
Rendered 6913/10740, time remaining: 3m 19s
Rendered 6914/10740, time remaining: 3m 17s
Rendered 6915/10740, time remaining: 3m 18s
Rendered 6916/10740, time remaining: 3m 17s
Rendered 6917/10740, time remaining: 3m 17s
Rendered 6918/10740, time remaining: 3m 17s
Rendered 6919/10740, time remaining: 3m 18s
Rendered 6920/10740, time remaining: 3m 16s
Rendered 6921/10740, time remaining: 3m 17s
Rendered 6922/10740, time remaining: 3m 17s
Rendered 6923/10740, time remaining: 3m 18s
Rendered 6924/10740, time remaining: 3m 17s
Rendered 6925/10740, time remaining: 3m 16s
Rendered 6926/10740, time remaining: 3m 17s
Rendered 6927/10740, time remaining: 3m 17s
Rendered 6928/10740, time remaining: 3m 16s
Rendered 6929/10740, time remaining: 3m 17s
Rendered 6930/10740, time remaining: 3m 17s
Rendered 6931/10740, time remaining: 3m 17s
Rendered 6932/10740, time remaining: 3m 16s
Rendered 6933/10740, time remaining: 3m 16s
Rendered 6934/10740, time remaining: 3m 17s
Rendered 6935/10740, time remaining: 3m 17s
Rendered 6936/10740, time remaining: 3m 16s
Rendered 6937/10740, time remaining: 3m 16s
Rendered 6938/10740, time remaining: 3m 16s
Rendered 6939/10740, time remaining: 3m 16s
Rendered 6940/10740, time remaining: 3m 16s
Rendered 6941/10740, time remaining: 3m 15s
Rendered 6942/10740, time remaining: 3m 17s
Rendered 6943/10740, time remaining: 3m 17s
Rendered 6944/10740, time remaining: 3m 16s
Rendered 6945/10740, time remaining: 3m 16s
Rendered 6946/10740, time remaining: 3m 16s
Rendered 6947/10740, time remaining: 3m 16s
Rendered 6948/10740, time remaining: 3m 15s
Rendered 6949/10740, time remaining: 3m 15s
Rendered 6950/10740, time remaining: 3m 16s
Rendered 6951/10740, time remaining: 3m 16s
Rendered 6952/10740, time remaining: 3m 15s
Rendered 6953/10740, time remaining: 3m 15s
Rendered 6954/10740, time remaining: 3m 16s
Rendered 6955/10740, time remaining: 3m 16s
Rendered 6956/10740, time remaining: 3m 15s
Rendered 6957/10740, time remaining: 3m 15s
Rendered 6958/10740, time remaining: 3m 16s
Rendered 6959/10740, time remaining: 3m 16s
Rendered 6960/10740, time remaining: 3m 14s
Rendered 6961/10740, time remaining: 3m 15s
Rendered 6962/10740, time remaining: 3m 15s
Rendered 6963/10740, time remaining: 3m 15s
Rendered 6964/10740, time remaining: 3m 15s
Rendered 6965/10740, time remaining: 3m 14s
Rendered 6966/10740, time remaining: 3m 15s
Rendered 6967/10740, time remaining: 3m 15s
Rendered 6968/10740, time remaining: 3m 14s
Rendered 6969/10740, time remaining: 3m 14s
Rendered 6970/10740, time remaining: 3m 15s
Rendered 6971/10740, time remaining: 3m 15s
Rendered 6972/10740, time remaining: 3m 14s
Rendered 6973/10740, time remaining: 3m 14s
Rendered 6974/10740, time remaining: 3m 15s
Rendered 6975/10740, time remaining: 3m 15s
Rendered 6976/10740, time remaining: 3m 14s
Rendered 6977/10740, time remaining: 3m 14s
Rendered 6978/10740, time remaining: 3m 15s
Rendered 6979/10740, time remaining: 3m 15s
Rendered 6980/10740, time remaining: 3m 14s
Rendered 6981/10740, time remaining: 3m 14s
Rendered 6982/10740, time remaining: 3m 15s
Rendered 6983/10740, time remaining: 3m 15s
Rendered 6984/10740, time remaining: 3m 13s
Rendered 6985/10740, time remaining: 3m 13s
Rendered 6986/10740, time remaining: 3m 13s
Rendered 6987/10740, time remaining: 3m 13s
Rendered 6988/10740, time remaining: 3m 13s
Rendered 6989/10740, time remaining: 3m 13s
Rendered 6990/10740, time remaining: 3m 13s
Rendered 6991/10740, time remaining: 3m 14s
Rendered 6992/10740, time remaining: 3m 12s
Rendered 6993/10740, time remaining: 3m 12s
Rendered 6994/10740, time remaining: 3m 13s
Rendered 6995/10740, time remaining: 3m 14s
Rendered 6996/10740, time remaining: 3m 13s
Rendered 6997/10740, time remaining: 3m 13s
Rendered 6998/10740, time remaining: 3m 13s
Rendered 6999/10740, time remaining: 3m 13s
Rendered 7000/10740, time remaining: 3m 12s
Rendered 7001/10740, time remaining: 3m 12s
Rendered 7002/10740, time remaining: 3m 13s
Rendered 7003/10740, time remaining: 3m 13s
Rendered 7004/10740, time remaining: 3m 13s
Rendered 7005/10740, time remaining: 3m 12s
Rendered 7006/10740, time remaining: 3m 13s
Rendered 7007/10740, time remaining: 3m 13s
Rendered 7008/10740, time remaining: 3m 12s
Rendered 7009/10740, time remaining: 3m 12s
Rendered 7010/10740, time remaining: 3m 13s
Rendered 7011/10740, time remaining: 3m 12s
Rendered 7012/10740, time remaining: 3m 12s
Rendered 7013/10740, time remaining: 3m 11s
Rendered 7014/10740, time remaining: 3m 12s
Rendered 7015/10740, time remaining: 3m 12s
Rendered 7016/10740, time remaining: 3m 11s
Rendered 7017/10740, time remaining: 3m 11s
Rendered 7018/10740, time remaining: 3m 12s
Rendered 7019/10740, time remaining: 3m 12s
Rendered 7020/10740, time remaining: 3m 12s
Rendered 7021/10740, time remaining: 3m 11s
Rendered 7022/10740, time remaining: 3m 11s
Rendered 7023/10740, time remaining: 3m 11s
Rendered 7024/10740, time remaining: 3m 10s
Rendered 7025/10740, time remaining: 3m 11s
Rendered 7026/10740, time remaining: 3m 11s
Rendered 7027/10740, time remaining: 3m 12s
Rendered 7028/10740, time remaining: 3m 12s
Rendered 7029/10740, time remaining: 3m 11s
Rendered 7030/10740, time remaining: 3m 12s
Rendered 7031/10740, time remaining: 3m 12s
Rendered 7032/10740, time remaining: 3m 10s
Rendered 7033/10740, time remaining: 3m 10s
Rendered 7034/10740, time remaining: 3m 11s
Rendered 7035/10740, time remaining: 3m 11s
Rendered 7036/10740, time remaining: 3m 10s
Rendered 7037/10740, time remaining: 3m 10s
Rendered 7038/10740, time remaining: 3m 12s
Rendered 7039/10740, time remaining: 3m 11s
Rendered 7040/10740, time remaining: 3m 10s
Rendered 7041/10740, time remaining: 3m 10s
Rendered 7042/10740, time remaining: 3m 11s
Rendered 7043/10740, time remaining: 3m 11s
Rendered 7044/10740, time remaining: 3m 11s
Rendered 7045/10740, time remaining: 3m 10s
Rendered 7046/10740, time remaining: 3m 11s
Rendered 7047/10740, time remaining: 3m 11s
Rendered 7048/10740, time remaining: 3m 10s
Rendered 7049/10740, time remaining: 3m 10s
Rendered 7050/10740, time remaining: 3m 10s
Rendered 7051/10740, time remaining: 3m 10s
Rendered 7052/10740, time remaining: 3m 10s
Rendered 7053/10740, time remaining: 3m 10s
Rendered 7054/10740, time remaining: 3m 11s
Rendered 7055/10740, time remaining: 3m 10s
Rendered 7056/10740, time remaining: 3m 10s
Rendered 7057/10740, time remaining: 3m 9s
Rendered 7058/10740, time remaining: 3m 10s
Rendered 7059/10740, time remaining: 3m 10s
Rendered 7060/10740, time remaining: 3m 8s
Rendered 7061/10740, time remaining: 3m 8s
Rendered 7062/10740, time remaining: 3m 9s
Rendered 7063/10740, time remaining: 3m 9s
Rendered 7064/10740, time remaining: 3m 9s
Rendered 7065/10740, time remaining: 3m 8s
Rendered 7066/10740, time remaining: 3m 9s
Rendered 7067/10740, time remaining: 3m 9s
Rendered 7068/10740, time remaining: 3m 8s
Rendered 7069/10740, time remaining: 3m 8s
Rendered 7070/10740, time remaining: 3m 9s
Rendered 7071/10740, time remaining: 3m 9s
Rendered 7072/10740, time remaining: 3m 9s
Rendered 7073/10740, time remaining: 3m 8s
Rendered 7074/10740, time remaining: 3m 9s
Rendered 7075/10740, time remaining: 3m 10s
Rendered 7076/10740, time remaining: 3m 8s
Rendered 7077/10740, time remaining: 3m 8s
Rendered 7078/10740, time remaining: 3m 9s
Rendered 7079/10740, time remaining: 3m 9s
Rendered 7080/10740, time remaining: 3m 9s
Rendered 7081/10740, time remaining: 3m 8s
Rendered 7082/10740, time remaining: 3m 9s
Rendered 7083/10740, time remaining: 3m 9s
Rendered 7084/10740, time remaining: 3m 8s
Rendered 7085/10740, time remaining: 3m 8s
Rendered 7086/10740, time remaining: 3m 9s
Rendered 7087/10740, time remaining: 3m 9s
Rendered 7088/10740, time remaining: 3m 8s
Rendered 7089/10740, time remaining: 3m 8s
Rendered 7090/10740, time remaining: 3m 8s
Rendered 7091/10740, time remaining: 3m 8s
Rendered 7092/10740, time remaining: 3m 8s
Rendered 7093/10740, time remaining: 3m 7s
Rendered 7094/10740, time remaining: 3m 9s
Rendered 7095/10740, time remaining: 3m 9s
Rendered 7096/10740, time remaining: 3m 7s
Rendered 7097/10740, time remaining: 3m 8s
Rendered 7098/10740, time remaining: 3m 8s
Rendered 7099/10740, time remaining: 3m 8s
Rendered 7100/10740, time remaining: 3m 8s
Rendered 7101/10740, time remaining: 3m 7s
Rendered 7102/10740, time remaining: 3m 8s
Rendered 7103/10740, time remaining: 3m 8s
Rendered 7104/10740, time remaining: 3m 7s
Rendered 7105/10740, time remaining: 3m 7s
Rendered 7106/10740, time remaining: 3m 7s
Rendered 7107/10740, time remaining: 3m 7s
Rendered 7108/10740, time remaining: 3m 7s
Rendered 7109/10740, time remaining: 3m 6s
Rendered 7110/10740, time remaining: 3m 8s
Rendered 7111/10740, time remaining: 3m 8s
Rendered 7112/10740, time remaining: 3m 7s
Rendered 7113/10740, time remaining: 3m 6s
Rendered 7114/10740, time remaining: 3m 6s
Rendered 7115/10740, time remaining: 3m 7s
Rendered 7116/10740, time remaining: 3m 6s
Rendered 7117/10740, time remaining: 3m 6s
Rendered 7118/10740, time remaining: 3m 6s
Rendered 7119/10740, time remaining: 3m 6s
Rendered 7120/10740, time remaining: 3m 7s
Rendered 7121/10740, time remaining: 3m 6s
Rendered 7122/10740, time remaining: 3m 7s
Rendered 7123/10740, time remaining: 3m 7s
Rendered 7124/10740, time remaining: 3m 6s
Rendered 7125/10740, time remaining: 3m 5s
Rendered 7126/10740, time remaining: 3m 6s
Rendered 7127/10740, time remaining: 3m 6s
Rendered 7128/10740, time remaining: 3m 5s
Rendered 7129/10740, time remaining: 3m 5s
Rendered 7130/10740, time remaining: 3m 5s
Rendered 7131/10740, time remaining: 3m 6s
Rendered 7132/10740, time remaining: 3m 5s
Rendered 7133/10740, time remaining: 3m 5s
Rendered 7134/10740, time remaining: 3m 6s
Rendered 7135/10740, time remaining: 3m 7s
Rendered 7136/10740, time remaining: 3m 5s
Rendered 7137/10740, time remaining: 3m 5s
Rendered 7138/10740, time remaining: 3m 5s
Rendered 7139/10740, time remaining: 3m 6s
Rendered 7140/10740, time remaining: 3m 5s
Rendered 7141/10740, time remaining: 3m 5s
Rendered 7142/10740, time remaining: 3m 6s
Rendered 7143/10740, time remaining: 3m 6s
Rendered 7144/10740, time remaining: 3m 5s
Rendered 7145/10740, time remaining: 3m 5s
Rendered 7146/10740, time remaining: 3m 6s
Rendered 7147/10740, time remaining: 3m 5s
Rendered 7148/10740, time remaining: 3m 4s
Rendered 7149/10740, time remaining: 3m 4s
Rendered 7150/10740, time remaining: 3m 5s
Rendered 7151/10740, time remaining: 3m 5s
Rendered 7152/10740, time remaining: 3m 4s
Rendered 7153/10740, time remaining: 3m 4s
Rendered 7154/10740, time remaining: 3m 4s
Rendered 7155/10740, time remaining: 3m 5s
Rendered 7156/10740, time remaining: 3m 4s
Rendered 7157/10740, time remaining: 3m 4s
Rendered 7158/10740, time remaining: 3m 5s
Rendered 7159/10740, time remaining: 3m 5s
Rendered 7160/10740, time remaining: 3m 4s
Rendered 7161/10740, time remaining: 3m 4s
Rendered 7162/10740, time remaining: 3m 4s
Rendered 7163/10740, time remaining: 3m 5s
Rendered 7164/10740, time remaining: 3m 4s
Rendered 7165/10740, time remaining: 3m 4s
Rendered 7166/10740, time remaining: 3m 5s
Rendered 7167/10740, time remaining: 3m 5s
Rendered 7168/10740, time remaining: 3m 4s
Rendered 7169/10740, time remaining: 3m 4s
Rendered 7170/10740, time remaining: 3m 4s
Rendered 7171/10740, time remaining: 3m 4s
Rendered 7172/10740, time remaining: 3m 4s
Rendered 7173/10740, time remaining: 3m 3s
Rendered 7174/10740, time remaining: 3m 4s
Rendered 7175/10740, time remaining: 3m 4s
Rendered 7176/10740, time remaining: 3m 4s
Rendered 7177/10740, time remaining: 3m 3s
Rendered 7178/10740, time remaining: 3m 3s
Rendered 7179/10740, time remaining: 3m 4s
Rendered 7180/10740, time remaining: 3m 3s
Rendered 7181/10740, time remaining: 3m 3s
Rendered 7182/10740, time remaining: 3m 4s
Rendered 7183/10740, time remaining: 3m 4s
Rendered 7184/10740, time remaining: 3m 4s
Rendered 7185/10740, time remaining: 3m 3s
Rendered 7186/10740, time remaining: 3m 3s
Rendered 7187/10740, time remaining: 3m 4s
Rendered 7188/10740, time remaining: 3m 3s
Rendered 7189/10740, time remaining: 3m 3s
Rendered 7190/10740, time remaining: 3m 3s
Rendered 7191/10740, time remaining: 3m 3s
Rendered 7192/10740, time remaining: 3m 4s
Rendered 7193/10740, time remaining: 3m 3s
Rendered 7194/10740, time remaining: 3m 3s
Rendered 7195/10740, time remaining: 3m 4s
Rendered 7196/10740, time remaining: 3m 3s
Rendered 7197/10740, time remaining: 3m 2s
Rendered 7198/10740, time remaining: 3m 3s
Rendered 7199/10740, time remaining: 3m 3s
Rendered 7200/10740, time remaining: 3m 2s
Rendered 7201/10740, time remaining: 3m 2s
Rendered 7202/10740, time remaining: 3m 2s
Rendered 7203/10740, time remaining: 3m 2s
Rendered 7204/10740, time remaining: 3m 3s
Rendered 7205/10740, time remaining: 3m 2s
Rendered 7206/10740, time remaining: 3m 3s
Rendered 7207/10740, time remaining: 3m 4s
Rendered 7208/10740, time remaining: 3m 2s
Rendered 7209/10740, time remaining: 3m 2s
Rendered 7210/10740, time remaining: 3m 3s
Rendered 7211/10740, time remaining: 3m 3s
Rendered 7212/10740, time remaining: 3m 3s
Rendered 7213/10740, time remaining: 3m 3s
Rendered 7214/10740, time remaining: 3m 2s
Rendered 7215/10740, time remaining: 3m 3s
Rendered 7216/10740, time remaining: 3m 2s
Rendered 7217/10740, time remaining: 3m 2s
Rendered 7218/10740, time remaining: 3m 2s
Rendered 7219/10740, time remaining: 3m 2s
Rendered 7220/10740, time remaining: 3m 2s
Rendered 7221/10740, time remaining: 3m 2s
Rendered 7222/10740, time remaining: 3m 2s
Rendered 7223/10740, time remaining: 3m 2s
Rendered 7224/10740, time remaining: 3m 1s
Rendered 7225/10740, time remaining: 3m 1s
Rendered 7226/10740, time remaining: 3m 2s
Rendered 7227/10740, time remaining: 3m 2s
Rendered 7228/10740, time remaining: 3m 2s
Rendered 7229/10740, time remaining: 3m 2s
Rendered 7230/10740, time remaining: 3m 2s
Rendered 7231/10740, time remaining: 3m 3s
Rendered 7232/10740, time remaining: 3m 1s
Rendered 7233/10740, time remaining: 3m 1s
Rendered 7234/10740, time remaining: 3m 2s
Rendered 7235/10740, time remaining: 3m 2s
Rendered 7236/10740, time remaining: 3m 1s
Rendered 7237/10740, time remaining: 3m 1s
Rendered 7238/10740, time remaining: 3m 1s
Rendered 7239/10740, time remaining: 3m 2s
Rendered 7240/10740, time remaining: 3m 1s
Rendered 7241/10740, time remaining: 3m 1s
Rendered 7242/10740, time remaining: 3m 1s
Rendered 7243/10740, time remaining: 3m 2s
Rendered 7244/10740, time remaining: 3m 1s
Rendered 7245/10740, time remaining: 3m 1s
Rendered 7246/10740, time remaining: 3m 2s
Rendered 7247/10740, time remaining: 3m 1s
Rendered 7248/10740, time remaining: 3m 1s
Rendered 7249/10740, time remaining: 3m 1s
Rendered 7250/10740, time remaining: 3m 1s
Rendered 7251/10740, time remaining: 3m 1s
Rendered 7252/10740, time remaining: 3m 0s
Rendered 7253/10740, time remaining: 3m 0s
Rendered 7254/10740, time remaining: 3m 1s
Rendered 7255/10740, time remaining: 3m 1s
Rendered 7256/10740, time remaining: 3m 1s
Rendered 7257/10740, time remaining: 3m 1s
Rendered 7258/10740, time remaining: 3m 1s
Rendered 7259/10740, time remaining: 3m 1s
Rendered 7260/10740, time remaining: 3m 0s
Rendered 7261/10740, time remaining: 3m 0s
Rendered 7262/10740, time remaining: 3m 1s
Rendered 7263/10740, time remaining: 3m 1s
Rendered 7264/10740, time remaining: 3m 1s
Rendered 7265/10740, time remaining: 3m 0s
Rendered 7266/10740, time remaining: 3m 1s
Rendered 7267/10740, time remaining: 3m 1s
Rendered 7268/10740, time remaining: 3m 0s
Rendered 7269/10740, time remaining: 3m 0s
Rendered 7270/10740, time remaining: 3m 0s
Rendered 7271/10740, time remaining: 3m 0s
Rendered 7272/10740, time remaining: 2m 59s
Rendered 7273/10740, time remaining: 2m 59s
Rendered 7274/10740, time remaining: 3m 0s
Rendered 7275/10740, time remaining: 3m 0s
Rendered 7276/10740, time remaining: 3m 0s
Rendered 7277/10740, time remaining: 2m 59s
Rendered 7278/10740, time remaining: 3m 0s
Rendered 7279/10740, time remaining: 3m 0s
Rendered 7280/10740, time remaining: 3m 0s
Rendered 7281/10740, time remaining: 2m 59s
Rendered 7282/10740, time remaining: 2m 59s
Rendered 7283/10740, time remaining: 2m 59s
Rendered 7284/10740, time remaining: 2m 59s
Rendered 7285/10740, time remaining: 2m 59s
Rendered 7286/10740, time remaining: 3m 0s
Rendered 7287/10740, time remaining: 3m 1s
Rendered 7288/10740, time remaining: 2m 59s
Rendered 7289/10740, time remaining: 2m 59s
Rendered 7290/10740, time remaining: 2m 59s
Rendered 7291/10740, time remaining: 2m 59s
Rendered 7292/10740, time remaining: 2m 59s
Rendered 7293/10740, time remaining: 2m 59s
Rendered 7294/10740, time remaining: 2m 59s
Rendered 7295/10740, time remaining: 2m 59s
Rendered 7296/10740, time remaining: 2m 58s
Rendered 7297/10740, time remaining: 2m 59s
Rendered 7298/10740, time remaining: 2m 59s
Rendered 7299/10740, time remaining: 3m 0s
Rendered 7300/10740, time remaining: 3m 0s
Rendered 7301/10740, time remaining: 2m 59s
Rendered 7302/10740, time remaining: 2m 59s
Rendered 7303/10740, time remaining: 3m 0s
Rendered 7304/10740, time remaining: 2m 59s
Rendered 7305/10740, time remaining: 2m 59s
Rendered 7306/10740, time remaining: 2m 59s
Rendered 7307/10740, time remaining: 2m 59s
Rendered 7308/10740, time remaining: 2m 59s
Rendered 7309/10740, time remaining: 2m 58s
Rendered 7310/10740, time remaining: 2m 59s
Rendered 7311/10740, time remaining: 2m 59s
Rendered 7312/10740, time remaining: 2m 59s
Rendered 7313/10740, time remaining: 2m 58s
Rendered 7314/10740, time remaining: 2m 58s
Rendered 7315/10740, time remaining: 2m 58s
Rendered 7316/10740, time remaining: 2m 57s
Rendered 7317/10740, time remaining: 2m 57s
Rendered 7318/10740, time remaining: 2m 58s
Rendered 7319/10740, time remaining: 2m 58s
Rendered 7320/10740, time remaining: 2m 58s
Rendered 7321/10740, time remaining: 2m 58s
Rendered 7322/10740, time remaining: 2m 58s
Rendered 7323/10740, time remaining: 2m 58s
Rendered 7324/10740, time remaining: 2m 57s
Rendered 7325/10740, time remaining: 2m 57s
Rendered 7326/10740, time remaining: 2m 57s
Rendered 7327/10740, time remaining: 2m 57s
Rendered 7328/10740, time remaining: 2m 57s
Rendered 7329/10740, time remaining: 2m 57s
Rendered 7330/10740, time remaining: 2m 57s
Rendered 7331/10740, time remaining: 2m 58s
Rendered 7332/10740, time remaining: 2m 57s
Rendered 7333/10740, time remaining: 2m 57s
Rendered 7334/10740, time remaining: 2m 57s
Rendered 7335/10740, time remaining: 2m 57s
Rendered 7336/10740, time remaining: 2m 56s
Rendered 7337/10740, time remaining: 2m 56s
Rendered 7338/10740, time remaining: 2m 56s
Rendered 7339/10740, time remaining: 2m 57s
Rendered 7340/10740, time remaining: 2m 57s
Rendered 7341/10740, time remaining: 2m 56s
Rendered 7342/10740, time remaining: 2m 56s
Rendered 7343/10740, time remaining: 2m 56s
Rendered 7344/10740, time remaining: 2m 56s
Rendered 7345/10740, time remaining: 2m 55s
Rendered 7346/10740, time remaining: 2m 56s
Rendered 7347/10740, time remaining: 2m 57s
Rendered 7348/10740, time remaining: 2m 56s
Rendered 7349/10740, time remaining: 2m 55s
Rendered 7350/10740, time remaining: 2m 56s
Rendered 7351/10740, time remaining: 2m 56s
Rendered 7352/10740, time remaining: 2m 56s
Rendered 7353/10740, time remaining: 2m 56s
Rendered 7354/10740, time remaining: 2m 56s
Rendered 7355/10740, time remaining: 2m 56s
Rendered 7356/10740, time remaining: 2m 55s
Rendered 7357/10740, time remaining: 2m 55s
Rendered 7358/10740, time remaining: 2m 56s
Rendered 7359/10740, time remaining: 2m 56s
Rendered 7360/10740, time remaining: 2m 56s
Rendered 7361/10740, time remaining: 2m 55s
Rendered 7362/10740, time remaining: 2m 56s
Rendered 7363/10740, time remaining: 2m 56s
Rendered 7364/10740, time remaining: 2m 55s
Rendered 7365/10740, time remaining: 2m 55s
Rendered 7366/10740, time remaining: 2m 55s
Rendered 7367/10740, time remaining: 2m 56s
Rendered 7368/10740, time remaining: 2m 56s
Rendered 7369/10740, time remaining: 2m 55s
Rendered 7370/10740, time remaining: 2m 56s
Rendered 7371/10740, time remaining: 2m 56s
Rendered 7372/10740, time remaining: 2m 56s
Rendered 7373/10740, time remaining: 2m 54s
Rendered 7374/10740, time remaining: 2m 55s
Rendered 7375/10740, time remaining: 2m 55s
Rendered 7376/10740, time remaining: 2m 54s
Rendered 7377/10740, time remaining: 2m 54s
Rendered 7378/10740, time remaining: 2m 54s
Rendered 7379/10740, time remaining: 2m 54s
Rendered 7380/10740, time remaining: 2m 53s
Rendered 7381/10740, time remaining: 2m 53s
Rendered 7382/10740, time remaining: 2m 54s
Rendered 7383/10740, time remaining: 2m 54s
Rendered 7384/10740, time remaining: 2m 54s
Rendered 7385/10740, time remaining: 2m 54s
Rendered 7386/10740, time remaining: 2m 54s
Rendered 7387/10740, time remaining: 2m 54s
Rendered 7388/10740, time remaining: 2m 54s
Rendered 7389/10740, time remaining: 2m 53s
Rendered 7390/10740, time remaining: 2m 54s
Rendered 7391/10740, time remaining: 2m 54s
Rendered 7392/10740, time remaining: 2m 53s
Rendered 7393/10740, time remaining: 2m 53s
Rendered 7394/10740, time remaining: 2m 53s
Rendered 7395/10740, time remaining: 2m 54s
Rendered 7396/10740, time remaining: 2m 53s
Rendered 7397/10740, time remaining: 2m 53s
Rendered 7398/10740, time remaining: 2m 53s
Rendered 7399/10740, time remaining: 2m 53s
Rendered 7400/10740, time remaining: 2m 53s
Rendered 7401/10740, time remaining: 2m 53s
Rendered 7402/10740, time remaining: 2m 53s
Rendered 7403/10740, time remaining: 2m 53s
Rendered 7404/10740, time remaining: 2m 53s
Rendered 7405/10740, time remaining: 2m 52s
Rendered 7406/10740, time remaining: 2m 53s
Rendered 7407/10740, time remaining: 2m 53s
Rendered 7408/10740, time remaining: 2m 52s
Rendered 7409/10740, time remaining: 2m 52s
Rendered 7410/10740, time remaining: 2m 52s
Rendered 7411/10740, time remaining: 2m 52s
Rendered 7412/10740, time remaining: 2m 52s
Rendered 7413/10740, time remaining: 2m 52s
Rendered 7414/10740, time remaining: 2m 52s
Rendered 7415/10740, time remaining: 2m 52s
Rendered 7416/10740, time remaining: 2m 51s
Rendered 7417/10740, time remaining: 2m 51s
Rendered 7418/10740, time remaining: 2m 52s
Rendered 7419/10740, time remaining: 2m 52s
Rendered 7420/10740, time remaining: 2m 52s
Rendered 7421/10740, time remaining: 2m 52s
Rendered 7422/10740, time remaining: 2m 52s
Rendered 7423/10740, time remaining: 2m 52s
Rendered 7424/10740, time remaining: 2m 52s
Rendered 7425/10740, time remaining: 2m 52s
Rendered 7426/10740, time remaining: 2m 53s
Rendered 7427/10740, time remaining: 2m 53s
Rendered 7428/10740, time remaining: 2m 53s
Rendered 7429/10740, time remaining: 2m 53s
Rendered 7430/10740, time remaining: 2m 53s
Rendered 7431/10740, time remaining: 2m 52s
Rendered 7432/10740, time remaining: 2m 53s
Rendered 7433/10740, time remaining: 2m 52s
Rendered 7434/10740, time remaining: 2m 52s
Rendered 7435/10740, time remaining: 2m 52s
Rendered 7436/10740, time remaining: 2m 52s
Rendered 7437/10740, time remaining: 2m 52s
Rendered 7438/10740, time remaining: 2m 53s
Rendered 7439/10740, time remaining: 2m 52s
Rendered 7440/10740, time remaining: 2m 52s
Rendered 7441/10740, time remaining: 2m 51s
Rendered 7442/10740, time remaining: 2m 52s
Rendered 7443/10740, time remaining: 2m 51s
Rendered 7444/10740, time remaining: 2m 51s
Rendered 7445/10740, time remaining: 2m 51s
Rendered 7446/10740, time remaining: 2m 52s
Rendered 7447/10740, time remaining: 2m 51s
Rendered 7448/10740, time remaining: 2m 51s
Rendered 7449/10740, time remaining: 2m 51s
Rendered 7450/10740, time remaining: 2m 51s
Rendered 7451/10740, time remaining: 2m 51s
Rendered 7452/10740, time remaining: 2m 51s
Rendered 7453/10740, time remaining: 2m 50s
Rendered 7454/10740, time remaining: 2m 51s
Rendered 7455/10740, time remaining: 2m 50s
Rendered 7456/10740, time remaining: 2m 51s
Rendered 7457/10740, time remaining: 2m 50s
Rendered 7458/10740, time remaining: 2m 51s
Rendered 7459/10740, time remaining: 2m 51s
Rendered 7460/10740, time remaining: 2m 50s
Rendered 7461/10740, time remaining: 2m 51s
Rendered 7462/10740, time remaining: 2m 51s
Rendered 7463/10740, time remaining: 2m 50s
Rendered 7464/10740, time remaining: 2m 50s
Rendered 7465/10740, time remaining: 2m 50s
Rendered 7466/10740, time remaining: 2m 52s
Rendered 7467/10740, time remaining: 2m 51s
Rendered 7468/10740, time remaining: 2m 51s
Rendered 7469/10740, time remaining: 2m 51s
Rendered 7470/10740, time remaining: 2m 51s
Rendered 7471/10740, time remaining: 2m 50s
Rendered 7472/10740, time remaining: 2m 50s
Rendered 7473/10740, time remaining: 2m 50s
Rendered 7474/10740, time remaining: 2m 51s
Rendered 7475/10740, time remaining: 2m 50s
Rendered 7476/10740, time remaining: 2m 50s
Rendered 7477/10740, time remaining: 2m 50s
Rendered 7478/10740, time remaining: 2m 50s
Rendered 7479/10740, time remaining: 2m 49s
Rendered 7480/10740, time remaining: 2m 50s
Rendered 7481/10740, time remaining: 2m 49s
Rendered 7482/10740, time remaining: 2m 50s
Rendered 7483/10740, time remaining: 2m 50s
Rendered 7484/10740, time remaining: 2m 49s
Rendered 7485/10740, time remaining: 2m 49s
Rendered 7486/10740, time remaining: 2m 50s
Rendered 7487/10740, time remaining: 2m 50s
Rendered 7488/10740, time remaining: 2m 50s
Rendered 7489/10740, time remaining: 2m 50s
Rendered 7490/10740, time remaining: 2m 50s
Rendered 7491/10740, time remaining: 2m 50s
Rendered 7492/10740, time remaining: 2m 50s
Rendered 7493/10740, time remaining: 2m 50s
Rendered 7494/10740, time remaining: 2m 50s
Rendered 7495/10740, time remaining: 2m 49s
Rendered 7496/10740, time remaining: 2m 49s
Rendered 7497/10740, time remaining: 2m 48s
Rendered 7498/10740, time remaining: 2m 50s
Rendered 7499/10740, time remaining: 2m 49s
Rendered 7500/10740, time remaining: 2m 49s
Rendered 7501/10740, time remaining: 2m 49s
Rendered 7502/10740, time remaining: 2m 49s
Rendered 7503/10740, time remaining: 2m 48s
Rendered 7504/10740, time remaining: 2m 48s
Rendered 7505/10740, time remaining: 2m 48s
Rendered 7506/10740, time remaining: 2m 49s
Rendered 7507/10740, time remaining: 2m 48s
Rendered 7508/10740, time remaining: 2m 48s
Rendered 7509/10740, time remaining: 2m 48s
Rendered 7510/10740, time remaining: 2m 48s
Rendered 7511/10740, time remaining: 2m 48s
Rendered 7512/10740, time remaining: 2m 48s
Rendered 7513/10740, time remaining: 2m 48s
Rendered 7514/10740, time remaining: 2m 49s
Rendered 7515/10740, time remaining: 2m 48s
Rendered 7516/10740, time remaining: 2m 48s
Rendered 7517/10740, time remaining: 2m 48s
Rendered 7518/10740, time remaining: 2m 48s
Rendered 7519/10740, time remaining: 2m 47s
Rendered 7520/10740, time remaining: 2m 47s
Rendered 7521/10740, time remaining: 2m 47s
Rendered 7522/10740, time remaining: 2m 47s
Rendered 7523/10740, time remaining: 2m 47s
Rendered 7524/10740, time remaining: 2m 47s
Rendered 7525/10740, time remaining: 2m 47s
Rendered 7526/10740, time remaining: 2m 48s
Rendered 7527/10740, time remaining: 2m 47s
Rendered 7528/10740, time remaining: 2m 48s
Rendered 7529/10740, time remaining: 2m 47s
Rendered 7530/10740, time remaining: 2m 47s
Rendered 7531/10740, time remaining: 2m 47s
Rendered 7532/10740, time remaining: 2m 47s
Rendered 7533/10740, time remaining: 2m 47s
Rendered 7534/10740, time remaining: 2m 48s
Rendered 7535/10740, time remaining: 2m 47s
Rendered 7536/10740, time remaining: 2m 47s
Rendered 7537/10740, time remaining: 2m 47s
Rendered 7538/10740, time remaining: 2m 47s
Rendered 7539/10740, time remaining: 2m 47s
Rendered 7540/10740, time remaining: 2m 47s
Rendered 7541/10740, time remaining: 2m 47s
Rendered 7542/10740, time remaining: 2m 48s
Rendered 7543/10740, time remaining: 2m 46s
Rendered 7544/10740, time remaining: 2m 47s
Rendered 7545/10740, time remaining: 2m 46s
Rendered 7546/10740, time remaining: 2m 47s
Rendered 7547/10740, time remaining: 2m 47s
Rendered 7548/10740, time remaining: 2m 46s
Rendered 7549/10740, time remaining: 2m 46s
Rendered 7550/10740, time remaining: 2m 47s
Rendered 7551/10740, time remaining: 2m 46s
Rendered 7552/10740, time remaining: 2m 46s
Rendered 7553/10740, time remaining: 2m 46s
Rendered 7554/10740, time remaining: 2m 46s
Rendered 7555/10740, time remaining: 2m 46s
Rendered 7556/10740, time remaining: 2m 46s
Rendered 7557/10740, time remaining: 2m 46s
Rendered 7558/10740, time remaining: 2m 46s
Rendered 7559/10740, time remaining: 2m 46s
Rendered 7560/10740, time remaining: 2m 46s
Rendered 7561/10740, time remaining: 2m 45s
Rendered 7562/10740, time remaining: 2m 46s
Rendered 7563/10740, time remaining: 2m 45s
Rendered 7564/10740, time remaining: 2m 46s
Rendered 7565/10740, time remaining: 2m 45s
Rendered 7566/10740, time remaining: 2m 46s
Rendered 7567/10740, time remaining: 2m 46s
Rendered 7568/10740, time remaining: 2m 45s
Rendered 7569/10740, time remaining: 2m 45s
Rendered 7570/10740, time remaining: 2m 45s
Rendered 7571/10740, time remaining: 2m 45s
Rendered 7572/10740, time remaining: 2m 45s
Rendered 7573/10740, time remaining: 2m 45s
Rendered 7574/10740, time remaining: 2m 44s
Rendered 7575/10740, time remaining: 2m 44s
Rendered 7576/10740, time remaining: 2m 44s
Rendered 7577/10740, time remaining: 2m 44s
Rendered 7578/10740, time remaining: 2m 44s
Rendered 7579/10740, time remaining: 2m 43s
Rendered 7580/10740, time remaining: 2m 43s
Rendered 7581/10740, time remaining: 2m 44s
Rendered 7582/10740, time remaining: 2m 44s
Rendered 7583/10740, time remaining: 2m 44s
Rendered 7584/10740, time remaining: 2m 44s
Rendered 7585/10740, time remaining: 2m 44s
Rendered 7586/10740, time remaining: 2m 44s
Rendered 7587/10740, time remaining: 2m 43s
Rendered 7588/10740, time remaining: 2m 43s
Rendered 7589/10740, time remaining: 2m 44s
Rendered 7590/10740, time remaining: 2m 43s
Rendered 7591/10740, time remaining: 2m 43s
Rendered 7592/10740, time remaining: 2m 43s
Rendered 7593/10740, time remaining: 2m 44s
Rendered 7594/10740, time remaining: 2m 44s
Rendered 7595/10740, time remaining: 2m 42s
Rendered 7596/10740, time remaining: 2m 43s
Rendered 7597/10740, time remaining: 2m 43s
Rendered 7598/10740, time remaining: 2m 43s
Rendered 7599/10740, time remaining: 2m 42s
Rendered 7600/10740, time remaining: 2m 43s
Rendered 7601/10740, time remaining: 2m 43s
Rendered 7602/10740, time remaining: 2m 43s
Rendered 7603/10740, time remaining: 2m 43s
Rendered 7604/10740, time remaining: 2m 43s
Rendered 7605/10740, time remaining: 2m 43s
Rendered 7606/10740, time remaining: 2m 43s
Rendered 7607/10740, time remaining: 2m 42s
Rendered 7608/10740, time remaining: 2m 42s
Rendered 7609/10740, time remaining: 2m 42s
Rendered 7610/10740, time remaining: 2m 42s
Rendered 7611/10740, time remaining: 2m 42s
Rendered 7612/10740, time remaining: 2m 41s
Rendered 7613/10740, time remaining: 2m 42s
Rendered 7614/10740, time remaining: 2m 42s
Rendered 7615/10740, time remaining: 2m 42s
Rendered 7616/10740, time remaining: 2m 41s
Rendered 7617/10740, time remaining: 2m 42s
Rendered 7618/10740, time remaining: 2m 42s
Rendered 7619/10740, time remaining: 2m 41s
Rendered 7620/10740, time remaining: 2m 41s
Rendered 7621/10740, time remaining: 2m 42s
Rendered 7622/10740, time remaining: 2m 42s
Rendered 7623/10740, time remaining: 2m 41s
Rendered 7624/10740, time remaining: 2m 41s
Rendered 7625/10740, time remaining: 2m 41s
Rendered 7626/10740, time remaining: 2m 41s
Rendered 7627/10740, time remaining: 2m 41s
Rendered 7628/10740, time remaining: 2m 41s
Rendered 7629/10740, time remaining: 2m 42s
Rendered 7630/10740, time remaining: 2m 42s
Rendered 7631/10740, time remaining: 2m 41s
Rendered 7632/10740, time remaining: 2m 41s
Rendered 7633/10740, time remaining: 2m 41s
Rendered 7634/10740, time remaining: 2m 41s
Rendered 7635/10740, time remaining: 2m 41s
Rendered 7636/10740, time remaining: 2m 41s
Rendered 7637/10740, time remaining: 2m 42s
Rendered 7638/10740, time remaining: 2m 41s
Rendered 7639/10740, time remaining: 2m 41s
Rendered 7640/10740, time remaining: 2m 40s
Rendered 7641/10740, time remaining: 2m 41s
Rendered 7642/10740, time remaining: 2m 41s
Rendered 7643/10740, time remaining: 2m 40s
Rendered 7644/10740, time remaining: 2m 39s
Rendered 7645/10740, time remaining: 2m 41s
Rendered 7646/10740, time remaining: 2m 40s
Rendered 7647/10740, time remaining: 2m 40s
Rendered 7648/10740, time remaining: 2m 40s
Rendered 7649/10740, time remaining: 2m 40s
Rendered 7650/10740, time remaining: 2m 40s
Rendered 7651/10740, time remaining: 2m 40s
Rendered 7652/10740, time remaining: 2m 40s
Rendered 7653/10740, time remaining: 2m 40s
Rendered 7654/10740, time remaining: 2m 40s
Rendered 7655/10740, time remaining: 2m 39s
Rendered 7656/10740, time remaining: 2m 39s
Rendered 7657/10740, time remaining: 2m 39s
Rendered 7658/10740, time remaining: 2m 40s
Rendered 7659/10740, time remaining: 2m 39s
Rendered 7660/10740, time remaining: 2m 39s
Rendered 7661/10740, time remaining: 2m 40s
Rendered 7662/10740, time remaining: 2m 40s
Rendered 7663/10740, time remaining: 2m 40s
Rendered 7664/10740, time remaining: 2m 39s
Rendered 7665/10740, time remaining: 2m 39s
Rendered 7666/10740, time remaining: 2m 40s
Rendered 7667/10740, time remaining: 2m 39s
Rendered 7668/10740, time remaining: 2m 38s
Rendered 7669/10740, time remaining: 2m 40s
Rendered 7670/10740, time remaining: 2m 39s
Rendered 7671/10740, time remaining: 2m 39s
Rendered 7672/10740, time remaining: 2m 39s
Rendered 7673/10740, time remaining: 2m 39s
Rendered 7674/10740, time remaining: 2m 39s
Rendered 7675/10740, time remaining: 2m 38s
Rendered 7676/10740, time remaining: 2m 38s
Rendered 7677/10740, time remaining: 2m 39s
Rendered 7678/10740, time remaining: 2m 39s
Rendered 7679/10740, time remaining: 2m 38s
Rendered 7680/10740, time remaining: 2m 38s
Rendered 7681/10740, time remaining: 2m 39s
Rendered 7682/10740, time remaining: 2m 39s
Rendered 7683/10740, time remaining: 2m 38s
Rendered 7684/10740, time remaining: 2m 38s
Rendered 7685/10740, time remaining: 2m 38s
Rendered 7686/10740, time remaining: 2m 38s
Rendered 7687/10740, time remaining: 2m 38s
Rendered 7688/10740, time remaining: 2m 38s
Rendered 7689/10740, time remaining: 2m 38s
Rendered 7690/10740, time remaining: 2m 38s
Rendered 7691/10740, time remaining: 2m 37s
Rendered 7692/10740, time remaining: 2m 37s
Rendered 7693/10740, time remaining: 2m 38s
Rendered 7694/10740, time remaining: 2m 38s
Rendered 7695/10740, time remaining: 2m 38s
Rendered 7696/10740, time remaining: 2m 38s
Rendered 7697/10740, time remaining: 2m 38s
Rendered 7698/10740, time remaining: 2m 39s
Rendered 7699/10740, time remaining: 2m 37s
Rendered 7700/10740, time remaining: 2m 37s
Rendered 7701/10740, time remaining: 2m 38s
Rendered 7702/10740, time remaining: 2m 38s
Rendered 7703/10740, time remaining: 2m 37s
Rendered 7704/10740, time remaining: 2m 37s
Rendered 7705/10740, time remaining: 2m 37s
Rendered 7706/10740, time remaining: 2m 37s
Rendered 7707/10740, time remaining: 2m 36s
Rendered 7708/10740, time remaining: 2m 37s
Rendered 7709/10740, time remaining: 2m 37s
Rendered 7710/10740, time remaining: 2m 37s
Rendered 7711/10740, time remaining: 2m 37s
Rendered 7712/10740, time remaining: 2m 36s
Rendered 7713/10740, time remaining: 2m 37s
Rendered 7714/10740, time remaining: 2m 37s
Rendered 7715/10740, time remaining: 2m 36s
Rendered 7716/10740, time remaining: 2m 36s
Rendered 7717/10740, time remaining: 2m 36s
Rendered 7718/10740, time remaining: 2m 37s
Rendered 7719/10740, time remaining: 2m 36s
Rendered 7720/10740, time remaining: 2m 36s
Rendered 7721/10740, time remaining: 2m 37s
Rendered 7722/10740, time remaining: 2m 36s
Rendered 7723/10740, time remaining: 2m 36s
Rendered 7724/10740, time remaining: 2m 36s
Rendered 7725/10740, time remaining: 2m 36s
Rendered 7726/10740, time remaining: 2m 36s
Rendered 7727/10740, time remaining: 2m 36s
Rendered 7728/10740, time remaining: 2m 36s
Rendered 7729/10740, time remaining: 2m 36s
Rendered 7730/10740, time remaining: 2m 36s
Rendered 7731/10740, time remaining: 2m 35s
Rendered 7732/10740, time remaining: 2m 35s
Rendered 7733/10740, time remaining: 2m 35s
Rendered 7734/10740, time remaining: 2m 36s
Rendered 7735/10740, time remaining: 2m 35s
Rendered 7736/10740, time remaining: 2m 35s
Rendered 7737/10740, time remaining: 2m 36s
Rendered 7738/10740, time remaining: 2m 36s
Rendered 7739/10740, time remaining: 2m 35s
Rendered 7740/10740, time remaining: 2m 35s
Rendered 7741/10740, time remaining: 2m 35s
Rendered 7742/10740, time remaining: 2m 36s
Rendered 7743/10740, time remaining: 2m 34s
Rendered 7744/10740, time remaining: 2m 34s
Rendered 7745/10740, time remaining: 2m 35s
Rendered 7746/10740, time remaining: 2m 35s
Rendered 7747/10740, time remaining: 2m 34s
Rendered 7748/10740, time remaining: 2m 34s
Rendered 7749/10740, time remaining: 2m 35s
Rendered 7750/10740, time remaining: 2m 35s
Rendered 7751/10740, time remaining: 2m 34s
Rendered 7752/10740, time remaining: 2m 34s
Rendered 7753/10740, time remaining: 2m 34s
Rendered 7754/10740, time remaining: 2m 34s
Rendered 7755/10740, time remaining: 2m 33s
Rendered 7756/10740, time remaining: 2m 34s
Rendered 7757/10740, time remaining: 2m 34s
Rendered 7758/10740, time remaining: 2m 34s
Rendered 7759/10740, time remaining: 2m 34s
Rendered 7760/10740, time remaining: 2m 34s
Rendered 7761/10740, time remaining: 2m 34s
Rendered 7762/10740, time remaining: 2m 34s
Rendered 7763/10740, time remaining: 2m 33s
Rendered 7764/10740, time remaining: 2m 33s
Rendered 7765/10740, time remaining: 2m 34s
Rendered 7766/10740, time remaining: 2m 34s
Rendered 7767/10740, time remaining: 2m 33s
Rendered 7768/10740, time remaining: 2m 33s
Rendered 7769/10740, time remaining: 2m 33s
Rendered 7770/10740, time remaining: 2m 34s
Rendered 7771/10740, time remaining: 2m 33s
Rendered 7772/10740, time remaining: 2m 33s
Rendered 7773/10740, time remaining: 2m 33s
Rendered 7774/10740, time remaining: 2m 33s
Rendered 7775/10740, time remaining: 2m 33s
Rendered 7776/10740, time remaining: 2m 33s
Rendered 7777/10740, time remaining: 2m 33s
Rendered 7778/10740, time remaining: 2m 33s
Rendered 7779/10740, time remaining: 2m 32s
Rendered 7780/10740, time remaining: 2m 32s
Rendered 7781/10740, time remaining: 2m 33s
Rendered 7782/10740, time remaining: 2m 33s
Rendered 7783/10740, time remaining: 2m 32s
Rendered 7784/10740, time remaining: 2m 32s
Rendered 7785/10740, time remaining: 2m 32s
Rendered 7786/10740, time remaining: 2m 32s
Rendered 7787/10740, time remaining: 2m 31s
Rendered 7788/10740, time remaining: 2m 32s
Rendered 7789/10740, time remaining: 2m 32s
Rendered 7790/10740, time remaining: 2m 32s
Rendered 7791/10740, time remaining: 2m 32s
Rendered 7792/10740, time remaining: 2m 31s
Rendered 7793/10740, time remaining: 2m 32s
Rendered 7794/10740, time remaining: 2m 32s
Rendered 7795/10740, time remaining: 2m 32s
Rendered 7796/10740, time remaining: 2m 32s
Rendered 7797/10740, time remaining: 2m 32s
Rendered 7798/10740, time remaining: 2m 32s
Rendered 7799/10740, time remaining: 2m 31s
Rendered 7800/10740, time remaining: 2m 31s
Rendered 7801/10740, time remaining: 2m 31s
Rendered 7802/10740, time remaining: 2m 31s
Rendered 7803/10740, time remaining: 2m 31s
Rendered 7804/10740, time remaining: 2m 31s
Rendered 7805/10740, time remaining: 2m 32s
Rendered 7806/10740, time remaining: 2m 32s
Rendered 7807/10740, time remaining: 2m 31s
Rendered 7808/10740, time remaining: 2m 31s
Rendered 7809/10740, time remaining: 2m 32s
Rendered 7810/10740, time remaining: 2m 31s
Rendered 7811/10740, time remaining: 2m 31s
Rendered 7812/10740, time remaining: 2m 30s
Rendered 7813/10740, time remaining: 2m 30s
Rendered 7814/10740, time remaining: 2m 30s
Rendered 7815/10740, time remaining: 2m 30s
Rendered 7816/10740, time remaining: 2m 30s
Rendered 7817/10740, time remaining: 2m 31s
Rendered 7818/10740, time remaining: 2m 31s
Rendered 7819/10740, time remaining: 2m 30s
Rendered 7820/10740, time remaining: 2m 29s
Rendered 7821/10740, time remaining: 2m 30s
Rendered 7822/10740, time remaining: 2m 30s
Rendered 7823/10740, time remaining: 2m 29s
Rendered 7824/10740, time remaining: 2m 29s
Rendered 7825/10740, time remaining: 2m 29s
Rendered 7826/10740, time remaining: 2m 30s
Rendered 7827/10740, time remaining: 2m 30s
Rendered 7828/10740, time remaining: 2m 29s
Rendered 7829/10740, time remaining: 2m 30s
Rendered 7830/10740, time remaining: 2m 30s
Rendered 7831/10740, time remaining: 2m 29s
Rendered 7832/10740, time remaining: 2m 29s
Rendered 7833/10740, time remaining: 2m 29s
Rendered 7834/10740, time remaining: 2m 29s
Rendered 7835/10740, time remaining: 2m 29s
Rendered 7836/10740, time remaining: 2m 28s
Rendered 7837/10740, time remaining: 2m 28s
Rendered 7838/10740, time remaining: 2m 28s
Rendered 7839/10740, time remaining: 2m 28s
Rendered 7840/10740, time remaining: 2m 27s
Rendered 7841/10740, time remaining: 2m 28s
Rendered 7842/10740, time remaining: 2m 28s
Rendered 7843/10740, time remaining: 2m 28s
Rendered 7844/10740, time remaining: 2m 27s
Rendered 7845/10740, time remaining: 2m 27s
Rendered 7846/10740, time remaining: 2m 27s
Rendered 7847/10740, time remaining: 2m 27s
Rendered 7848/10740, time remaining: 2m 26s
Rendered 7849/10740, time remaining: 2m 27s
Rendered 7850/10740, time remaining: 2m 27s
Rendered 7851/10740, time remaining: 2m 28s
Rendered 7852/10740, time remaining: 2m 27s
Rendered 7853/10740, time remaining: 2m 27s
Rendered 7854/10740, time remaining: 2m 28s
Rendered 7855/10740, time remaining: 2m 27s
Rendered 7856/10740, time remaining: 2m 27s
Rendered 7857/10740, time remaining: 2m 28s
Rendered 7858/10740, time remaining: 2m 27s
Rendered 7859/10740, time remaining: 2m 27s
Rendered 7860/10740, time remaining: 2m 27s
Rendered 7861/10740, time remaining: 2m 27s
Rendered 7862/10740, time remaining: 2m 27s
Rendered 7863/10740, time remaining: 2m 27s
Rendered 7864/10740, time remaining: 2m 26s
Rendered 7865/10740, time remaining: 2m 27s
Rendered 7866/10740, time remaining: 2m 27s
Rendered 7867/10740, time remaining: 2m 27s
Rendered 7868/10740, time remaining: 2m 27s
Rendered 7869/10740, time remaining: 2m 27s
Rendered 7870/10740, time remaining: 2m 27s
Rendered 7871/10740, time remaining: 2m 27s
Rendered 7872/10740, time remaining: 2m 26s
Rendered 7873/10740, time remaining: 2m 27s
Rendered 7874/10740, time remaining: 2m 26s
Rendered 7875/10740, time remaining: 2m 27s
Rendered 7876/10740, time remaining: 2m 26s
Rendered 7877/10740, time remaining: 2m 26s
Rendered 7878/10740, time remaining: 2m 26s
Rendered 7879/10740, time remaining: 2m 26s
Rendered 7880/10740, time remaining: 2m 25s
Rendered 7881/10740, time remaining: 2m 26s
Rendered 7882/10740, time remaining: 2m 26s
Rendered 7883/10740, time remaining: 2m 26s
Rendered 7884/10740, time remaining: 2m 25s
Rendered 7885/10740, time remaining: 2m 26s
Rendered 7886/10740, time remaining: 2m 26s
Rendered 7887/10740, time remaining: 2m 26s
Rendered 7888/10740, time remaining: 2m 25s
Rendered 7889/10740, time remaining: 2m 26s
Rendered 7890/10740, time remaining: 2m 26s
Rendered 7891/10740, time remaining: 2m 26s
Rendered 7892/10740, time remaining: 2m 25s
Rendered 7893/10740, time remaining: 2m 26s
Rendered 7894/10740, time remaining: 2m 26s
Rendered 7895/10740, time remaining: 2m 26s
Rendered 7896/10740, time remaining: 2m 25s
Rendered 7897/10740, time remaining: 2m 26s
Rendered 7898/10740, time remaining: 2m 25s
Rendered 7899/10740, time remaining: 2m 25s
Rendered 7900/10740, time remaining: 2m 25s
Rendered 7901/10740, time remaining: 2m 25s
Rendered 7902/10740, time remaining: 2m 26s
Rendered 7903/10740, time remaining: 2m 25s
Rendered 7904/10740, time remaining: 2m 25s
Rendered 7905/10740, time remaining: 2m 25s
Rendered 7906/10740, time remaining: 2m 25s
Rendered 7907/10740, time remaining: 2m 25s
Rendered 7908/10740, time remaining: 2m 25s
Rendered 7909/10740, time remaining: 2m 25s
Rendered 7910/10740, time remaining: 2m 25s
Rendered 7911/10740, time remaining: 2m 25s
Rendered 7912/10740, time remaining: 2m 24s
Rendered 7913/10740, time remaining: 2m 25s
Rendered 7914/10740, time remaining: 2m 25s
Rendered 7915/10740, time remaining: 2m 25s
Rendered 7916/10740, time remaining: 2m 24s
Rendered 7917/10740, time remaining: 2m 24s
Rendered 7918/10740, time remaining: 2m 24s
Rendered 7919/10740, time remaining: 2m 24s
Rendered 7920/10740, time remaining: 2m 24s
Rendered 7921/10740, time remaining: 2m 24s
Rendered 7922/10740, time remaining: 2m 24s
Rendered 7923/10740, time remaining: 2m 24s
Rendered 7924/10740, time remaining: 2m 24s
Rendered 7925/10740, time remaining: 2m 24s
Rendered 7926/10740, time remaining: 2m 24s
Rendered 7927/10740, time remaining: 2m 25s
Rendered 7928/10740, time remaining: 2m 23s
Rendered 7929/10740, time remaining: 2m 24s
Rendered 7930/10740, time remaining: 2m 23s
Rendered 7931/10740, time remaining: 2m 23s
Rendered 7932/10740, time remaining: 2m 23s
Rendered 7933/10740, time remaining: 2m 24s
Rendered 7934/10740, time remaining: 2m 24s
Rendered 7935/10740, time remaining: 2m 24s
Rendered 7936/10740, time remaining: 2m 23s
Rendered 7937/10740, time remaining: 2m 24s
Rendered 7938/10740, time remaining: 2m 24s
Rendered 7939/10740, time remaining: 2m 24s
Rendered 7940/10740, time remaining: 2m 23s
Rendered 7941/10740, time remaining: 2m 23s
Rendered 7942/10740, time remaining: 2m 23s
Rendered 7943/10740, time remaining: 2m 24s
Rendered 7944/10740, time remaining: 2m 23s
Rendered 7945/10740, time remaining: 2m 23s
Rendered 7946/10740, time remaining: 2m 23s
Rendered 7947/10740, time remaining: 2m 23s
Rendered 7948/10740, time remaining: 2m 23s
Rendered 7949/10740, time remaining: 2m 23s
Rendered 7950/10740, time remaining: 2m 23s
Rendered 7951/10740, time remaining: 2m 23s
Rendered 7952/10740, time remaining: 2m 22s
Rendered 7953/10740, time remaining: 2m 22s
Rendered 7954/10740, time remaining: 2m 22s
Rendered 7955/10740, time remaining: 2m 22s
Rendered 7956/10740, time remaining: 2m 22s
Rendered 7957/10740, time remaining: 2m 22s
Rendered 7958/10740, time remaining: 2m 22s
Rendered 7959/10740, time remaining: 2m 22s
Rendered 7960/10740, time remaining: 2m 22s
Rendered 7961/10740, time remaining: 2m 23s
Rendered 7962/10740, time remaining: 2m 23s
Rendered 7963/10740, time remaining: 2m 23s
Rendered 7964/10740, time remaining: 2m 22s
Rendered 7965/10740, time remaining: 2m 22s
Rendered 7966/10740, time remaining: 2m 22s
Rendered 7967/10740, time remaining: 2m 22s
Rendered 7968/10740, time remaining: 2m 22s
Rendered 7969/10740, time remaining: 2m 22s
Rendered 7970/10740, time remaining: 2m 22s
Rendered 7971/10740, time remaining: 2m 23s
Rendered 7972/10740, time remaining: 2m 22s
Rendered 7973/10740, time remaining: 2m 22s
Rendered 7974/10740, time remaining: 2m 22s
Rendered 7975/10740, time remaining: 2m 23s
Rendered 7976/10740, time remaining: 2m 21s
Rendered 7977/10740, time remaining: 2m 21s
Rendered 7978/10740, time remaining: 2m 21s
Rendered 7979/10740, time remaining: 2m 21s
Rendered 7980/10740, time remaining: 2m 20s
Rendered 7981/10740, time remaining: 2m 21s
Rendered 7982/10740, time remaining: 2m 22s
Rendered 7983/10740, time remaining: 2m 22s
Rendered 7984/10740, time remaining: 2m 21s
Rendered 7985/10740, time remaining: 2m 21s
Rendered 7986/10740, time remaining: 2m 22s
Rendered 7987/10740, time remaining: 2m 23s
Rendered 7988/10740, time remaining: 2m 22s
Rendered 7989/10740, time remaining: 2m 21s
Rendered 7990/10740, time remaining: 2m 22s
Rendered 7991/10740, time remaining: 2m 23s
Rendered 7992/10740, time remaining: 2m 22s
Rendered 7993/10740, time remaining: 2m 21s
Rendered 7994/10740, time remaining: 2m 22s
Rendered 7995/10740, time remaining: 2m 22s
Rendered 7996/10740, time remaining: 2m 22s
Rendered 7997/10740, time remaining: 2m 21s
Rendered 7998/10740, time remaining: 2m 21s
Rendered 7999/10740, time remaining: 2m 21s
Rendered 8000/10740, time remaining: 2m 21s
Rendered 8001/10740, time remaining: 2m 20s
Rendered 8002/10740, time remaining: 2m 21s
Rendered 8003/10740, time remaining: 2m 21s
Rendered 8004/10740, time remaining: 2m 21s
Rendered 8005/10740, time remaining: 2m 21s
Rendered 8006/10740, time remaining: 2m 21s
Rendered 8007/10740, time remaining: 2m 21s
Rendered 8008/10740, time remaining: 2m 20s
Rendered 8009/10740, time remaining: 2m 20s
Rendered 8010/10740, time remaining: 2m 20s
Rendered 8011/10740, time remaining: 2m 21s
Rendered 8012/10740, time remaining: 2m 20s
Rendered 8013/10740, time remaining: 2m 20s
Rendered 8014/10740, time remaining: 2m 20s
Rendered 8015/10740, time remaining: 2m 20s
Rendered 8016/10740, time remaining: 2m 21s
Rendered 8017/10740, time remaining: 2m 20s
Rendered 8018/10740, time remaining: 2m 21s
Rendered 8019/10740, time remaining: 2m 21s
Rendered 8020/10740, time remaining: 2m 21s
Rendered 8021/10740, time remaining: 2m 21s
Rendered 8022/10740, time remaining: 2m 21s
Rendered 8023/10740, time remaining: 2m 21s
Rendered 8024/10740, time remaining: 2m 21s
Rendered 8025/10740, time remaining: 2m 20s
Rendered 8026/10740, time remaining: 2m 21s
Rendered 8027/10740, time remaining: 2m 20s
Rendered 8028/10740, time remaining: 2m 20s
Rendered 8029/10740, time remaining: 2m 20s
Rendered 8030/10740, time remaining: 2m 21s
Rendered 8031/10740, time remaining: 2m 20s
Rendered 8032/10740, time remaining: 2m 20s
Rendered 8033/10740, time remaining: 2m 20s
Rendered 8034/10740, time remaining: 2m 21s
Rendered 8035/10740, time remaining: 2m 20s
Rendered 8036/10740, time remaining: 2m 20s
Rendered 8037/10740, time remaining: 2m 20s
Rendered 8038/10740, time remaining: 2m 20s
Rendered 8039/10740, time remaining: 2m 20s
Rendered 8040/10740, time remaining: 2m 20s
Rendered 8041/10740, time remaining: 2m 19s
Rendered 8042/10740, time remaining: 2m 20s
Rendered 8043/10740, time remaining: 2m 20s
Rendered 8044/10740, time remaining: 2m 19s
Rendered 8045/10740, time remaining: 2m 19s
Rendered 8046/10740, time remaining: 2m 20s
Rendered 8047/10740, time remaining: 2m 19s
Rendered 8048/10740, time remaining: 2m 19s
Rendered 8049/10740, time remaining: 2m 19s
Rendered 8050/10740, time remaining: 2m 19s
Rendered 8051/10740, time remaining: 2m 19s
Rendered 8052/10740, time remaining: 2m 19s
Rendered 8053/10740, time remaining: 2m 19s
Rendered 8054/10740, time remaining: 2m 20s
Rendered 8055/10740, time remaining: 2m 19s
Rendered 8056/10740, time remaining: 2m 19s
Rendered 8057/10740, time remaining: 2m 19s
Rendered 8058/10740, time remaining: 2m 20s
Rendered 8059/10740, time remaining: 2m 19s
Rendered 8060/10740, time remaining: 2m 19s
Rendered 8061/10740, time remaining: 2m 18s
Rendered 8062/10740, time remaining: 2m 19s
Rendered 8063/10740, time remaining: 2m 19s
Rendered 8064/10740, time remaining: 2m 19s
Rendered 8065/10740, time remaining: 2m 19s
Rendered 8066/10740, time remaining: 2m 20s
Rendered 8067/10740, time remaining: 2m 19s
Rendered 8068/10740, time remaining: 2m 18s
Rendered 8069/10740, time remaining: 2m 18s
Rendered 8070/10740, time remaining: 2m 19s
Rendered 8071/10740, time remaining: 2m 19s
Rendered 8072/10740, time remaining: 2m 19s
Rendered 8073/10740, time remaining: 2m 19s
Rendered 8074/10740, time remaining: 2m 19s
Rendered 8075/10740, time remaining: 2m 18s
Rendered 8076/10740, time remaining: 2m 18s
Rendered 8077/10740, time remaining: 2m 17s
Rendered 8078/10740, time remaining: 2m 18s
Rendered 8079/10740, time remaining: 2m 18s
Rendered 8080/10740, time remaining: 2m 19s
Rendered 8081/10740, time remaining: 2m 18s
Rendered 8082/10740, time remaining: 2m 19s
Rendered 8083/10740, time remaining: 2m 19s
Rendered 8084/10740, time remaining: 2m 19s
Rendered 8085/10740, time remaining: 2m 19s
Rendered 8086/10740, time remaining: 2m 19s
Rendered 8087/10740, time remaining: 2m 18s
Rendered 8088/10740, time remaining: 2m 18s
Rendered 8089/10740, time remaining: 2m 19s
Rendered 8090/10740, time remaining: 2m 19s
Rendered 8091/10740, time remaining: 2m 19s
Rendered 8092/10740, time remaining: 2m 18s
Rendered 8093/10740, time remaining: 2m 18s
Rendered 8094/10740, time remaining: 2m 18s
Rendered 8095/10740, time remaining: 2m 18s
Rendered 8096/10740, time remaining: 2m 18s
Rendered 8097/10740, time remaining: 2m 18s
Rendered 8098/10740, time remaining: 2m 17s
Rendered 8099/10740, time remaining: 2m 17s
Rendered 8100/10740, time remaining: 2m 17s
Rendered 8101/10740, time remaining: 2m 17s
Rendered 8102/10740, time remaining: 2m 18s
Rendered 8103/10740, time remaining: 2m 17s
Rendered 8104/10740, time remaining: 2m 17s
Rendered 8105/10740, time remaining: 2m 18s
Rendered 8106/10740, time remaining: 2m 18s
Rendered 8107/10740, time remaining: 2m 18s
Rendered 8108/10740, time remaining: 2m 18s
Rendered 8109/10740, time remaining: 2m 18s
Rendered 8110/10740, time remaining: 2m 17s
Rendered 8111/10740, time remaining: 2m 17s
Rendered 8112/10740, time remaining: 2m 17s
Rendered 8113/10740, time remaining: 2m 17s
Rendered 8114/10740, time remaining: 2m 17s
Rendered 8115/10740, time remaining: 2m 17s
Rendered 8116/10740, time remaining: 2m 17s
Rendered 8117/10740, time remaining: 2m 17s
Rendered 8118/10740, time remaining: 2m 16s
Rendered 8119/10740, time remaining: 2m 16s
Rendered 8120/10740, time remaining: 2m 16s
Rendered 8121/10740, time remaining: 2m 16s
Rendered 8122/10740, time remaining: 2m 16s
Rendered 8123/10740, time remaining: 2m 16s
Rendered 8124/10740, time remaining: 2m 16s
Rendered 8125/10740, time remaining: 2m 16s
Rendered 8126/10740, time remaining: 2m 17s
Rendered 8127/10740, time remaining: 2m 17s
Rendered 8128/10740, time remaining: 2m 17s
Rendered 8129/10740, time remaining: 2m 17s
Rendered 8130/10740, time remaining: 2m 17s
Rendered 8131/10740, time remaining: 2m 17s
Rendered 8132/10740, time remaining: 2m 18s
Rendered 8133/10740, time remaining: 2m 17s
Rendered 8134/10740, time remaining: 2m 17s
Rendered 8135/10740, time remaining: 2m 17s
Rendered 8136/10740, time remaining: 2m 17s
Rendered 8137/10740, time remaining: 2m 16s
Rendered 8138/10740, time remaining: 2m 16s
Rendered 8139/10740, time remaining: 2m 16s
Rendered 8140/10740, time remaining: 2m 17s
Rendered 8141/10740, time remaining: 2m 16s
Rendered 8142/10740, time remaining: 2m 17s
Rendered 8143/10740, time remaining: 2m 17s
Rendered 8144/10740, time remaining: 2m 17s
Rendered 8145/10740, time remaining: 2m 16s
Rendered 8146/10740, time remaining: 2m 17s
Rendered 8147/10740, time remaining: 2m 17s
Rendered 8148/10740, time remaining: 2m 17s
Rendered 8149/10740, time remaining: 2m 16s
Rendered 8150/10740, time remaining: 2m 16s
Rendered 8151/10740, time remaining: 2m 16s
Rendered 8152/10740, time remaining: 2m 16s
Rendered 8153/10740, time remaining: 2m 16s
Rendered 8154/10740, time remaining: 2m 16s
Rendered 8155/10740, time remaining: 2m 16s
Rendered 8156/10740, time remaining: 2m 16s
Rendered 8157/10740, time remaining: 2m 15s
Rendered 8158/10740, time remaining: 2m 16s
Rendered 8159/10740, time remaining: 2m 16s
Rendered 8160/10740, time remaining: 2m 17s
Rendered 8161/10740, time remaining: 2m 16s
Rendered 8162/10740, time remaining: 2m 16s
Rendered 8163/10740, time remaining: 2m 16s
Rendered 8164/10740, time remaining: 2m 16s
Rendered 8165/10740, time remaining: 2m 16s
Rendered 8166/10740, time remaining: 2m 15s
Rendered 8167/10740, time remaining: 2m 15s
Rendered 8168/10740, time remaining: 2m 15s
Rendered 8169/10740, time remaining: 2m 15s
Rendered 8170/10740, time remaining: 2m 14s
Rendered 8171/10740, time remaining: 2m 14s
Rendered 8172/10740, time remaining: 2m 14s
Rendered 8173/10740, time remaining: 2m 14s
Rendered 8174/10740, time remaining: 2m 14s
Rendered 8175/10740, time remaining: 2m 14s
Rendered 8176/10740, time remaining: 2m 14s
Rendered 8177/10740, time remaining: 2m 15s
Rendered 8178/10740, time remaining: 2m 13s
Rendered 8179/10740, time remaining: 2m 13s
Rendered 8180/10740, time remaining: 2m 13s
Rendered 8181/10740, time remaining: 2m 14s
Rendered 8182/10740, time remaining: 2m 13s
Rendered 8183/10740, time remaining: 2m 12s
Rendered 8184/10740, time remaining: 2m 12s
Rendered 8185/10740, time remaining: 2m 13s
Rendered 8186/10740, time remaining: 2m 13s
Rendered 8187/10740, time remaining: 2m 13s
Rendered 8188/10740, time remaining: 2m 12s
Rendered 8189/10740, time remaining: 2m 13s
Rendered 8190/10740, time remaining: 2m 13s
Rendered 8191/10740, time remaining: 2m 13s
Rendered 8192/10740, time remaining: 2m 13s
Rendered 8193/10740, time remaining: 2m 13s
Rendered 8194/10740, time remaining: 2m 13s
Rendered 8195/10740, time remaining: 2m 12s
Rendered 8196/10740, time remaining: 2m 12s
Rendered 8197/10740, time remaining: 2m 13s
Rendered 8198/10740, time remaining: 2m 13s
Rendered 8199/10740, time remaining: 2m 12s
Rendered 8200/10740, time remaining: 2m 13s
Rendered 8201/10740, time remaining: 2m 13s
Rendered 8202/10740, time remaining: 2m 12s
Rendered 8203/10740, time remaining: 2m 12s
Rendered 8204/10740, time remaining: 2m 11s
Rendered 8205/10740, time remaining: 2m 12s
Rendered 8206/10740, time remaining: 2m 12s
Rendered 8207/10740, time remaining: 2m 12s
Rendered 8208/10740, time remaining: 2m 11s
Rendered 8209/10740, time remaining: 2m 12s
Rendered 8210/10740, time remaining: 2m 12s
Rendered 8211/10740, time remaining: 2m 12s
Rendered 8212/10740, time remaining: 2m 12s
Rendered 8213/10740, time remaining: 2m 12s
Rendered 8214/10740, time remaining: 2m 12s
Rendered 8215/10740, time remaining: 2m 11s
Rendered 8216/10740, time remaining: 2m 11s
Rendered 8217/10740, time remaining: 2m 12s
Rendered 8218/10740, time remaining: 2m 11s
Rendered 8219/10740, time remaining: 2m 11s
Rendered 8220/10740, time remaining: 2m 11s
Rendered 8221/10740, time remaining: 2m 11s
Rendered 8222/10740, time remaining: 2m 11s
Rendered 8223/10740, time remaining: 2m 11s
Rendered 8224/10740, time remaining: 2m 11s
Rendered 8225/10740, time remaining: 2m 12s
Rendered 8226/10740, time remaining: 2m 11s
Rendered 8227/10740, time remaining: 2m 11s
Rendered 8228/10740, time remaining: 2m 11s
Rendered 8229/10740, time remaining: 2m 11s
Rendered 8230/10740, time remaining: 2m 10s
Rendered 8231/10740, time remaining: 2m 10s
Rendered 8232/10740, time remaining: 2m 10s
Rendered 8233/10740, time remaining: 2m 10s
Rendered 8234/10740, time remaining: 2m 9s
Rendered 8235/10740, time remaining: 2m 9s
Rendered 8236/10740, time remaining: 2m 10s
Rendered 8237/10740, time remaining: 2m 10s
Rendered 8238/10740, time remaining: 2m 9s
Rendered 8239/10740, time remaining: 2m 9s
Rendered 8240/10740, time remaining: 2m 10s
Rendered 8241/10740, time remaining: 2m 10s
Rendered 8242/10740, time remaining: 2m 9s
Rendered 8243/10740, time remaining: 2m 8s
Rendered 8244/10740, time remaining: 2m 9s
Rendered 8245/10740, time remaining: 2m 10s
Rendered 8246/10740, time remaining: 2m 9s
Rendered 8247/10740, time remaining: 2m 8s
Rendered 8248/10740, time remaining: 2m 9s
Rendered 8249/10740, time remaining: 2m 9s
Rendered 8250/10740, time remaining: 2m 10s
Rendered 8251/10740, time remaining: 2m 9s
Rendered 8252/10740, time remaining: 2m 9s
Rendered 8253/10740, time remaining: 2m 10s
Rendered 8254/10740, time remaining: 2m 9s
Rendered 8255/10740, time remaining: 2m 8s
Rendered 8256/10740, time remaining: 2m 8s
Rendered 8257/10740, time remaining: 2m 8s
Rendered 8258/10740, time remaining: 2m 8s
Rendered 8259/10740, time remaining: 2m 8s
Rendered 8260/10740, time remaining: 2m 9s
Rendered 8261/10740, time remaining: 2m 9s
Rendered 8262/10740, time remaining: 2m 8s
Rendered 8263/10740, time remaining: 2m 8s
Rendered 8264/10740, time remaining: 2m 8s
Rendered 8265/10740, time remaining: 2m 8s
Rendered 8266/10740, time remaining: 2m 8s
Rendered 8267/10740, time remaining: 2m 8s
Rendered 8268/10740, time remaining: 2m 9s
Rendered 8269/10740, time remaining: 2m 9s
Rendered 8270/10740, time remaining: 2m 8s
Rendered 8271/10740, time remaining: 2m 8s
Rendered 8272/10740, time remaining: 2m 8s
Rendered 8273/10740, time remaining: 2m 8s
Rendered 8274/10740, time remaining: 2m 8s
Rendered 8275/10740, time remaining: 2m 8s
Rendered 8276/10740, time remaining: 2m 8s
Rendered 8277/10740, time remaining: 2m 8s
Rendered 8278/10740, time remaining: 2m 7s
Rendered 8279/10740, time remaining: 2m 7s
Rendered 8280/10740, time remaining: 2m 7s
Rendered 8281/10740, time remaining: 2m 7s
Rendered 8282/10740, time remaining: 2m 6s
Rendered 8283/10740, time remaining: 2m 6s
Rendered 8284/10740, time remaining: 2m 6s
Rendered 8285/10740, time remaining: 2m 7s
Rendered 8286/10740, time remaining: 2m 6s
Rendered 8287/10740, time remaining: 2m 7s
Rendered 8288/10740, time remaining: 2m 6s
Rendered 8289/10740, time remaining: 2m 7s
Rendered 8290/10740, time remaining: 2m 6s
Rendered 8291/10740, time remaining: 2m 6s
Rendered 8292/10740, time remaining: 2m 6s
Rendered 8293/10740, time remaining: 2m 6s
Rendered 8294/10740, time remaining: 2m 5s
Rendered 8295/10740, time remaining: 2m 6s
Rendered 8296/10740, time remaining: 2m 6s
Rendered 8297/10740, time remaining: 2m 6s
Rendered 8298/10740, time remaining: 2m 5s
Rendered 8299/10740, time remaining: 2m 6s
Rendered 8300/10740, time remaining: 2m 6s
Rendered 8301/10740, time remaining: 2m 6s
Rendered 8302/10740, time remaining: 2m 5s
Rendered 8303/10740, time remaining: 2m 6s
Rendered 8304/10740, time remaining: 2m 6s
Rendered 8305/10740, time remaining: 2m 6s
Rendered 8306/10740, time remaining: 2m 6s
Rendered 8307/10740, time remaining: 2m 5s
Rendered 8308/10740, time remaining: 2m 6s
Rendered 8309/10740, time remaining: 2m 6s
Rendered 8310/10740, time remaining: 2m 4s
Rendered 8311/10740, time remaining: 2m 5s
Rendered 8312/10740, time remaining: 2m 5s
Rendered 8313/10740, time remaining: 2m 5s
Rendered 8314/10740, time remaining: 2m 5s
Rendered 8315/10740, time remaining: 2m 5s
Rendered 8316/10740, time remaining: 2m 5s
Rendered 8317/10740, time remaining: 2m 5s
Rendered 8318/10740, time remaining: 2m 4s
Rendered 8319/10740, time remaining: 2m 5s
Rendered 8320/10740, time remaining: 2m 5s
Rendered 8321/10740, time remaining: 2m 5s
Rendered 8322/10740, time remaining: 2m 4s
Rendered 8323/10740, time remaining: 2m 4s
Rendered 8324/10740, time remaining: 2m 4s
Rendered 8325/10740, time remaining: 2m 4s
Rendered 8326/10740, time remaining: 2m 4s
Rendered 8327/10740, time remaining: 2m 4s
Rendered 8328/10740, time remaining: 2m 5s
Rendered 8329/10740, time remaining: 2m 5s
Rendered 8330/10740, time remaining: 2m 4s
Rendered 8331/10740, time remaining: 2m 4s
Rendered 8332/10740, time remaining: 2m 5s
Rendered 8333/10740, time remaining: 2m 5s
Rendered 8334/10740, time remaining: 2m 5s
Rendered 8335/10740, time remaining: 2m 5s
Rendered 8336/10740, time remaining: 2m 5s
Rendered 8337/10740, time remaining: 2m 5s
Rendered 8338/10740, time remaining: 2m 4s
Rendered 8339/10740, time remaining: 2m 4s
Rendered 8340/10740, time remaining: 2m 4s
Rendered 8341/10740, time remaining: 2m 4s
Rendered 8342/10740, time remaining: 2m 4s
Rendered 8343/10740, time remaining: 2m 3s
Rendered 8344/10740, time remaining: 2m 4s
Rendered 8345/10740, time remaining: 2m 4s
Rendered 8346/10740, time remaining: 2m 4s
Rendered 8347/10740, time remaining: 2m 4s
Rendered 8348/10740, time remaining: 2m 4s
Rendered 8349/10740, time remaining: 2m 4s
Rendered 8350/10740, time remaining: 2m 3s
Rendered 8351/10740, time remaining: 2m 3s
Rendered 8352/10740, time remaining: 2m 4s
Rendered 8353/10740, time remaining: 2m 4s
Rendered 8354/10740, time remaining: 2m 4s
Rendered 8355/10740, time remaining: 2m 4s
Rendered 8356/10740, time remaining: 2m 4s
Rendered 8357/10740, time remaining: 2m 4s
Rendered 8358/10740, time remaining: 2m 3s
Rendered 8359/10740, time remaining: 2m 3s
Rendered 8360/10740, time remaining: 2m 3s
Rendered 8361/10740, time remaining: 2m 3s
Rendered 8362/10740, time remaining: 2m 2s
Rendered 8363/10740, time remaining: 2m 2s
Rendered 8364/10740, time remaining: 2m 3s
Rendered 8365/10740, time remaining: 2m 4s
Rendered 8366/10740, time remaining: 2m 3s
Rendered 8367/10740, time remaining: 2m 3s
Rendered 8368/10740, time remaining: 2m 3s
Rendered 8369/10740, time remaining: 2m 4s
Rendered 8370/10740, time remaining: 2m 3s
Rendered 8371/10740, time remaining: 2m 3s
Rendered 8372/10740, time remaining: 2m 2s
Rendered 8373/10740, time remaining: 2m 2s
Rendered 8374/10740, time remaining: 2m 2s
Rendered 8375/10740, time remaining: 2m 2s
Rendered 8376/10740, time remaining: 2m 3s
Rendered 8377/10740, time remaining: 2m 3s
Rendered 8378/10740, time remaining: 2m 2s
Rendered 8379/10740, time remaining: 2m 2s
Rendered 8380/10740, time remaining: 2m 2s
Rendered 8381/10740, time remaining: 2m 2s
Rendered 8382/10740, time remaining: 2m 2s
Rendered 8383/10740, time remaining: 2m 1s
Rendered 8384/10740, time remaining: 2m 2s
Rendered 8385/10740, time remaining: 2m 2s
Rendered 8386/10740, time remaining: 2m 2s
Rendered 8387/10740, time remaining: 2m 2s
Rendered 8388/10740, time remaining: 2m 1s
Rendered 8389/10740, time remaining: 2m 1s
Rendered 8390/10740, time remaining: 2m 1s
Rendered 8391/10740, time remaining: 2m 1s
Rendered 8392/10740, time remaining: 2m 2s
Rendered 8393/10740, time remaining: 2m 2s
Rendered 8394/10740, time remaining: 2m 2s
Rendered 8395/10740, time remaining: 2m 2s
Rendered 8396/10740, time remaining: 2m 2s
Rendered 8397/10740, time remaining: 2m 2s
Rendered 8398/10740, time remaining: 2m 2s
Rendered 8399/10740, time remaining: 2m 2s
Rendered 8400/10740, time remaining: 2m 2s
Rendered 8401/10740, time remaining: 2m 1s
Rendered 8402/10740, time remaining: 2m 1s
Rendered 8403/10740, time remaining: 2m 1s
Rendered 8404/10740, time remaining: 2m 2s
Rendered 8405/10740, time remaining: 2m 2s
Rendered 8406/10740, time remaining: 2m 2s
Rendered 8407/10740, time remaining: 2m 2s
Rendered 8408/10740, time remaining: 2m 2s
Rendered 8409/10740, time remaining: 2m 1s
Rendered 8410/10740, time remaining: 2m 1s
Rendered 8411/10740, time remaining: 2m 1s
Rendered 8412/10740, time remaining: 2m 1s
Rendered 8413/10740, time remaining: 2m 1s
Rendered 8414/10740, time remaining: 2m 1s
Rendered 8415/10740, time remaining: 2m 1s
Rendered 8416/10740, time remaining: 2m 1s
Rendered 8417/10740, time remaining: 2m 1s
Rendered 8418/10740, time remaining: 2m 0s
Rendered 8419/10740, time remaining: 2m 0s
Rendered 8420/10740, time remaining: 2m 1s
Rendered 8421/10740, time remaining: 2m 0s
Rendered 8422/10740, time remaining: 2m 1s
Rendered 8423/10740, time remaining: 2m 0s
Rendered 8424/10740, time remaining: 2m 1s
Rendered 8425/10740, time remaining: 2m 0s
Rendered 8426/10740, time remaining: 2m 0s
Rendered 8427/10740, time remaining: 2m 0s
Rendered 8428/10740, time remaining: 2m 1s
Rendered 8429/10740, time remaining: 2m 0s
Rendered 8430/10740, time remaining: 2m 0s
Rendered 8431/10740, time remaining: 2m 0s
Rendered 8432/10740, time remaining: 2m 0s
Rendered 8433/10740, time remaining: 2m 0s
Rendered 8434/10740, time remaining: 2m 0s
Rendered 8435/10740, time remaining: 2m 0s
Rendered 8436/10740, time remaining: 2m 1s
Rendered 8437/10740, time remaining: 2m 1s
Rendered 8438/10740, time remaining: 2m 1s
Rendered 8439/10740, time remaining: 2m 0s
Rendered 8440/10740, time remaining: 2m 0s
Rendered 8441/10740, time remaining: 2m 0s
Rendered 8442/10740, time remaining: 2m 0s
Rendered 8443/10740, time remaining: 2m 0s
Rendered 8444/10740, time remaining: 2m 0s
Rendered 8445/10740, time remaining: 2m 0s
Rendered 8446/10740, time remaining: 2m 0s
Rendered 8447/10740, time remaining: 2m 0s
Rendered 8448/10740, time remaining: 2m 0s
Rendered 8449/10740, time remaining: 2m 0s
Rendered 8450/10740, time remaining: 2m 0s
Rendered 8451/10740, time remaining: 2m 0s
Rendered 8452/10740, time remaining: 2m 0s
Rendered 8453/10740, time remaining: 1m 59s
Rendered 8454/10740, time remaining: 2m 0s
Rendered 8455/10740, time remaining: 2m 0s
Rendered 8456/10740, time remaining: 2m 0s
Rendered 8457/10740, time remaining: 1m 59s
Rendered 8458/10740, time remaining: 1m 59s
Rendered 8459/10740, time remaining: 1m 59s
Rendered 8460/10740, time remaining: 1m 59s
Rendered 8461/10740, time remaining: 1m 59s
Rendered 8462/10740, time remaining: 1m 59s
Rendered 8463/10740, time remaining: 1m 59s
Rendered 8464/10740, time remaining: 1m 59s
Rendered 8465/10740, time remaining: 1m 59s
Rendered 8466/10740, time remaining: 1m 59s
Rendered 8467/10740, time remaining: 1m 58s
Rendered 8468/10740, time remaining: 1m 59s
Rendered 8469/10740, time remaining: 1m 59s
Rendered 8470/10740, time remaining: 1m 58s
Rendered 8471/10740, time remaining: 1m 58s
Rendered 8472/10740, time remaining: 1m 58s
Rendered 8473/10740, time remaining: 1m 58s
Rendered 8474/10740, time remaining: 1m 58s
Rendered 8475/10740, time remaining: 1m 58s
Rendered 8476/10740, time remaining: 1m 58s
Rendered 8477/10740, time remaining: 1m 58s
Rendered 8478/10740, time remaining: 1m 58s
Rendered 8479/10740, time remaining: 1m 58s
Rendered 8480/10740, time remaining: 1m 58s
Rendered 8481/10740, time remaining: 1m 58s
Rendered 8482/10740, time remaining: 1m 58s
Rendered 8483/10740, time remaining: 1m 58s
Rendered 8484/10740, time remaining: 1m 58s
Rendered 8485/10740, time remaining: 1m 58s
Rendered 8486/10740, time remaining: 1m 57s
Rendered 8487/10740, time remaining: 1m 57s
Rendered 8488/10740, time remaining: 1m 58s
Rendered 8489/10740, time remaining: 1m 57s
Rendered 8490/10740, time remaining: 1m 57s
Rendered 8491/10740, time remaining: 1m 57s
Rendered 8492/10740, time remaining: 1m 57s
Rendered 8493/10740, time remaining: 1m 56s
Rendered 8494/10740, time remaining: 1m 56s
Rendered 8495/10740, time remaining: 1m 56s
Rendered 8496/10740, time remaining: 1m 57s
Rendered 8497/10740, time remaining: 1m 56s
Rendered 8498/10740, time remaining: 1m 56s
Rendered 8499/10740, time remaining: 1m 56s
Rendered 8500/10740, time remaining: 1m 56s
Rendered 8501/10740, time remaining: 1m 56s
Rendered 8502/10740, time remaining: 1m 56s
Rendered 8503/10740, time remaining: 1m 55s
Rendered 8504/10740, time remaining: 1m 56s
Rendered 8505/10740, time remaining: 1m 56s
Rendered 8506/10740, time remaining: 1m 56s
Rendered 8507/10740, time remaining: 1m 56s
Rendered 8508/10740, time remaining: 1m 57s
Rendered 8509/10740, time remaining: 1m 55s
Rendered 8510/10740, time remaining: 1m 55s
Rendered 8511/10740, time remaining: 1m 55s
Rendered 8512/10740, time remaining: 1m 56s
Rendered 8513/10740, time remaining: 1m 55s
Rendered 8514/10740, time remaining: 1m 55s
Rendered 8515/10740, time remaining: 1m 54s
Rendered 8516/10740, time remaining: 1m 55s
Rendered 8517/10740, time remaining: 1m 55s
Rendered 8518/10740, time remaining: 1m 55s
Rendered 8519/10740, time remaining: 1m 54s
Rendered 8520/10740, time remaining: 1m 55s
Rendered 8521/10740, time remaining: 1m 55s
Rendered 8522/10740, time remaining: 1m 55s
Rendered 8523/10740, time remaining: 1m 55s
Rendered 8524/10740, time remaining: 1m 55s
Rendered 8525/10740, time remaining: 1m 55s
Rendered 8526/10740, time remaining: 1m 55s
Rendered 8527/10740, time remaining: 1m 55s
Rendered 8528/10740, time remaining: 1m 55s
Rendered 8529/10740, time remaining: 1m 54s
Rendered 8530/10740, time remaining: 1m 54s
Rendered 8531/10740, time remaining: 1m 54s
Rendered 8532/10740, time remaining: 1m 54s
Rendered 8533/10740, time remaining: 1m 54s
Rendered 8534/10740, time remaining: 1m 53s
Rendered 8535/10740, time remaining: 1m 53s
Rendered 8536/10740, time remaining: 1m 53s
Rendered 8537/10740, time remaining: 1m 54s
Rendered 8538/10740, time remaining: 1m 53s
Rendered 8539/10740, time remaining: 1m 53s
Rendered 8540/10740, time remaining: 1m 53s
Rendered 8541/10740, time remaining: 1m 53s
Rendered 8542/10740, time remaining: 1m 53s
Rendered 8543/10740, time remaining: 1m 53s
Rendered 8544/10740, time remaining: 1m 53s
Rendered 8545/10740, time remaining: 1m 53s
Rendered 8546/10740, time remaining: 1m 52s
Rendered 8547/10740, time remaining: 1m 52s
Rendered 8548/10740, time remaining: 1m 53s
Rendered 8549/10740, time remaining: 1m 52s
Rendered 8550/10740, time remaining: 1m 52s
Rendered 8551/10740, time remaining: 1m 52s
Rendered 8552/10740, time remaining: 1m 52s
Rendered 8553/10740, time remaining: 1m 52s
Rendered 8554/10740, time remaining: 1m 51s
Rendered 8555/10740, time remaining: 1m 51s
Rendered 8556/10740, time remaining: 1m 51s
Rendered 8557/10740, time remaining: 1m 51s
Rendered 8558/10740, time remaining: 1m 51s
Rendered 8559/10740, time remaining: 1m 52s
Rendered 8560/10740, time remaining: 1m 52s
Rendered 8561/10740, time remaining: 1m 52s
Rendered 8562/10740, time remaining: 1m 51s
Rendered 8563/10740, time remaining: 1m 51s
Rendered 8564/10740, time remaining: 1m 51s
Rendered 8565/10740, time remaining: 1m 51s
Rendered 8566/10740, time remaining: 1m 51s
Rendered 8567/10740, time remaining: 1m 51s
Rendered 8568/10740, time remaining: 1m 51s
Rendered 8569/10740, time remaining: 1m 51s
Rendered 8570/10740, time remaining: 1m 51s
Rendered 8571/10740, time remaining: 1m 51s
Rendered 8572/10740, time remaining: 1m 51s
Rendered 8573/10740, time remaining: 1m 51s
Rendered 8574/10740, time remaining: 1m 51s
Rendered 8575/10740, time remaining: 1m 51s
Rendered 8576/10740, time remaining: 1m 51s
Rendered 8577/10740, time remaining: 1m 51s
Rendered 8578/10740, time remaining: 1m 50s
Rendered 8579/10740, time remaining: 1m 51s
Rendered 8580/10740, time remaining: 1m 51s
Rendered 8581/10740, time remaining: 1m 51s
Rendered 8582/10740, time remaining: 1m 51s
Rendered 8583/10740, time remaining: 1m 50s
Rendered 8584/10740, time remaining: 1m 51s
Rendered 8585/10740, time remaining: 1m 50s
Rendered 8586/10740, time remaining: 1m 49s
Rendered 8587/10740, time remaining: 1m 49s
Rendered 8588/10740, time remaining: 1m 49s
Rendered 8589/10740, time remaining: 1m 49s
Rendered 8590/10740, time remaining: 1m 50s
Rendered 8591/10740, time remaining: 1m 49s
Rendered 8592/10740, time remaining: 1m 49s
Rendered 8593/10740, time remaining: 1m 50s
Rendered 8594/10740, time remaining: 1m 49s
Rendered 8595/10740, time remaining: 1m 49s
Rendered 8596/10740, time remaining: 1m 49s
Rendered 8597/10740, time remaining: 1m 49s
Rendered 8598/10740, time remaining: 1m 49s
Rendered 8599/10740, time remaining: 1m 49s
Rendered 8600/10740, time remaining: 1m 49s
Rendered 8601/10740, time remaining: 1m 49s
Rendered 8602/10740, time remaining: 1m 49s
Rendered 8603/10740, time remaining: 1m 49s
Rendered 8604/10740, time remaining: 1m 49s
Rendered 8605/10740, time remaining: 1m 49s
Rendered 8606/10740, time remaining: 1m 48s
Rendered 8607/10740, time remaining: 1m 48s
Rendered 8608/10740, time remaining: 1m 48s
Rendered 8609/10740, time remaining: 1m 48s
Rendered 8610/10740, time remaining: 1m 48s
Rendered 8611/10740, time remaining: 1m 48s
Rendered 8612/10740, time remaining: 1m 48s
Rendered 8613/10740, time remaining: 1m 49s
Rendered 8614/10740, time remaining: 1m 48s
Rendered 8615/10740, time remaining: 1m 48s
Rendered 8616/10740, time remaining: 1m 48s
Rendered 8617/10740, time remaining: 1m 49s
Rendered 8618/10740, time remaining: 1m 48s
Rendered 8619/10740, time remaining: 1m 48s
Rendered 8620/10740, time remaining: 1m 48s
Rendered 8621/10740, time remaining: 1m 49s
Rendered 8622/10740, time remaining: 1m 48s
Rendered 8623/10740, time remaining: 1m 48s
Rendered 8624/10740, time remaining: 1m 48s
Rendered 8625/10740, time remaining: 1m 48s
Rendered 8626/10740, time remaining: 1m 48s
Rendered 8627/10740, time remaining: 1m 48s
Rendered 8628/10740, time remaining: 1m 48s
Rendered 8629/10740, time remaining: 1m 48s
Rendered 8630/10740, time remaining: 1m 47s
Rendered 8631/10740, time remaining: 1m 47s
Rendered 8632/10740, time remaining: 1m 47s
Rendered 8633/10740, time remaining: 1m 47s
Rendered 8634/10740, time remaining: 1m 47s
Rendered 8635/10740, time remaining: 1m 47s
Rendered 8636/10740, time remaining: 1m 47s
Rendered 8637/10740, time remaining: 1m 47s
Rendered 8638/10740, time remaining: 1m 47s
Rendered 8639/10740, time remaining: 1m 47s
Rendered 8640/10740, time remaining: 1m 47s
Rendered 8641/10740, time remaining: 1m 48s
Rendered 8642/10740, time remaining: 1m 47s
Rendered 8643/10740, time remaining: 1m 48s
Rendered 8644/10740, time remaining: 1m 48s
Rendered 8645/10740, time remaining: 1m 48s
Rendered 8646/10740, time remaining: 1m 47s
Rendered 8647/10740, time remaining: 1m 47s
Rendered 8648/10740, time remaining: 1m 47s
Rendered 8649/10740, time remaining: 1m 47s
Rendered 8650/10740, time remaining: 1m 47s
Rendered 8651/10740, time remaining: 1m 47s
Rendered 8652/10740, time remaining: 1m 47s
Rendered 8653/10740, time remaining: 1m 47s
Rendered 8654/10740, time remaining: 1m 47s
Rendered 8655/10740, time remaining: 1m 47s
Rendered 8656/10740, time remaining: 1m 47s
Rendered 8657/10740, time remaining: 1m 47s
Rendered 8658/10740, time remaining: 1m 46s
Rendered 8659/10740, time remaining: 1m 47s
Rendered 8660/10740, time remaining: 1m 47s
Rendered 8661/10740, time remaining: 1m 47s
Rendered 8662/10740, time remaining: 1m 46s
Rendered 8663/10740, time remaining: 1m 47s
Rendered 8664/10740, time remaining: 1m 46s
Rendered 8665/10740, time remaining: 1m 47s
Rendered 8666/10740, time remaining: 1m 46s
Rendered 8667/10740, time remaining: 1m 46s
Rendered 8668/10740, time remaining: 1m 46s
Rendered 8669/10740, time remaining: 1m 46s
Rendered 8670/10740, time remaining: 1m 46s
Rendered 8671/10740, time remaining: 1m 46s
Rendered 8672/10740, time remaining: 1m 46s
Rendered 8673/10740, time remaining: 1m 46s
Rendered 8674/10740, time remaining: 1m 45s
Rendered 8675/10740, time remaining: 1m 45s
Rendered 8676/10740, time remaining: 1m 45s
Rendered 8677/10740, time remaining: 1m 45s
Rendered 8678/10740, time remaining: 1m 45s
Rendered 8679/10740, time remaining: 1m 45s
Rendered 8680/10740, time remaining: 1m 46s
Rendered 8681/10740, time remaining: 1m 46s
Rendered 8682/10740, time remaining: 1m 45s
Rendered 8683/10740, time remaining: 1m 45s
Rendered 8684/10740, time remaining: 1m 46s
Rendered 8685/10740, time remaining: 1m 46s
Rendered 8686/10740, time remaining: 1m 46s
Rendered 8687/10740, time remaining: 1m 45s
Rendered 8688/10740, time remaining: 1m 46s
Rendered 8689/10740, time remaining: 1m 46s
Rendered 8690/10740, time remaining: 1m 46s
Rendered 8691/10740, time remaining: 1m 45s
Rendered 8692/10740, time remaining: 1m 45s
Rendered 8693/10740, time remaining: 1m 46s
Rendered 8694/10740, time remaining: 1m 45s
Rendered 8695/10740, time remaining: 1m 45s
Rendered 8696/10740, time remaining: 1m 45s
Rendered 8697/10740, time remaining: 1m 45s
Rendered 8698/10740, time remaining: 1m 45s
Rendered 8699/10740, time remaining: 1m 45s
Rendered 8700/10740, time remaining: 1m 45s
Rendered 8701/10740, time remaining: 1m 46s
Rendered 8702/10740, time remaining: 1m 45s
Rendered 8703/10740, time remaining: 1m 45s
Rendered 8704/10740, time remaining: 1m 45s
Rendered 8705/10740, time remaining: 1m 45s
Rendered 8706/10740, time remaining: 1m 45s
Rendered 8707/10740, time remaining: 1m 44s
Rendered 8708/10740, time remaining: 1m 44s
Rendered 8709/10740, time remaining: 1m 45s
Rendered 8710/10740, time remaining: 1m 44s
Rendered 8711/10740, time remaining: 1m 44s
Rendered 8712/10740, time remaining: 1m 44s
Rendered 8713/10740, time remaining: 1m 44s
Rendered 8714/10740, time remaining: 1m 44s
Rendered 8715/10740, time remaining: 1m 44s
Rendered 8716/10740, time remaining: 1m 44s
Rendered 8717/10740, time remaining: 1m 44s
Rendered 8718/10740, time remaining: 1m 44s
Rendered 8719/10740, time remaining: 1m 44s
Rendered 8720/10740, time remaining: 1m 44s
Rendered 8721/10740, time remaining: 1m 44s
Rendered 8722/10740, time remaining: 1m 44s
Rendered 8723/10740, time remaining: 1m 44s
Rendered 8724/10740, time remaining: 1m 44s
Rendered 8725/10740, time remaining: 1m 44s
Rendered 8726/10740, time remaining: 1m 44s
Rendered 8727/10740, time remaining: 1m 44s
Rendered 8728/10740, time remaining: 1m 44s
Rendered 8729/10740, time remaining: 1m 44s
Rendered 8730/10740, time remaining: 1m 43s
Rendered 8731/10740, time remaining: 1m 43s
Rendered 8732/10740, time remaining: 1m 43s
Rendered 8733/10740, time remaining: 1m 43s
Rendered 8734/10740, time remaining: 1m 43s
Rendered 8735/10740, time remaining: 1m 43s
Rendered 8736/10740, time remaining: 1m 44s
Rendered 8737/10740, time remaining: 1m 43s
Rendered 8738/10740, time remaining: 1m 43s
Rendered 8739/10740, time remaining: 1m 43s
Rendered 8740/10740, time remaining: 1m 43s
Rendered 8741/10740, time remaining: 1m 43s
Rendered 8742/10740, time remaining: 1m 43s
Rendered 8743/10740, time remaining: 1m 43s
Rendered 8744/10740, time remaining: 1m 43s
Rendered 8745/10740, time remaining: 1m 43s
Rendered 8746/10740, time remaining: 1m 42s
Rendered 8747/10740, time remaining: 1m 42s
Rendered 8748/10740, time remaining: 1m 42s
Rendered 8749/10740, time remaining: 1m 43s
Rendered 8750/10740, time remaining: 1m 43s
Rendered 8751/10740, time remaining: 1m 42s
Rendered 8752/10740, time remaining: 1m 43s
Rendered 8753/10740, time remaining: 1m 43s
Rendered 8754/10740, time remaining: 1m 42s
Rendered 8755/10740, time remaining: 1m 42s
Rendered 8756/10740, time remaining: 1m 42s
Rendered 8757/10740, time remaining: 1m 42s
Rendered 8758/10740, time remaining: 1m 42s
Rendered 8759/10740, time remaining: 1m 42s
Rendered 8760/10740, time remaining: 1m 42s
Rendered 8761/10740, time remaining: 1m 42s
Rendered 8762/10740, time remaining: 1m 42s
Rendered 8763/10740, time remaining: 1m 41s
Rendered 8764/10740, time remaining: 1m 42s
Rendered 8765/10740, time remaining: 1m 42s
Rendered 8766/10740, time remaining: 1m 42s
Rendered 8767/10740, time remaining: 1m 41s
Rendered 8768/10740, time remaining: 1m 41s
Rendered 8769/10740, time remaining: 1m 41s
Rendered 8770/10740, time remaining: 1m 42s
Rendered 8771/10740, time remaining: 1m 41s
Rendered 8772/10740, time remaining: 1m 42s
Rendered 8773/10740, time remaining: 1m 42s
Rendered 8774/10740, time remaining: 1m 41s
Rendered 8775/10740, time remaining: 1m 41s
Rendered 8776/10740, time remaining: 1m 41s
Rendered 8777/10740, time remaining: 1m 41s
Rendered 8778/10740, time remaining: 1m 41s
Rendered 8779/10740, time remaining: 1m 41s
Rendered 8780/10740, time remaining: 1m 41s
Rendered 8781/10740, time remaining: 1m 41s
Rendered 8782/10740, time remaining: 1m 41s
Rendered 8783/10740, time remaining: 1m 40s
Rendered 8784/10740, time remaining: 1m 41s
Rendered 8785/10740, time remaining: 1m 41s
Rendered 8786/10740, time remaining: 1m 41s
Rendered 8787/10740, time remaining: 1m 40s
Rendered 8788/10740, time remaining: 1m 41s
Rendered 8789/10740, time remaining: 1m 41s
Rendered 8790/10740, time remaining: 1m 40s
Rendered 8791/10740, time remaining: 1m 40s
Rendered 8792/10740, time remaining: 1m 41s
Rendered 8793/10740, time remaining: 1m 41s
Rendered 8794/10740, time remaining: 1m 40s
Rendered 8795/10740, time remaining: 1m 40s
Rendered 8796/10740, time remaining: 1m 40s
Rendered 8797/10740, time remaining: 1m 41s
Rendered 8798/10740, time remaining: 1m 40s
Rendered 8799/10740, time remaining: 1m 40s
Rendered 8800/10740, time remaining: 1m 40s
Rendered 8801/10740, time remaining: 1m 40s
Rendered 8802/10740, time remaining: 1m 41s
Rendered 8803/10740, time remaining: 1m 40s
Rendered 8804/10740, time remaining: 1m 40s
Rendered 8805/10740, time remaining: 1m 40s
Rendered 8806/10740, time remaining: 1m 39s
Rendered 8807/10740, time remaining: 1m 39s
Rendered 8808/10740, time remaining: 1m 40s
Rendered 8809/10740, time remaining: 1m 40s
Rendered 8810/10740, time remaining: 1m 40s
Rendered 8811/10740, time remaining: 1m 39s
Rendered 8812/10740, time remaining: 1m 40s
Rendered 8813/10740, time remaining: 1m 40s
Rendered 8814/10740, time remaining: 1m 40s
Rendered 8815/10740, time remaining: 1m 39s
Rendered 8816/10740, time remaining: 1m 39s
Rendered 8817/10740, time remaining: 1m 39s
Rendered 8818/10740, time remaining: 1m 39s
Rendered 8819/10740, time remaining: 1m 39s
Rendered 8820/10740, time remaining: 1m 40s
Rendered 8821/10740, time remaining: 1m 40s
Rendered 8822/10740, time remaining: 1m 39s
Rendered 8823/10740, time remaining: 1m 39s
Rendered 8824/10740, time remaining: 1m 39s
Rendered 8825/10740, time remaining: 1m 39s
Rendered 8826/10740, time remaining: 1m 39s
Rendered 8827/10740, time remaining: 1m 39s
Rendered 8828/10740, time remaining: 1m 39s
Rendered 8829/10740, time remaining: 1m 39s
Rendered 8830/10740, time remaining: 1m 38s
Rendered 8831/10740, time remaining: 1m 39s
Rendered 8832/10740, time remaining: 1m 39s
Rendered 8833/10740, time remaining: 1m 39s
Rendered 8834/10740, time remaining: 1m 38s
Rendered 8835/10740, time remaining: 1m 38s
Rendered 8836/10740, time remaining: 1m 39s
Rendered 8837/10740, time remaining: 1m 39s
Rendered 8838/10740, time remaining: 1m 39s
Rendered 8839/10740, time remaining: 1m 38s
Rendered 8840/10740, time remaining: 1m 39s
Rendered 8841/10740, time remaining: 1m 39s
Rendered 8842/10740, time remaining: 1m 38s
Rendered 8843/10740, time remaining: 1m 38s
Rendered 8844/10740, time remaining: 1m 38s
Rendered 8845/10740, time remaining: 1m 38s
Rendered 8846/10740, time remaining: 1m 38s
Rendered 8847/10740, time remaining: 1m 38s
Rendered 8848/10740, time remaining: 1m 38s
Rendered 8849/10740, time remaining: 1m 38s
Rendered 8850/10740, time remaining: 1m 37s
Rendered 8851/10740, time remaining: 1m 37s
Rendered 8852/10740, time remaining: 1m 38s
Rendered 8853/10740, time remaining: 1m 38s
Rendered 8854/10740, time remaining: 1m 37s
Rendered 8855/10740, time remaining: 1m 37s
Rendered 8856/10740, time remaining: 1m 37s
Rendered 8857/10740, time remaining: 1m 38s
Rendered 8858/10740, time remaining: 1m 37s
Rendered 8859/10740, time remaining: 1m 37s
Rendered 8860/10740, time remaining: 1m 38s
Rendered 8861/10740, time remaining: 1m 38s
Rendered 8862/10740, time remaining: 1m 37s
Rendered 8863/10740, time remaining: 1m 37s
Rendered 8864/10740, time remaining: 1m 37s
Rendered 8865/10740, time remaining: 1m 37s
Rendered 8866/10740, time remaining: 1m 37s
Rendered 8867/10740, time remaining: 1m 37s
Rendered 8868/10740, time remaining: 1m 37s
Rendered 8869/10740, time remaining: 1m 37s
Rendered 8870/10740, time remaining: 1m 37s
Rendered 8871/10740, time remaining: 1m 37s
Rendered 8872/10740, time remaining: 1m 37s
Rendered 8873/10740, time remaining: 1m 37s
Rendered 8874/10740, time remaining: 1m 36s
Rendered 8875/10740, time remaining: 1m 36s
Rendered 8876/10740, time remaining: 1m 36s
Rendered 8877/10740, time remaining: 1m 36s
Rendered 8878/10740, time remaining: 1m 36s
Rendered 8879/10740, time remaining: 1m 36s
Rendered 8880/10740, time remaining: 1m 36s
Rendered 8881/10740, time remaining: 1m 36s
Rendered 8882/10740, time remaining: 1m 36s
Rendered 8883/10740, time remaining: 1m 36s
Rendered 8884/10740, time remaining: 1m 36s
Rendered 8885/10740, time remaining: 1m 36s
Rendered 8886/10740, time remaining: 1m 35s
Rendered 8887/10740, time remaining: 1m 35s
Rendered 8888/10740, time remaining: 1m 36s
Rendered 8889/10740, time remaining: 1m 36s
Rendered 8890/10740, time remaining: 1m 36s
Rendered 8891/10740, time remaining: 1m 36s
Rendered 8892/10740, time remaining: 1m 36s
Rendered 8893/10740, time remaining: 1m 36s
Rendered 8894/10740, time remaining: 1m 35s
Rendered 8895/10740, time remaining: 1m 35s
Rendered 8896/10740, time remaining: 1m 35s
Rendered 8897/10740, time remaining: 1m 36s
Rendered 8898/10740, time remaining: 1m 35s
Rendered 8899/10740, time remaining: 1m 35s
Rendered 8900/10740, time remaining: 1m 35s
Rendered 8901/10740, time remaining: 1m 35s
Rendered 8902/10740, time remaining: 1m 34s
Rendered 8903/10740, time remaining: 1m 34s
Rendered 8904/10740, time remaining: 1m 35s
Rendered 8905/10740, time remaining: 1m 35s
Rendered 8906/10740, time remaining: 1m 35s
Rendered 8907/10740, time remaining: 1m 35s
Rendered 8908/10740, time remaining: 1m 35s
Rendered 8909/10740, time remaining: 1m 35s
Rendered 8910/10740, time remaining: 1m 34s
Rendered 8911/10740, time remaining: 1m 34s
Rendered 8912/10740, time remaining: 1m 35s
Rendered 8913/10740, time remaining: 1m 35s
Rendered 8914/10740, time remaining: 1m 34s
Rendered 8915/10740, time remaining: 1m 34s
Rendered 8916/10740, time remaining: 1m 34s
Rendered 8917/10740, time remaining: 1m 35s
Rendered 8918/10740, time remaining: 1m 34s
Rendered 8919/10740, time remaining: 1m 34s
Rendered 8920/10740, time remaining: 1m 34s
Rendered 8921/10740, time remaining: 1m 34s
Rendered 8922/10740, time remaining: 1m 34s
Rendered 8923/10740, time remaining: 1m 33s
Rendered 8924/10740, time remaining: 1m 34s
Rendered 8925/10740, time remaining: 1m 34s
Rendered 8926/10740, time remaining: 1m 34s
Rendered 8927/10740, time remaining: 1m 34s
Rendered 8928/10740, time remaining: 1m 34s
Rendered 8929/10740, time remaining: 1m 34s
Rendered 8930/10740, time remaining: 1m 34s
Rendered 8931/10740, time remaining: 1m 33s
Rendered 8932/10740, time remaining: 1m 34s
Rendered 8933/10740, time remaining: 1m 34s
Rendered 8934/10740, time remaining: 1m 33s
Rendered 8935/10740, time remaining: 1m 33s
Rendered 8936/10740, time remaining: 1m 33s
Rendered 8937/10740, time remaining: 1m 33s
Rendered 8938/10740, time remaining: 1m 33s
Rendered 8939/10740, time remaining: 1m 33s
Rendered 8940/10740, time remaining: 1m 33s
Rendered 8941/10740, time remaining: 1m 33s
Rendered 8942/10740, time remaining: 1m 33s
Rendered 8943/10740, time remaining: 1m 33s
Rendered 8944/10740, time remaining: 1m 33s
Rendered 8945/10740, time remaining: 1m 33s
Rendered 8946/10740, time remaining: 1m 33s
Rendered 8947/10740, time remaining: 1m 32s
Rendered 8948/10740, time remaining: 1m 33s
Rendered 8949/10740, time remaining: 1m 33s
Rendered 8950/10740, time remaining: 1m 32s
Rendered 8951/10740, time remaining: 1m 32s
Rendered 8952/10740, time remaining: 1m 32s
Rendered 8953/10740, time remaining: 1m 32s
Rendered 8954/10740, time remaining: 1m 32s
Rendered 8955/10740, time remaining: 1m 32s
Rendered 8956/10740, time remaining: 1m 32s
Rendered 8957/10740, time remaining: 1m 32s
Rendered 8958/10740, time remaining: 1m 32s
Rendered 8959/10740, time remaining: 1m 32s
Rendered 8960/10740, time remaining: 1m 32s
Rendered 8961/10740, time remaining: 1m 32s
Rendered 8962/10740, time remaining: 1m 31s
Rendered 8963/10740, time remaining: 1m 31s
Rendered 8964/10740, time remaining: 1m 32s
Rendered 8965/10740, time remaining: 1m 32s
Rendered 8966/10740, time remaining: 1m 32s
Rendered 8967/10740, time remaining: 1m 32s
Rendered 8968/10740, time remaining: 1m 32s
Rendered 8969/10740, time remaining: 1m 32s
Rendered 8970/10740, time remaining: 1m 31s
Rendered 8971/10740, time remaining: 1m 31s
Rendered 8972/10740, time remaining: 1m 31s
Rendered 8973/10740, time remaining: 1m 31s
Rendered 8974/10740, time remaining: 1m 31s
Rendered 8975/10740, time remaining: 1m 31s
Rendered 8976/10740, time remaining: 1m 31s
Rendered 8977/10740, time remaining: 1m 32s
Rendered 8978/10740, time remaining: 1m 31s
Rendered 8979/10740, time remaining: 1m 31s
Rendered 8980/10740, time remaining: 1m 31s
Rendered 8981/10740, time remaining: 1m 31s
Rendered 8982/10740, time remaining: 1m 31s
Rendered 8983/10740, time remaining: 1m 31s
Rendered 8984/10740, time remaining: 1m 31s
Rendered 8985/10740, time remaining: 1m 31s
Rendered 8986/10740, time remaining: 1m 31s
Rendered 8987/10740, time remaining: 1m 30s
Rendered 8988/10740, time remaining: 1m 31s
Rendered 8989/10740, time remaining: 1m 31s
Rendered 8990/10740, time remaining: 1m 30s
Rendered 8991/10740, time remaining: 1m 30s
Rendered 8992/10740, time remaining: 1m 30s
Rendered 8993/10740, time remaining: 1m 30s
Rendered 8994/10740, time remaining: 1m 30s
Rendered 8995/10740, time remaining: 1m 30s
Rendered 8996/10740, time remaining: 1m 30s
Rendered 8997/10740, time remaining: 1m 30s
Rendered 8998/10740, time remaining: 1m 30s
Rendered 8999/10740, time remaining: 1m 30s
Rendered 9000/10740, time remaining: 1m 30s
Rendered 9001/10740, time remaining: 1m 30s
Rendered 9002/10740, time remaining: 1m 30s
Rendered 9003/10740, time remaining: 1m 30s
Rendered 9004/10740, time remaining: 1m 30s
Rendered 9005/10740, time remaining: 1m 30s
Rendered 9006/10740, time remaining: 1m 30s
Rendered 9007/10740, time remaining: 1m 30s
Rendered 9008/10740, time remaining: 1m 30s
Rendered 9009/10740, time remaining: 1m 30s
Rendered 9010/10740, time remaining: 1m 29s
Rendered 9011/10740, time remaining: 1m 29s
Rendered 9012/10740, time remaining: 1m 30s
Rendered 9013/10740, time remaining: 1m 30s
Rendered 9014/10740, time remaining: 1m 29s
Rendered 9015/10740, time remaining: 1m 29s
Rendered 9016/10740, time remaining: 1m 29s
Rendered 9017/10740, time remaining: 1m 29s
Rendered 9018/10740, time remaining: 1m 29s
Rendered 9019/10740, time remaining: 1m 29s
Rendered 9020/10740, time remaining: 1m 29s
Rendered 9021/10740, time remaining: 1m 29s
Rendered 9022/10740, time remaining: 1m 28s
Rendered 9023/10740, time remaining: 1m 28s
Rendered 9024/10740, time remaining: 1m 29s
Rendered 9025/10740, time remaining: 1m 29s
Rendered 9026/10740, time remaining: 1m 29s
Rendered 9027/10740, time remaining: 1m 29s
Rendered 9028/10740, time remaining: 1m 29s
Rendered 9029/10740, time remaining: 1m 29s
Rendered 9030/10740, time remaining: 1m 28s
Rendered 9031/10740, time remaining: 1m 28s
Rendered 9032/10740, time remaining: 1m 28s
Rendered 9033/10740, time remaining: 1m 28s
Rendered 9034/10740, time remaining: 1m 28s
Rendered 9035/10740, time remaining: 1m 28s
Rendered 9036/10740, time remaining: 1m 28s
Rendered 9037/10740, time remaining: 1m 28s
Rendered 9038/10740, time remaining: 1m 28s
Rendered 9039/10740, time remaining: 1m 28s
Rendered 9040/10740, time remaining: 1m 28s
Rendered 9041/10740, time remaining: 1m 28s
Rendered 9042/10740, time remaining: 1m 27s
Rendered 9043/10740, time remaining: 1m 27s
Rendered 9044/10740, time remaining: 1m 28s
Rendered 9045/10740, time remaining: 1m 28s
Rendered 9046/10740, time remaining: 1m 28s
Rendered 9047/10740, time remaining: 1m 27s
Rendered 9048/10740, time remaining: 1m 27s
Rendered 9049/10740, time remaining: 1m 28s
Rendered 9050/10740, time remaining: 1m 27s
Rendered 9051/10740, time remaining: 1m 27s
Rendered 9052/10740, time remaining: 1m 27s
Rendered 9053/10740, time remaining: 1m 27s
Rendered 9054/10740, time remaining: 1m 27s
Rendered 9055/10740, time remaining: 1m 27s
Rendered 9056/10740, time remaining: 1m 27s
Rendered 9057/10740, time remaining: 1m 27s
Rendered 9058/10740, time remaining: 1m 26s
Rendered 9059/10740, time remaining: 1m 26s
Rendered 9060/10740, time remaining: 1m 27s
Rendered 9061/10740, time remaining: 1m 27s
Rendered 9062/10740, time remaining: 1m 27s
Rendered 9063/10740, time remaining: 1m 26s
Rendered 9064/10740, time remaining: 1m 27s
Rendered 9065/10740, time remaining: 1m 27s
Rendered 9066/10740, time remaining: 1m 26s
Rendered 9067/10740, time remaining: 1m 26s
Rendered 9068/10740, time remaining: 1m 26s
Rendered 9069/10740, time remaining: 1m 26s
Rendered 9070/10740, time remaining: 1m 26s
Rendered 9071/10740, time remaining: 1m 26s
Rendered 9072/10740, time remaining: 1m 26s
Rendered 9073/10740, time remaining: 1m 26s
Rendered 9074/10740, time remaining: 1m 26s
Rendered 9075/10740, time remaining: 1m 26s
Rendered 9076/10740, time remaining: 1m 26s
Rendered 9077/10740, time remaining: 1m 26s
Rendered 9078/10740, time remaining: 1m 26s
Rendered 9079/10740, time remaining: 1m 25s
Rendered 9080/10740, time remaining: 1m 26s
Rendered 9081/10740, time remaining: 1m 26s
Rendered 9082/10740, time remaining: 1m 25s
Rendered 9083/10740, time remaining: 1m 25s
Rendered 9084/10740, time remaining: 1m 25s
Rendered 9085/10740, time remaining: 1m 25s
Rendered 9086/10740, time remaining: 1m 25s
Rendered 9087/10740, time remaining: 1m 25s
Rendered 9088/10740, time remaining: 1m 25s
Rendered 9089/10740, time remaining: 1m 25s
Rendered 9090/10740, time remaining: 1m 25s
Rendered 9091/10740, time remaining: 1m 25s
Rendered 9092/10740, time remaining: 1m 25s
Rendered 9093/10740, time remaining: 1m 25s
Rendered 9094/10740, time remaining: 1m 25s
Rendered 9095/10740, time remaining: 1m 25s
Rendered 9096/10740, time remaining: 1m 25s
Rendered 9097/10740, time remaining: 1m 25s
Rendered 9098/10740, time remaining: 1m 24s
Rendered 9099/10740, time remaining: 1m 24s
Rendered 9100/10740, time remaining: 1m 25s
Rendered 9101/10740, time remaining: 1m 25s
Rendered 9102/10740, time remaining: 1m 24s
Rendered 9103/10740, time remaining: 1m 24s
Rendered 9104/10740, time remaining: 1m 25s
Rendered 9105/10740, time remaining: 1m 24s
Rendered 9106/10740, time remaining: 1m 24s
Rendered 9107/10740, time remaining: 1m 24s
Rendered 9108/10740, time remaining: 1m 24s
Rendered 9109/10740, time remaining: 1m 24s
Rendered 9110/10740, time remaining: 1m 24s
Rendered 9111/10740, time remaining: 1m 24s
Rendered 9112/10740, time remaining: 1m 24s
Rendered 9113/10740, time remaining: 1m 24s
Rendered 9114/10740, time remaining: 1m 24s
Rendered 9115/10740, time remaining: 1m 24s
Rendered 9116/10740, time remaining: 1m 24s
Rendered 9117/10740, time remaining: 1m 24s
Rendered 9118/10740, time remaining: 1m 23s
Rendered 9119/10740, time remaining: 1m 23s
Rendered 9120/10740, time remaining: 1m 24s
Rendered 9121/10740, time remaining: 1m 23s
Rendered 9122/10740, time remaining: 1m 23s
Rendered 9123/10740, time remaining: 1m 23s
Rendered 9124/10740, time remaining: 1m 23s
Rendered 9125/10740, time remaining: 1m 23s
Rendered 9126/10740, time remaining: 1m 23s
Rendered 9127/10740, time remaining: 1m 23s
Rendered 9128/10740, time remaining: 1m 23s
Rendered 9129/10740, time remaining: 1m 23s
Rendered 9130/10740, time remaining: 1m 23s
Rendered 9131/10740, time remaining: 1m 22s
Rendered 9132/10740, time remaining: 1m 23s
Rendered 9133/10740, time remaining: 1m 23s
Rendered 9134/10740, time remaining: 1m 23s
Rendered 9135/10740, time remaining: 1m 22s
Rendered 9136/10740, time remaining: 1m 23s
Rendered 9137/10740, time remaining: 1m 23s
Rendered 9138/10740, time remaining: 1m 22s
Rendered 9139/10740, time remaining: 1m 22s
Rendered 9140/10740, time remaining: 1m 23s
Rendered 9141/10740, time remaining: 1m 23s
Rendered 9142/10740, time remaining: 1m 22s
Rendered 9143/10740, time remaining: 1m 22s
Rendered 9144/10740, time remaining: 1m 22s
Rendered 9145/10740, time remaining: 1m 22s
Rendered 9146/10740, time remaining: 1m 22s
Rendered 9147/10740, time remaining: 1m 22s
Rendered 9148/10740, time remaining: 1m 22s
Rendered 9149/10740, time remaining: 1m 22s
Rendered 9150/10740, time remaining: 1m 22s
Rendered 9151/10740, time remaining: 1m 22s
Rendered 9152/10740, time remaining: 1m 22s
Rendered 9153/10740, time remaining: 1m 22s
Rendered 9154/10740, time remaining: 1m 21s
Rendered 9155/10740, time remaining: 1m 21s
Rendered 9156/10740, time remaining: 1m 22s
Rendered 9157/10740, time remaining: 1m 21s
Rendered 9158/10740, time remaining: 1m 21s
Rendered 9159/10740, time remaining: 1m 21s
Rendered 9160/10740, time remaining: 1m 21s
Rendered 9161/10740, time remaining: 1m 22s
Rendered 9162/10740, time remaining: 1m 21s
Rendered 9163/10740, time remaining: 1m 21s
Rendered 9164/10740, time remaining: 1m 21s
Rendered 9165/10740, time remaining: 1m 21s
Rendered 9166/10740, time remaining: 1m 21s
Rendered 9167/10740, time remaining: 1m 21s
Rendered 9168/10740, time remaining: 1m 21s
Rendered 9169/10740, time remaining: 1m 21s
Rendered 9170/10740, time remaining: 1m 20s
Rendered 9171/10740, time remaining: 1m 20s
Rendered 9172/10740, time remaining: 1m 21s
Rendered 9173/10740, time remaining: 1m 21s
Rendered 9174/10740, time remaining: 1m 21s
Rendered 9175/10740, time remaining: 1m 20s
Rendered 9176/10740, time remaining: 1m 20s
Rendered 9177/10740, time remaining: 1m 20s
Rendered 9178/10740, time remaining: 1m 20s
Rendered 9179/10740, time remaining: 1m 20s
Rendered 9180/10740, time remaining: 1m 20s
Rendered 9181/10740, time remaining: 1m 20s
Rendered 9182/10740, time remaining: 1m 20s
Rendered 9183/10740, time remaining: 1m 20s
Rendered 9184/10740, time remaining: 1m 20s
Rendered 9185/10740, time remaining: 1m 20s
Rendered 9186/10740, time remaining: 1m 20s
Rendered 9187/10740, time remaining: 1m 20s
Rendered 9188/10740, time remaining: 1m 20s
Rendered 9189/10740, time remaining: 1m 20s
Rendered 9190/10740, time remaining: 1m 20s
Rendered 9191/10740, time remaining: 1m 19s
Rendered 9192/10740, time remaining: 1m 20s
Rendered 9193/10740, time remaining: 1m 20s
Rendered 9194/10740, time remaining: 1m 19s
Rendered 9195/10740, time remaining: 1m 19s
Rendered 9196/10740, time remaining: 1m 19s
Rendered 9197/10740, time remaining: 1m 19s
Rendered 9198/10740, time remaining: 1m 19s
Rendered 9199/10740, time remaining: 1m 19s
Rendered 9200/10740, time remaining: 1m 19s
Rendered 9201/10740, time remaining: 1m 19s
Rendered 9202/10740, time remaining: 1m 19s
Rendered 9203/10740, time remaining: 1m 19s
Rendered 9204/10740, time remaining: 1m 19s
Rendered 9205/10740, time remaining: 1m 19s
Rendered 9206/10740, time remaining: 1m 19s
Rendered 9207/10740, time remaining: 1m 19s
Rendered 9208/10740, time remaining: 1m 19s
Rendered 9209/10740, time remaining: 1m 19s
Rendered 9210/10740, time remaining: 1m 19s
Rendered 9211/10740, time remaining: 1m 18s
Rendered 9212/10740, time remaining: 1m 19s
Rendered 9213/10740, time remaining: 1m 19s
Rendered 9214/10740, time remaining: 1m 19s
Rendered 9215/10740, time remaining: 1m 19s
Rendered 9216/10740, time remaining: 1m 19s
Rendered 9217/10740, time remaining: 1m 19s
Rendered 9218/10740, time remaining: 1m 18s
Rendered 9219/10740, time remaining: 1m 18s
Rendered 9220/10740, time remaining: 1m 18s
Rendered 9221/10740, time remaining: 1m 18s
Rendered 9222/10740, time remaining: 1m 18s
Rendered 9223/10740, time remaining: 1m 18s
Rendered 9224/10740, time remaining: 1m 18s
Rendered 9225/10740, time remaining: 1m 18s
Rendered 9226/10740, time remaining: 1m 18s
Rendered 9227/10740, time remaining: 1m 18s
Rendered 9228/10740, time remaining: 1m 18s
Rendered 9229/10740, time remaining: 1m 18s
Rendered 9230/10740, time remaining: 1m 18s
Rendered 9231/10740, time remaining: 1m 18s
Rendered 9232/10740, time remaining: 1m 18s
Rendered 9233/10740, time remaining: 1m 18s
Rendered 9234/10740, time remaining: 1m 17s
Rendered 9235/10740, time remaining: 1m 18s
Rendered 9236/10740, time remaining: 1m 18s
Rendered 9237/10740, time remaining: 1m 18s
Rendered 9238/10740, time remaining: 1m 17s
Rendered 9239/10740, time remaining: 1m 17s
Rendered 9240/10740, time remaining: 1m 18s
Rendered 9241/10740, time remaining: 1m 17s
Rendered 9242/10740, time remaining: 1m 17s
Rendered 9243/10740, time remaining: 1m 17s
Rendered 9244/10740, time remaining: 1m 17s
Rendered 9245/10740, time remaining: 1m 17s
Rendered 9246/10740, time remaining: 1m 17s
Rendered 9247/10740, time remaining: 1m 16s
Rendered 9248/10740, time remaining: 1m 17s
Rendered 9249/10740, time remaining: 1m 17s
Rendered 9250/10740, time remaining: 1m 17s
Rendered 9251/10740, time remaining: 1m 16s
Rendered 9252/10740, time remaining: 1m 17s
Rendered 9253/10740, time remaining: 1m 17s
Rendered 9254/10740, time remaining: 1m 16s
Rendered 9255/10740, time remaining: 1m 16s
Rendered 9256/10740, time remaining: 1m 17s
Rendered 9257/10740, time remaining: 1m 17s
Rendered 9258/10740, time remaining: 1m 16s
Rendered 9259/10740, time remaining: 1m 16s
Rendered 9260/10740, time remaining: 1m 16s
Rendered 9261/10740, time remaining: 1m 17s
Rendered 9262/10740, time remaining: 1m 16s
Rendered 9263/10740, time remaining: 1m 16s
Rendered 9264/10740, time remaining: 1m 16s
Rendered 9265/10740, time remaining: 1m 16s
Rendered 9266/10740, time remaining: 1m 16s
Rendered 9267/10740, time remaining: 1m 16s
Rendered 9268/10740, time remaining: 1m 16s
Rendered 9269/10740, time remaining: 1m 16s
Rendered 9270/10740, time remaining: 1m 16s
Rendered 9271/10740, time remaining: 1m 16s
Rendered 9272/10740, time remaining: 1m 16s
Rendered 9273/10740, time remaining: 1m 16s
Rendered 9274/10740, time remaining: 1m 16s
Rendered 9275/10740, time remaining: 1m 15s
Rendered 9276/10740, time remaining: 1m 15s
Rendered 9277/10740, time remaining: 1m 15s
Rendered 9278/10740, time remaining: 1m 15s
Rendered 9279/10740, time remaining: 1m 15s
Rendered 9280/10740, time remaining: 1m 15s
Rendered 9281/10740, time remaining: 1m 15s
Rendered 9282/10740, time remaining: 1m 15s
Rendered 9283/10740, time remaining: 1m 15s
Rendered 9284/10740, time remaining: 1m 15s
Rendered 9285/10740, time remaining: 1m 15s
Rendered 9286/10740, time remaining: 1m 15s
Rendered 9287/10740, time remaining: 1m 15s
Rendered 9288/10740, time remaining: 1m 15s
Rendered 9289/10740, time remaining: 1m 15s
Rendered 9290/10740, time remaining: 1m 14s
Rendered 9291/10740, time remaining: 1m 14s
Rendered 9292/10740, time remaining: 1m 15s
Rendered 9293/10740, time remaining: 1m 15s
Rendered 9294/10740, time remaining: 1m 14s
Rendered 9295/10740, time remaining: 1m 14s
Rendered 9296/10740, time remaining: 1m 14s
Rendered 9297/10740, time remaining: 1m 14s
Rendered 9298/10740, time remaining: 1m 14s
Rendered 9299/10740, time remaining: 1m 14s
Rendered 9300/10740, time remaining: 1m 14s
Rendered 9301/10740, time remaining: 1m 14s
Rendered 9302/10740, time remaining: 1m 14s
Rendered 9303/10740, time remaining: 1m 14s
Rendered 9304/10740, time remaining: 1m 14s
Rendered 9305/10740, time remaining: 1m 14s
Rendered 9306/10740, time remaining: 1m 14s
Rendered 9307/10740, time remaining: 1m 14s
Rendered 9308/10740, time remaining: 1m 14s
Rendered 9309/10740, time remaining: 1m 14s
Rendered 9310/10740, time remaining: 1m 13s
Rendered 9311/10740, time remaining: 1m 13s
Rendered 9312/10740, time remaining: 1m 14s
Rendered 9313/10740, time remaining: 1m 14s
Rendered 9314/10740, time remaining: 1m 13s
Rendered 9315/10740, time remaining: 1m 13s
Rendered 9316/10740, time remaining: 1m 13s
Rendered 9317/10740, time remaining: 1m 13s
Rendered 9318/10740, time remaining: 1m 13s
Rendered 9319/10740, time remaining: 1m 13s
Rendered 9320/10740, time remaining: 1m 13s
Rendered 9321/10740, time remaining: 1m 13s
Rendered 9322/10740, time remaining: 1m 13s
Rendered 9323/10740, time remaining: 1m 13s
Rendered 9324/10740, time remaining: 1m 13s
Rendered 9325/10740, time remaining: 1m 13s
Rendered 9326/10740, time remaining: 1m 13s
Rendered 9327/10740, time remaining: 1m 13s
Rendered 9328/10740, time remaining: 1m 13s
Rendered 9329/10740, time remaining: 1m 13s
Rendered 9330/10740, time remaining: 1m 12s
Rendered 9331/10740, time remaining: 1m 12s
Rendered 9332/10740, time remaining: 1m 12s
Rendered 9333/10740, time remaining: 1m 12s
Rendered 9334/10740, time remaining: 1m 12s
Rendered 9335/10740, time remaining: 1m 12s
Rendered 9336/10740, time remaining: 1m 12s
Rendered 9337/10740, time remaining: 1m 12s
Rendered 9338/10740, time remaining: 1m 12s
Rendered 9339/10740, time remaining: 1m 12s
Rendered 9340/10740, time remaining: 1m 12s
Rendered 9341/10740, time remaining: 1m 12s
Rendered 9342/10740, time remaining: 1m 12s
Rendered 9343/10740, time remaining: 1m 12s
Rendered 9344/10740, time remaining: 1m 12s
Rendered 9345/10740, time remaining: 1m 12s
Rendered 9346/10740, time remaining: 1m 11s
Rendered 9347/10740, time remaining: 1m 11s
Rendered 9348/10740, time remaining: 1m 12s
Rendered 9349/10740, time remaining: 1m 12s
Rendered 9350/10740, time remaining: 1m 12s
Rendered 9351/10740, time remaining: 1m 11s
Rendered 9352/10740, time remaining: 1m 12s
Rendered 9353/10740, time remaining: 1m 12s
Rendered 9354/10740, time remaining: 1m 11s
Rendered 9355/10740, time remaining: 1m 11s
Rendered 9356/10740, time remaining: 1m 11s
Rendered 9357/10740, time remaining: 1m 11s
Rendered 9358/10740, time remaining: 1m 11s
Rendered 9359/10740, time remaining: 1m 11s
Rendered 9360/10740, time remaining: 1m 11s
Rendered 9361/10740, time remaining: 1m 11s
Rendered 9362/10740, time remaining: 1m 11s
Rendered 9363/10740, time remaining: 1m 11s
Rendered 9364/10740, time remaining: 1m 10s
Rendered 9365/10740, time remaining: 1m 11s
Rendered 9366/10740, time remaining: 1m 10s
Rendered 9367/10740, time remaining: 1m 10s
Rendered 9368/10740, time remaining: 1m 11s
Rendered 9369/10740, time remaining: 1m 11s
Rendered 9370/10740, time remaining: 1m 10s
Rendered 9371/10740, time remaining: 1m 10s
Rendered 9372/10740, time remaining: 1m 10s
Rendered 9373/10740, time remaining: 1m 10s
Rendered 9374/10740, time remaining: 1m 10s
Rendered 9375/10740, time remaining: 1m 10s
Rendered 9376/10740, time remaining: 1m 10s
Rendered 9377/10740, time remaining: 1m 10s
Rendered 9378/10740, time remaining: 1m 10s
Rendered 9379/10740, time remaining: 1m 10s
Rendered 9380/10740, time remaining: 1m 10s
Rendered 9381/10740, time remaining: 1m 10s
Rendered 9382/10740, time remaining: 1m 10s
Rendered 9383/10740, time remaining: 1m 9s
Rendered 9384/10740, time remaining: 1m 10s
Rendered 9385/10740, time remaining: 1m 10s
Rendered 9386/10740, time remaining: 1m 9s
Rendered 9387/10740, time remaining: 1m 9s
Rendered 9388/10740, time remaining: 1m 9s
Rendered 9389/10740, time remaining: 1m 9s
Rendered 9390/10740, time remaining: 1m 9s
Rendered 9391/10740, time remaining: 1m 9s
Rendered 9392/10740, time remaining: 1m 10s
Rendered 9393/10740, time remaining: 1m 10s
Rendered 9394/10740, time remaining: 1m 9s
Rendered 9395/10740, time remaining: 1m 9s
Rendered 9396/10740, time remaining: 1m 9s
Rendered 9397/10740, time remaining: 1m 9s
Rendered 9398/10740, time remaining: 1m 9s
Rendered 9399/10740, time remaining: 1m 9s
Rendered 9400/10740, time remaining: 1m 9s
Rendered 9401/10740, time remaining: 1m 9s
Rendered 9402/10740, time remaining: 1m 9s
Rendered 9403/10740, time remaining: 1m 8s
Rendered 9404/10740, time remaining: 1m 9s
Rendered 9405/10740, time remaining: 1m 9s
Rendered 9406/10740, time remaining: 1m 8s
Rendered 9407/10740, time remaining: 1m 8s
Rendered 9408/10740, time remaining: 1m 8s
Rendered 9409/10740, time remaining: 1m 8s
Rendered 9410/10740, time remaining: 1m 8s
Rendered 9411/10740, time remaining: 1m 8s
Rendered 9412/10740, time remaining: 1m 8s
Rendered 9413/10740, time remaining: 1m 8s
Rendered 9414/10740, time remaining: 1m 8s
Rendered 9415/10740, time remaining: 1m 8s
Rendered 9416/10740, time remaining: 1m 8s
Rendered 9417/10740, time remaining: 1m 8s
Rendered 9418/10740, time remaining: 1m 8s
Rendered 9419/10740, time remaining: 1m 8s
Rendered 9420/10740, time remaining: 1m 8s
Rendered 9421/10740, time remaining: 1m 8s
Rendered 9422/10740, time remaining: 1m 8s
Rendered 9423/10740, time remaining: 1m 8s
Rendered 9424/10740, time remaining: 1m 8s
Rendered 9425/10740, time remaining: 1m 8s
Rendered 9426/10740, time remaining: 1m 8s
Rendered 9427/10740, time remaining: 1m 7s
Rendered 9428/10740, time remaining: 1m 8s
Rendered 9429/10740, time remaining: 1m 8s
Rendered 9430/10740, time remaining: 1m 7s
Rendered 9431/10740, time remaining: 1m 7s
Rendered 9432/10740, time remaining: 1m 7s
Rendered 9433/10740, time remaining: 1m 7s
Rendered 9434/10740, time remaining: 1m 7s
Rendered 9435/10740, time remaining: 1m 7s
Rendered 9436/10740, time remaining: 1m 7s
Rendered 9437/10740, time remaining: 1m 7s
Rendered 9438/10740, time remaining: 1m 7s
Rendered 9439/10740, time remaining: 1m 7s
Rendered 9440/10740, time remaining: 1m 7s
Rendered 9441/10740, time remaining: 1m 7s
Rendered 9442/10740, time remaining: 1m 7s
Rendered 9443/10740, time remaining: 1m 6s
Rendered 9444/10740, time remaining: 1m 7s
Rendered 9445/10740, time remaining: 1m 7s
Rendered 9446/10740, time remaining: 1m 7s
Rendered 9447/10740, time remaining: 1m 7s
Rendered 9448/10740, time remaining: 1m 7s
Rendered 9449/10740, time remaining: 1m 7s
Rendered 9450/10740, time remaining: 1m 6s
Rendered 9451/10740, time remaining: 1m 6s
Rendered 9452/10740, time remaining: 1m 6s
Rendered 9453/10740, time remaining: 1m 6s
Rendered 9454/10740, time remaining: 1m 6s
Rendered 9455/10740, time remaining: 1m 6s
Rendered 9456/10740, time remaining: 1m 6s
Rendered 9457/10740, time remaining: 1m 6s
Rendered 9458/10740, time remaining: 1m 6s
Rendered 9459/10740, time remaining: 1m 6s
Rendered 9460/10740, time remaining: 1m 6s
Rendered 9461/10740, time remaining: 1m 6s
Rendered 9462/10740, time remaining: 1m 6s
Rendered 9463/10740, time remaining: 1m 6s
Rendered 9464/10740, time remaining: 1m 6s
Rendered 9465/10740, time remaining: 1m 6s
Rendered 9466/10740, time remaining: 1m 5s
Rendered 9467/10740, time remaining: 1m 5s
Rendered 9468/10740, time remaining: 1m 6s
Rendered 9469/10740, time remaining: 1m 6s
Rendered 9470/10740, time remaining: 1m 5s
Rendered 9471/10740, time remaining: 1m 5s
Rendered 9472/10740, time remaining: 1m 5s
Rendered 9473/10740, time remaining: 1m 5s
Rendered 9474/10740, time remaining: 1m 5s
Rendered 9475/10740, time remaining: 1m 5s
Rendered 9476/10740, time remaining: 1m 5s
Rendered 9477/10740, time remaining: 1m 5s
Rendered 9478/10740, time remaining: 1m 5s
Rendered 9479/10740, time remaining: 1m 5s
Rendered 9480/10740, time remaining: 1m 5s
Rendered 9481/10740, time remaining: 1m 5s
Rendered 9482/10740, time remaining: 1m 5s
Rendered 9483/10740, time remaining: 1m 5s
Rendered 9484/10740, time remaining: 1m 5s
Rendered 9485/10740, time remaining: 1m 5s
Rendered 9486/10740, time remaining: 1m 4s
Rendered 9487/10740, time remaining: 1m 4s
Rendered 9488/10740, time remaining: 1m 5s
Rendered 9489/10740, time remaining: 1m 5s
Rendered 9490/10740, time remaining: 1m 4s
Rendered 9491/10740, time remaining: 1m 4s
Rendered 9492/10740, time remaining: 1m 4s
Rendered 9493/10740, time remaining: 1m 4s
Rendered 9494/10740, time remaining: 1m 4s
Rendered 9495/10740, time remaining: 1m 4s
Rendered 9496/10740, time remaining: 1m 4s
Rendered 9497/10740, time remaining: 1m 4s
Rendered 9498/10740, time remaining: 1m 4s
Rendered 9499/10740, time remaining: 1m 4s
Rendered 9500/10740, time remaining: 1m 4s
Rendered 9501/10740, time remaining: 1m 4s
Rendered 9502/10740, time remaining: 1m 4s
Rendered 9503/10740, time remaining: 1m 3s
Rendered 9504/10740, time remaining: 1m 4s
Rendered 9505/10740, time remaining: 1m 4s
Rendered 9506/10740, time remaining: 1m 3s
Rendered 9507/10740, time remaining: 1m 3s
Rendered 9508/10740, time remaining: 1m 3s
Rendered 9509/10740, time remaining: 1m 4s
Rendered 9510/10740, time remaining: 1m 3s
Rendered 9511/10740, time remaining: 1m 3s
Rendered 9512/10740, time remaining: 1m 4s
Rendered 9513/10740, time remaining: 1m 3s
Rendered 9514/10740, time remaining: 1m 3s
Rendered 9515/10740, time remaining: 1m 3s
Rendered 9516/10740, time remaining: 1m 3s
Rendered 9517/10740, time remaining: 1m 3s
Rendered 9518/10740, time remaining: 1m 3s
Rendered 9519/10740, time remaining: 1m 3s
Rendered 9520/10740, time remaining: 1m 3s
Rendered 9521/10740, time remaining: 1m 3s
Rendered 9522/10740, time remaining: 1m 3s
Rendered 9523/10740, time remaining: 1m 3s
Rendered 9524/10740, time remaining: 1m 3s
Rendered 9525/10740, time remaining: 1m 3s
Rendered 9526/10740, time remaining: 1m 2s
Rendered 9527/10740, time remaining: 1m 2s
Rendered 9528/10740, time remaining: 1m 3s
Rendered 9529/10740, time remaining: 1m 3s
Rendered 9530/10740, time remaining: 1m 2s
Rendered 9531/10740, time remaining: 1m 2s
Rendered 9532/10740, time remaining: 1m 2s
Rendered 9533/10740, time remaining: 1m 2s
Rendered 9534/10740, time remaining: 1m 2s
Rendered 9535/10740, time remaining: 1m 2s
Rendered 9536/10740, time remaining: 1m 2s
Rendered 9537/10740, time remaining: 1m 2s
Rendered 9538/10740, time remaining: 1m 2s
Rendered 9539/10740, time remaining: 1m 2s
Rendered 9540/10740, time remaining: 1m 2s
Rendered 9541/10740, time remaining: 1m 2s
Rendered 9542/10740, time remaining: 1m 2s
Rendered 9543/10740, time remaining: 1m 1s
Rendered 9544/10740, time remaining: 1m 2s
Rendered 9545/10740, time remaining: 1m 2s
Rendered 9546/10740, time remaining: 1m 1s
Rendered 9547/10740, time remaining: 1m 1s
Rendered 9548/10740, time remaining: 1m 1s
Rendered 9549/10740, time remaining: 1m 1s
Rendered 9550/10740, time remaining: 1m 1s
Rendered 9551/10740, time remaining: 1m 1s
Rendered 9552/10740, time remaining: 1m 1s
Rendered 9553/10740, time remaining: 1m 1s
Rendered 9554/10740, time remaining: 1m 1s
Rendered 9555/10740, time remaining: 1m 1s
Rendered 9556/10740, time remaining: 1m 1s
Rendered 9557/10740, time remaining: 1m 1s
Rendered 9558/10740, time remaining: 1m 1s
Rendered 9559/10740, time remaining: 1m 1s
Rendered 9560/10740, time remaining: 1m 1s
Rendered 9561/10740, time remaining: 1m 1s
Rendered 9562/10740, time remaining: 1m 0s
Rendered 9563/10740, time remaining: 1m 0s
Rendered 9564/10740, time remaining: 1m 1s
Rendered 9565/10740, time remaining: 1m 1s
Rendered 9566/10740, time remaining: 1m 1s
Rendered 9567/10740, time remaining: 1m 0s
Rendered 9568/10740, time remaining: 1m 0s
Rendered 9569/10740, time remaining: 1m 1s
Rendered 9570/10740, time remaining: 1m 0s
Rendered 9571/10740, time remaining: 1m 0s
Rendered 9572/10740, time remaining: 1m 0s
Rendered 9573/10740, time remaining: 1m 0s
Rendered 9574/10740, time remaining: 1m 0s
Rendered 9575/10740, time remaining: 1m 0s
Rendered 9576/10740, time remaining: 1m 0s
Rendered 9577/10740, time remaining: 1m 0s
Rendered 9578/10740, time remaining: 1m 0s
Rendered 9579/10740, time remaining: 59s
Rendered 9580/10740, time remaining: 1m 0s
Rendered 9581/10740, time remaining: 1m 0s
Rendered 9582/10740, time remaining: 1m 0s
Rendered 9583/10740, time remaining: 59s
Rendered 9584/10740, time remaining: 59s
Rendered 9585/10740, time remaining: 59s
Rendered 9586/10740, time remaining: 59s
Rendered 9587/10740, time remaining: 59s
Rendered 9588/10740, time remaining: 59s
Rendered 9589/10740, time remaining: 59s
Rendered 9590/10740, time remaining: 59s
Rendered 9591/10740, time remaining: 59s
Rendered 9592/10740, time remaining: 59s
Rendered 9593/10740, time remaining: 1m 0s
Rendered 9594/10740, time remaining: 59s
Rendered 9595/10740, time remaining: 59s
Rendered 9596/10740, time remaining: 59s
Rendered 9597/10740, time remaining: 59s
Rendered 9598/10740, time remaining: 59s
Rendered 9599/10740, time remaining: 58s
Rendered 9600/10740, time remaining: 59s
Rendered 9601/10740, time remaining: 59s
Rendered 9602/10740, time remaining: 58s
Rendered 9603/10740, time remaining: 58s
Rendered 9604/10740, time remaining: 58s
Rendered 9605/10740, time remaining: 58s
Rendered 9606/10740, time remaining: 58s
Rendered 9607/10740, time remaining: 58s
Rendered 9608/10740, time remaining: 58s
Rendered 9609/10740, time remaining: 58s
Rendered 9610/10740, time remaining: 58s
Rendered 9611/10740, time remaining: 58s
Rendered 9612/10740, time remaining: 58s
Rendered 9613/10740, time remaining: 58s
Rendered 9614/10740, time remaining: 58s
Rendered 9615/10740, time remaining: 57s
Rendered 9616/10740, time remaining: 58s
Rendered 9617/10740, time remaining: 58s
Rendered 9618/10740, time remaining: 57s
Rendered 9619/10740, time remaining: 57s
Rendered 9620/10740, time remaining: 57s
Rendered 9621/10740, time remaining: 58s
Rendered 9622/10740, time remaining: 57s
Rendered 9623/10740, time remaining: 57s
Rendered 9624/10740, time remaining: 57s
Rendered 9625/10740, time remaining: 58s
Rendered 9626/10740, time remaining: 57s
Rendered 9627/10740, time remaining: 57s
Rendered 9628/10740, time remaining: 57s
Rendered 9629/10740, time remaining: 57s
Rendered 9630/10740, time remaining: 57s
Rendered 9631/10740, time remaining: 57s
Rendered 9632/10740, time remaining: 57s
Rendered 9633/10740, time remaining: 57s
Rendered 9634/10740, time remaining: 57s
Rendered 9635/10740, time remaining: 57s
Rendered 9636/10740, time remaining: 57s
Rendered 9637/10740, time remaining: 57s
Rendered 9638/10740, time remaining: 57s
Rendered 9639/10740, time remaining: 56s
Rendered 9640/10740, time remaining: 57s
Rendered 9641/10740, time remaining: 57s
Rendered 9642/10740, time remaining: 56s
Rendered 9643/10740, time remaining: 56s
Rendered 9644/10740, time remaining: 56s
Rendered 9645/10740, time remaining: 56s
Rendered 9646/10740, time remaining: 56s
Rendered 9647/10740, time remaining: 56s
Rendered 9648/10740, time remaining: 56s
Rendered 9649/10740, time remaining: 56s
Rendered 9650/10740, time remaining: 56s
Rendered 9651/10740, time remaining: 56s
Rendered 9652/10740, time remaining: 56s
Rendered 9653/10740, time remaining: 56s
Rendered 9654/10740, time remaining: 56s
Rendered 9655/10740, time remaining: 56s
Rendered 9656/10740, time remaining: 56s
Rendered 9657/10740, time remaining: 56s
Rendered 9658/10740, time remaining: 56s
Rendered 9659/10740, time remaining: 56s
Rendered 9660/10740, time remaining: 56s
Rendered 9661/10740, time remaining: 56s
Rendered 9662/10740, time remaining: 55s
Rendered 9663/10740, time remaining: 55s
Rendered 9664/10740, time remaining: 56s
Rendered 9665/10740, time remaining: 55s
Rendered 9666/10740, time remaining: 55s
Rendered 9667/10740, time remaining: 55s
Rendered 9668/10740, time remaining: 55s
Rendered 9669/10740, time remaining: 55s
Rendered 9670/10740, time remaining: 55s
Rendered 9671/10740, time remaining: 55s
Rendered 9672/10740, time remaining: 55s
Rendered 9673/10740, time remaining: 55s
Rendered 9674/10740, time remaining: 55s
Rendered 9675/10740, time remaining: 55s
Rendered 9676/10740, time remaining: 55s
Rendered 9677/10740, time remaining: 55s
Rendered 9678/10740, time remaining: 55s
Rendered 9679/10740, time remaining: 54s
Rendered 9680/10740, time remaining: 55s
Rendered 9681/10740, time remaining: 55s
Rendered 9682/10740, time remaining: 54s
Rendered 9683/10740, time remaining: 54s
Rendered 9684/10740, time remaining: 54s
Rendered 9685/10740, time remaining: 54s
Rendered 9686/10740, time remaining: 54s
Rendered 9687/10740, time remaining: 54s
Rendered 9688/10740, time remaining: 54s
Rendered 9689/10740, time remaining: 54s
Rendered 9690/10740, time remaining: 54s
Rendered 9691/10740, time remaining: 54s
Rendered 9692/10740, time remaining: 54s
Rendered 9693/10740, time remaining: 54s
Rendered 9694/10740, time remaining: 54s
Rendered 9695/10740, time remaining: 54s
Rendered 9696/10740, time remaining: 54s
Rendered 9697/10740, time remaining: 54s
Rendered 9698/10740, time remaining: 54s
Rendered 9699/10740, time remaining: 54s
Rendered 9700/10740, time remaining: 53s
Rendered 9701/10740, time remaining: 54s
Rendered 9702/10740, time remaining: 53s
Rendered 9703/10740, time remaining: 53s
Rendered 9704/10740, time remaining: 53s
Rendered 9705/10740, time remaining: 53s
Rendered 9706/10740, time remaining: 53s
Rendered 9707/10740, time remaining: 53s
Rendered 9708/10740, time remaining: 53s
Rendered 9709/10740, time remaining: 53s
Rendered 9710/10740, time remaining: 53s
Rendered 9711/10740, time remaining: 53s
Rendered 9712/10740, time remaining: 53s
Rendered 9713/10740, time remaining: 53s
Rendered 9714/10740, time remaining: 53s
Rendered 9715/10740, time remaining: 53s
Rendered 9716/10740, time remaining: 53s
Rendered 9717/10740, time remaining: 53s
Rendered 9718/10740, time remaining: 52s
Rendered 9719/10740, time remaining: 52s
Rendered 9720/10740, time remaining: 53s
Rendered 9721/10740, time remaining: 53s
Rendered 9722/10740, time remaining: 52s
Rendered 9723/10740, time remaining: 52s
Rendered 9724/10740, time remaining: 52s
Rendered 9725/10740, time remaining: 52s
Rendered 9726/10740, time remaining: 52s
Rendered 9727/10740, time remaining: 52s
Rendered 9728/10740, time remaining: 52s
Rendered 9729/10740, time remaining: 52s
Rendered 9730/10740, time remaining: 52s
Rendered 9731/10740, time remaining: 52s
Rendered 9732/10740, time remaining: 52s
Rendered 9733/10740, time remaining: 52s
Rendered 9734/10740, time remaining: 52s
Rendered 9735/10740, time remaining: 52s
Rendered 9736/10740, time remaining: 52s
Rendered 9737/10740, time remaining: 52s
Rendered 9738/10740, time remaining: 51s
Rendered 9739/10740, time remaining: 51s
Rendered 9740/10740, time remaining: 51s
Rendered 9741/10740, time remaining: 51s
Rendered 9742/10740, time remaining: 51s
Rendered 9743/10740, time remaining: 51s
Rendered 9744/10740, time remaining: 51s
Rendered 9745/10740, time remaining: 51s
Rendered 9746/10740, time remaining: 51s
Rendered 9747/10740, time remaining: 51s
Rendered 9748/10740, time remaining: 51s
Rendered 9749/10740, time remaining: 51s
Rendered 9750/10740, time remaining: 51s
Rendered 9751/10740, time remaining: 51s
Rendered 9752/10740, time remaining: 51s
Rendered 9753/10740, time remaining: 51s
Rendered 9754/10740, time remaining: 51s
Rendered 9755/10740, time remaining: 50s
Rendered 9756/10740, time remaining: 50s
Rendered 9757/10740, time remaining: 50s
Rendered 9758/10740, time remaining: 50s
Rendered 9759/10740, time remaining: 50s
Rendered 9760/10740, time remaining: 50s
Rendered 9761/10740, time remaining: 50s
Rendered 9762/10740, time remaining: 50s
Rendered 9763/10740, time remaining: 50s
Rendered 9764/10740, time remaining: 50s
Rendered 9765/10740, time remaining: 50s
Rendered 9766/10740, time remaining: 50s
Rendered 9767/10740, time remaining: 50s
Rendered 9768/10740, time remaining: 50s
Rendered 9769/10740, time remaining: 50s
Rendered 9770/10740, time remaining: 50s
Rendered 9771/10740, time remaining: 50s
Rendered 9772/10740, time remaining: 50s
Rendered 9773/10740, time remaining: 50s
Rendered 9774/10740, time remaining: 49s
Rendered 9775/10740, time remaining: 49s
Rendered 9776/10740, time remaining: 49s
Rendered 9777/10740, time remaining: 49s
Rendered 9778/10740, time remaining: 49s
Rendered 9779/10740, time remaining: 49s
Rendered 9780/10740, time remaining: 49s
Rendered 9781/10740, time remaining: 49s
Rendered 9782/10740, time remaining: 49s
Rendered 9783/10740, time remaining: 49s
Rendered 9784/10740, time remaining: 49s
Rendered 9785/10740, time remaining: 49s
Rendered 9786/10740, time remaining: 49s
Rendered 9787/10740, time remaining: 49s
Rendered 9788/10740, time remaining: 49s
Rendered 9789/10740, time remaining: 49s
Rendered 9790/10740, time remaining: 49s
Rendered 9791/10740, time remaining: 49s
Rendered 9792/10740, time remaining: 49s
Rendered 9793/10740, time remaining: 49s
Rendered 9794/10740, time remaining: 48s
Rendered 9795/10740, time remaining: 48s
Rendered 9796/10740, time remaining: 49s
Rendered 9797/10740, time remaining: 49s
Rendered 9798/10740, time remaining: 48s
Rendered 9799/10740, time remaining: 48s
Rendered 9800/10740, time remaining: 48s
Rendered 9801/10740, time remaining: 48s
Rendered 9802/10740, time remaining: 48s
Rendered 9803/10740, time remaining: 48s
Rendered 9804/10740, time remaining: 48s
Rendered 9805/10740, time remaining: 48s
Rendered 9806/10740, time remaining: 48s
Rendered 9807/10740, time remaining: 48s
Rendered 9808/10740, time remaining: 48s
Rendered 9809/10740, time remaining: 48s
Rendered 9810/10740, time remaining: 48s
Rendered 9811/10740, time remaining: 47s
Rendered 9812/10740, time remaining: 48s
Rendered 9813/10740, time remaining: 48s
Rendered 9814/10740, time remaining: 47s
Rendered 9815/10740, time remaining: 47s
Rendered 9816/10740, time remaining: 47s
Rendered 9817/10740, time remaining: 47s
Rendered 9818/10740, time remaining: 47s
Rendered 9819/10740, time remaining: 47s
Rendered 9820/10740, time remaining: 47s
Rendered 9821/10740, time remaining: 47s
Rendered 9822/10740, time remaining: 47s
Rendered 9823/10740, time remaining: 47s
Rendered 9824/10740, time remaining: 47s
Rendered 9825/10740, time remaining: 47s
Rendered 9826/10740, time remaining: 47s
Rendered 9827/10740, time remaining: 47s
Rendered 9828/10740, time remaining: 47s
Rendered 9829/10740, time remaining: 47s
Rendered 9830/10740, time remaining: 47s
Rendered 9831/10740, time remaining: 46s
Rendered 9832/10740, time remaining: 47s
Rendered 9833/10740, time remaining: 47s
Rendered 9834/10740, time remaining: 46s
Rendered 9835/10740, time remaining: 46s
Rendered 9836/10740, time remaining: 46s
Rendered 9837/10740, time remaining: 46s
Rendered 9838/10740, time remaining: 46s
Rendered 9839/10740, time remaining: 46s
Rendered 9840/10740, time remaining: 46s
Rendered 9841/10740, time remaining: 46s
Rendered 9842/10740, time remaining: 46s
Rendered 9843/10740, time remaining: 46s
Rendered 9844/10740, time remaining: 46s
Rendered 9845/10740, time remaining: 46s
Rendered 9846/10740, time remaining: 46s
Rendered 9847/10740, time remaining: 46s
Rendered 9848/10740, time remaining: 46s
Rendered 9849/10740, time remaining: 46s
Rendered 9850/10740, time remaining: 46s
Rendered 9851/10740, time remaining: 45s
Rendered 9852/10740, time remaining: 46s
Rendered 9853/10740, time remaining: 45s
Rendered 9854/10740, time remaining: 45s
Rendered 9855/10740, time remaining: 45s
Rendered 9856/10740, time remaining: 45s
Rendered 9857/10740, time remaining: 45s
Rendered 9858/10740, time remaining: 45s
Rendered 9859/10740, time remaining: 45s
Rendered 9860/10740, time remaining: 45s
Rendered 9861/10740, time remaining: 45s
Rendered 9862/10740, time remaining: 45s
Rendered 9863/10740, time remaining: 45s
Rendered 9864/10740, time remaining: 45s
Rendered 9865/10740, time remaining: 45s
Rendered 9866/10740, time remaining: 45s
Rendered 9867/10740, time remaining: 45s
Rendered 9868/10740, time remaining: 45s
Rendered 9869/10740, time remaining: 45s
Rendered 9870/10740, time remaining: 44s
Rendered 9871/10740, time remaining: 44s
Rendered 9872/10740, time remaining: 45s
Rendered 9873/10740, time remaining: 44s
Rendered 9874/10740, time remaining: 44s
Rendered 9875/10740, time remaining: 44s
Rendered 9876/10740, time remaining: 44s
Rendered 9877/10740, time remaining: 44s
Rendered 9878/10740, time remaining: 44s
Rendered 9879/10740, time remaining: 44s
Rendered 9880/10740, time remaining: 44s
Rendered 9881/10740, time remaining: 44s
Rendered 9882/10740, time remaining: 44s
Rendered 9883/10740, time remaining: 44s
Rendered 9884/10740, time remaining: 44s
Rendered 9885/10740, time remaining: 44s
Rendered 9886/10740, time remaining: 44s
Rendered 9887/10740, time remaining: 44s
Rendered 9888/10740, time remaining: 44s
Rendered 9889/10740, time remaining: 44s
Rendered 9890/10740, time remaining: 43s
Rendered 9891/10740, time remaining: 43s
Rendered 9892/10740, time remaining: 43s
Rendered 9893/10740, time remaining: 43s
Rendered 9894/10740, time remaining: 43s
Rendered 9895/10740, time remaining: 43s
Rendered 9896/10740, time remaining: 43s
Rendered 9897/10740, time remaining: 43s
Rendered 9898/10740, time remaining: 43s
Rendered 9899/10740, time remaining: 43s
Rendered 9900/10740, time remaining: 43s
Rendered 9901/10740, time remaining: 43s
Rendered 9902/10740, time remaining: 43s
Rendered 9903/10740, time remaining: 43s
Rendered 9904/10740, time remaining: 43s
Rendered 9905/10740, time remaining: 43s
Rendered 9906/10740, time remaining: 43s
Rendered 9907/10740, time remaining: 42s
Rendered 9908/10740, time remaining: 43s
Rendered 9909/10740, time remaining: 43s
Rendered 9910/10740, time remaining: 42s
Rendered 9911/10740, time remaining: 42s
Rendered 9912/10740, time remaining: 42s
Rendered 9913/10740, time remaining: 42s
Rendered 9914/10740, time remaining: 42s
Rendered 9915/10740, time remaining: 42s
Rendered 9916/10740, time remaining: 42s
Rendered 9917/10740, time remaining: 42s
Rendered 9918/10740, time remaining: 42s
Rendered 9919/10740, time remaining: 42s
Rendered 9920/10740, time remaining: 42s
Rendered 9921/10740, time remaining: 42s
Rendered 9922/10740, time remaining: 42s
Rendered 9923/10740, time remaining: 42s
Rendered 9924/10740, time remaining: 42s
Rendered 9925/10740, time remaining: 42s
Rendered 9926/10740, time remaining: 42s
Rendered 9927/10740, time remaining: 41s
Rendered 9928/10740, time remaining: 41s
Rendered 9929/10740, time remaining: 41s
Rendered 9930/10740, time remaining: 41s
Rendered 9931/10740, time remaining: 41s
Rendered 9932/10740, time remaining: 41s
Rendered 9933/10740, time remaining: 41s
Rendered 9934/10740, time remaining: 41s
Rendered 9935/10740, time remaining: 41s
Rendered 9936/10740, time remaining: 41s
Rendered 9937/10740, time remaining: 41s
Rendered 9938/10740, time remaining: 41s
Rendered 9939/10740, time remaining: 41s
Rendered 9940/10740, time remaining: 41s
Rendered 9941/10740, time remaining: 41s
Rendered 9942/10740, time remaining: 41s
Rendered 9943/10740, time remaining: 41s
Rendered 9944/10740, time remaining: 41s
Rendered 9945/10740, time remaining: 41s
Rendered 9946/10740, time remaining: 40s
Rendered 9947/10740, time remaining: 40s
Rendered 9948/10740, time remaining: 41s
Rendered 9949/10740, time remaining: 41s
Rendered 9950/10740, time remaining: 40s
Rendered 9951/10740, time remaining: 40s
Rendered 9952/10740, time remaining: 40s
Rendered 9953/10740, time remaining: 40s
Rendered 9954/10740, time remaining: 40s
Rendered 9955/10740, time remaining: 40s
Rendered 9956/10740, time remaining: 40s
Rendered 9957/10740, time remaining: 40s
Rendered 9958/10740, time remaining: 40s
Rendered 9959/10740, time remaining: 40s
Rendered 9960/10740, time remaining: 40s
Rendered 9961/10740, time remaining: 40s
Rendered 9962/10740, time remaining: 40s
Rendered 9963/10740, time remaining: 40s
Rendered 9964/10740, time remaining: 40s
Rendered 9965/10740, time remaining: 40s
Rendered 9966/10740, time remaining: 39s
Rendered 9967/10740, time remaining: 39s
Rendered 9968/10740, time remaining: 39s
Rendered 9969/10740, time remaining: 39s
Rendered 9970/10740, time remaining: 39s
Rendered 9971/10740, time remaining: 39s
Rendered 9972/10740, time remaining: 39s
Rendered 9973/10740, time remaining: 39s
Rendered 9974/10740, time remaining: 39s
Rendered 9975/10740, time remaining: 39s
Rendered 9976/10740, time remaining: 39s
Rendered 9977/10740, time remaining: 39s
Rendered 9978/10740, time remaining: 39s
Rendered 9979/10740, time remaining: 39s
Rendered 9980/10740, time remaining: 39s
Rendered 9981/10740, time remaining: 39s
Rendered 9982/10740, time remaining: 39s
Rendered 9983/10740, time remaining: 39s
Rendered 9984/10740, time remaining: 39s
Rendered 9985/10740, time remaining: 39s
Rendered 9986/10740, time remaining: 38s
Rendered 9987/10740, time remaining: 38s
Rendered 9988/10740, time remaining: 38s
Rendered 9989/10740, time remaining: 38s
Rendered 9990/10740, time remaining: 38s
Rendered 9991/10740, time remaining: 38s
Rendered 9992/10740, time remaining: 38s
Rendered 9993/10740, time remaining: 38s
Rendered 9994/10740, time remaining: 38s
Rendered 9995/10740, time remaining: 38s
Rendered 9996/10740, time remaining: 38s
Rendered 9997/10740, time remaining: 38s
Rendered 9998/10740, time remaining: 38s
Rendered 9999/10740, time remaining: 38s
Rendered 10000/10740, time remaining: 38s
Rendered 10001/10740, time remaining: 38s
Rendered 10002/10740, time remaining: 38s
Rendered 10003/10740, time remaining: 38s
Rendered 10004/10740, time remaining: 38s
Rendered 10005/10740, time remaining: 38s
Rendered 10006/10740, time remaining: 37s
Rendered 10007/10740, time remaining: 37s
Rendered 10008/10740, time remaining: 37s
Rendered 10009/10740, time remaining: 37s
Rendered 10010/10740, time remaining: 37s
Rendered 10011/10740, time remaining: 37s
Rendered 10012/10740, time remaining: 37s
Rendered 10013/10740, time remaining: 37s
Rendered 10014/10740, time remaining: 37s
Rendered 10015/10740, time remaining: 37s
Rendered 10016/10740, time remaining: 37s
Rendered 10017/10740, time remaining: 37s
Rendered 10018/10740, time remaining: 37s
Rendered 10019/10740, time remaining: 37s
Rendered 10020/10740, time remaining: 37s
Rendered 10021/10740, time remaining: 37s
Rendered 10022/10740, time remaining: 37s
Rendered 10023/10740, time remaining: 37s
Rendered 10024/10740, time remaining: 36s
Rendered 10025/10740, time remaining: 37s
Rendered 10026/10740, time remaining: 36s
Rendered 10027/10740, time remaining: 36s
Rendered 10028/10740, time remaining: 36s
Rendered 10029/10740, time remaining: 36s
Rendered 10030/10740, time remaining: 36s
Rendered 10031/10740, time remaining: 36s
Rendered 10032/10740, time remaining: 36s
Rendered 10033/10740, time remaining: 36s
Rendered 10034/10740, time remaining: 36s
Rendered 10035/10740, time remaining: 36s
Rendered 10036/10740, time remaining: 36s
Rendered 10037/10740, time remaining: 36s
Rendered 10038/10740, time remaining: 36s
Rendered 10039/10740, time remaining: 36s
Rendered 10040/10740, time remaining: 36s
Rendered 10041/10740, time remaining: 36s
Rendered 10042/10740, time remaining: 36s
Rendered 10043/10740, time remaining: 36s
Rendered 10044/10740, time remaining: 36s
Rendered 10045/10740, time remaining: 36s
Rendered 10046/10740, time remaining: 35s
Rendered 10047/10740, time remaining: 35s
Rendered 10048/10740, time remaining: 35s
Rendered 10049/10740, time remaining: 35s
Rendered 10050/10740, time remaining: 35s
Rendered 10051/10740, time remaining: 35s
Rendered 10052/10740, time remaining: 35s
Rendered 10053/10740, time remaining: 35s
Rendered 10054/10740, time remaining: 35s
Rendered 10055/10740, time remaining: 35s
Rendered 10056/10740, time remaining: 35s
Rendered 10057/10740, time remaining: 35s
Rendered 10058/10740, time remaining: 35s
Rendered 10059/10740, time remaining: 35s
Rendered 10060/10740, time remaining: 35s
Rendered 10061/10740, time remaining: 35s
Rendered 10062/10740, time remaining: 35s
Rendered 10063/10740, time remaining: 35s
Rendered 10064/10740, time remaining: 35s
Rendered 10065/10740, time remaining: 35s
Rendered 10066/10740, time remaining: 34s
Rendered 10067/10740, time remaining: 34s
Rendered 10068/10740, time remaining: 34s
Rendered 10069/10740, time remaining: 34s
Rendered 10070/10740, time remaining: 34s
Rendered 10071/10740, time remaining: 34s
Rendered 10072/10740, time remaining: 34s
Rendered 10073/10740, time remaining: 34s
Rendered 10074/10740, time remaining: 34s
Rendered 10075/10740, time remaining: 34s
Rendered 10076/10740, time remaining: 34s
Rendered 10077/10740, time remaining: 34s
Rendered 10078/10740, time remaining: 34s
Rendered 10079/10740, time remaining: 34s
Rendered 10080/10740, time remaining: 34s
Rendered 10081/10740, time remaining: 34s
Rendered 10082/10740, time remaining: 33s
Rendered 10083/10740, time remaining: 33s
Rendered 10084/10740, time remaining: 33s
Rendered 10085/10740, time remaining: 33s
Rendered 10086/10740, time remaining: 33s
Rendered 10087/10740, time remaining: 33s
Rendered 10088/10740, time remaining: 33s
Rendered 10089/10740, time remaining: 33s
Rendered 10090/10740, time remaining: 33s
Rendered 10091/10740, time remaining: 33s
Rendered 10092/10740, time remaining: 33s
Rendered 10093/10740, time remaining: 33s
Rendered 10094/10740, time remaining: 33s
Rendered 10095/10740, time remaining: 33s
Rendered 10096/10740, time remaining: 33s
Rendered 10097/10740, time remaining: 33s
Rendered 10098/10740, time remaining: 33s
Rendered 10099/10740, time remaining: 33s
Rendered 10100/10740, time remaining: 33s
Rendered 10101/10740, time remaining: 33s
Rendered 10102/10740, time remaining: 33s
Rendered 10103/10740, time remaining: 32s
Rendered 10104/10740, time remaining: 32s
Rendered 10105/10740, time remaining: 32s
Rendered 10106/10740, time remaining: 32s
Rendered 10107/10740, time remaining: 32s
Rendered 10108/10740, time remaining: 32s
Rendered 10109/10740, time remaining: 32s
Rendered 10110/10740, time remaining: 32s
Rendered 10111/10740, time remaining: 32s
Rendered 10112/10740, time remaining: 32s
Rendered 10113/10740, time remaining: 32s
Rendered 10114/10740, time remaining: 32s
Rendered 10115/10740, time remaining: 32s
Rendered 10116/10740, time remaining: 32s
Rendered 10117/10740, time remaining: 32s
Rendered 10118/10740, time remaining: 32s
Rendered 10119/10740, time remaining: 32s
Rendered 10120/10740, time remaining: 32s
Rendered 10121/10740, time remaining: 32s
Rendered 10122/10740, time remaining: 32s
Rendered 10123/10740, time remaining: 32s
Rendered 10124/10740, time remaining: 32s
Rendered 10125/10740, time remaining: 32s
Rendered 10126/10740, time remaining: 31s
Rendered 10127/10740, time remaining: 31s
Rendered 10128/10740, time remaining: 31s
Rendered 10129/10740, time remaining: 31s
Rendered 10130/10740, time remaining: 31s
Rendered 10131/10740, time remaining: 31s
Rendered 10132/10740, time remaining: 31s
Rendered 10133/10740, time remaining: 31s
Rendered 10134/10740, time remaining: 31s
Rendered 10135/10740, time remaining: 31s
Rendered 10136/10740, time remaining: 31s
Rendered 10137/10740, time remaining: 31s
Rendered 10138/10740, time remaining: 31s
Rendered 10139/10740, time remaining: 31s
Rendered 10140/10740, time remaining: 31s
Rendered 10141/10740, time remaining: 31s
Rendered 10142/10740, time remaining: 30s
Rendered 10143/10740, time remaining: 30s
Rendered 10144/10740, time remaining: 30s
Rendered 10145/10740, time remaining: 30s
Rendered 10146/10740, time remaining: 30s
Rendered 10147/10740, time remaining: 30s
Rendered 10148/10740, time remaining: 30s
Rendered 10149/10740, time remaining: 30s
Rendered 10150/10740, time remaining: 30s
Rendered 10151/10740, time remaining: 30s
Rendered 10152/10740, time remaining: 30s
Rendered 10153/10740, time remaining: 30s
Rendered 10154/10740, time remaining: 30s
Rendered 10155/10740, time remaining: 30s
Rendered 10156/10740, time remaining: 30s
Rendered 10157/10740, time remaining: 30s
Rendered 10158/10740, time remaining: 30s
Rendered 10159/10740, time remaining: 30s
Rendered 10160/10740, time remaining: 30s
Rendered 10161/10740, time remaining: 30s
Rendered 10162/10740, time remaining: 29s
Rendered 10163/10740, time remaining: 29s
Rendered 10164/10740, time remaining: 29s
Rendered 10165/10740, time remaining: 29s
Rendered 10166/10740, time remaining: 29s
Rendered 10167/10740, time remaining: 29s
Rendered 10168/10740, time remaining: 29s
Rendered 10169/10740, time remaining: 29s
Rendered 10170/10740, time remaining: 29s
Rendered 10171/10740, time remaining: 29s
Rendered 10172/10740, time remaining: 29s
Rendered 10173/10740, time remaining: 29s
Rendered 10174/10740, time remaining: 29s
Rendered 10175/10740, time remaining: 29s
Rendered 10176/10740, time remaining: 29s
Rendered 10177/10740, time remaining: 29s
Rendered 10178/10740, time remaining: 29s
Rendered 10179/10740, time remaining: 29s
Rendered 10180/10740, time remaining: 29s
Rendered 10181/10740, time remaining: 29s
Rendered 10182/10740, time remaining: 29s
Rendered 10183/10740, time remaining: 28s
Rendered 10184/10740, time remaining: 28s
Rendered 10185/10740, time remaining: 28s
Rendered 10186/10740, time remaining: 28s
Rendered 10187/10740, time remaining: 28s
Rendered 10188/10740, time remaining: 28s
Rendered 10189/10740, time remaining: 28s
Rendered 10190/10740, time remaining: 28s
Rendered 10191/10740, time remaining: 28s
Rendered 10192/10740, time remaining: 28s
Rendered 10193/10740, time remaining: 28s
Rendered 10194/10740, time remaining: 28s
Rendered 10195/10740, time remaining: 28s
Rendered 10196/10740, time remaining: 28s
Rendered 10197/10740, time remaining: 28s
Rendered 10198/10740, time remaining: 28s
Rendered 10199/10740, time remaining: 27s
Rendered 10200/10740, time remaining: 28s
Rendered 10201/10740, time remaining: 28s
Rendered 10202/10740, time remaining: 27s
Rendered 10203/10740, time remaining: 27s
Rendered 10204/10740, time remaining: 27s
Rendered 10205/10740, time remaining: 27s
Rendered 10206/10740, time remaining: 27s
Rendered 10207/10740, time remaining: 27s
Rendered 10208/10740, time remaining: 27s
Rendered 10209/10740, time remaining: 27s
Rendered 10210/10740, time remaining: 27s
Rendered 10211/10740, time remaining: 27s
Rendered 10212/10740, time remaining: 27s
Rendered 10213/10740, time remaining: 27s
Rendered 10214/10740, time remaining: 27s
Rendered 10215/10740, time remaining: 27s
Rendered 10216/10740, time remaining: 27s
Rendered 10217/10740, time remaining: 27s
Rendered 10218/10740, time remaining: 27s
Rendered 10219/10740, time remaining: 27s
Rendered 10220/10740, time remaining: 27s
Rendered 10221/10740, time remaining: 27s
Rendered 10222/10740, time remaining: 26s
Rendered 10223/10740, time remaining: 26s
Rendered 10224/10740, time remaining: 26s
Rendered 10225/10740, time remaining: 26s
Rendered 10226/10740, time remaining: 26s
Rendered 10227/10740, time remaining: 26s
Rendered 10228/10740, time remaining: 26s
Rendered 10229/10740, time remaining: 26s
Rendered 10230/10740, time remaining: 26s
Rendered 10231/10740, time remaining: 26s
Rendered 10232/10740, time remaining: 26s
Rendered 10233/10740, time remaining: 26s
Rendered 10234/10740, time remaining: 26s
Rendered 10235/10740, time remaining: 26s
Rendered 10236/10740, time remaining: 26s
Rendered 10237/10740, time remaining: 26s
Rendered 10238/10740, time remaining: 26s
Rendered 10239/10740, time remaining: 26s
Rendered 10240/10740, time remaining: 26s
Rendered 10241/10740, time remaining: 26s
Rendered 10242/10740, time remaining: 25s
Rendered 10243/10740, time remaining: 25s
Rendered 10244/10740, time remaining: 25s
Rendered 10245/10740, time remaining: 25s
Rendered 10246/10740, time remaining: 25s
Rendered 10247/10740, time remaining: 25s
Rendered 10248/10740, time remaining: 25s
Rendered 10249/10740, time remaining: 25s
Rendered 10250/10740, time remaining: 25s
Rendered 10251/10740, time remaining: 25s
Rendered 10252/10740, time remaining: 25s
Rendered 10253/10740, time remaining: 25s
Rendered 10254/10740, time remaining: 25s
Rendered 10255/10740, time remaining: 25s
Rendered 10256/10740, time remaining: 25s
Rendered 10257/10740, time remaining: 25s
Rendered 10258/10740, time remaining: 24s
Rendered 10259/10740, time remaining: 24s
Rendered 10260/10740, time remaining: 24s
Rendered 10261/10740, time remaining: 24s
Rendered 10262/10740, time remaining: 24s
Rendered 10263/10740, time remaining: 24s
Rendered 10264/10740, time remaining: 24s
Rendered 10265/10740, time remaining: 24s
Rendered 10266/10740, time remaining: 24s
Rendered 10267/10740, time remaining: 24s
Rendered 10268/10740, time remaining: 24s
Rendered 10269/10740, time remaining: 24s
Rendered 10270/10740, time remaining: 24s
Rendered 10271/10740, time remaining: 24s
Rendered 10272/10740, time remaining: 24s
Rendered 10273/10740, time remaining: 24s
Rendered 10274/10740, time remaining: 24s
Rendered 10275/10740, time remaining: 24s
Rendered 10276/10740, time remaining: 24s
Rendered 10277/10740, time remaining: 24s
Rendered 10278/10740, time remaining: 24s
Rendered 10279/10740, time remaining: 23s
Rendered 10280/10740, time remaining: 23s
Rendered 10281/10740, time remaining: 23s
Rendered 10282/10740, time remaining: 23s
Rendered 10283/10740, time remaining: 23s
Rendered 10284/10740, time remaining: 23s
Rendered 10285/10740, time remaining: 23s
Rendered 10286/10740, time remaining: 23s
Rendered 10287/10740, time remaining: 23s
Rendered 10288/10740, time remaining: 23s
Rendered 10289/10740, time remaining: 23s
Rendered 10290/10740, time remaining: 23s
Rendered 10291/10740, time remaining: 23s
Rendered 10292/10740, time remaining: 23s
Rendered 10293/10740, time remaining: 23s
Rendered 10294/10740, time remaining: 23s
Rendered 10295/10740, time remaining: 22s
Rendered 10296/10740, time remaining: 22s
Rendered 10297/10740, time remaining: 22s
Rendered 10298/10740, time remaining: 22s
Rendered 10299/10740, time remaining: 22s
Rendered 10300/10740, time remaining: 22s
Rendered 10301/10740, time remaining: 22s
Rendered 10302/10740, time remaining: 22s
Rendered 10303/10740, time remaining: 22s
Rendered 10304/10740, time remaining: 22s
Rendered 10305/10740, time remaining: 22s
Rendered 10306/10740, time remaining: 22s
Rendered 10307/10740, time remaining: 22s
Rendered 10308/10740, time remaining: 22s
Rendered 10309/10740, time remaining: 22s
Rendered 10310/10740, time remaining: 22s
Rendered 10311/10740, time remaining: 22s
Rendered 10312/10740, time remaining: 22s
Rendered 10313/10740, time remaining: 22s
Rendered 10314/10740, time remaining: 22s
Rendered 10315/10740, time remaining: 22s
Rendered 10316/10740, time remaining: 22s
Rendered 10317/10740, time remaining: 22s
Rendered 10318/10740, time remaining: 21s
Rendered 10319/10740, time remaining: 21s
Rendered 10320/10740, time remaining: 21s
Rendered 10321/10740, time remaining: 21s
Rendered 10322/10740, time remaining: 21s
Rendered 10323/10740, time remaining: 21s
Rendered 10324/10740, time remaining: 21s
Rendered 10325/10740, time remaining: 21s
Rendered 10326/10740, time remaining: 21s
Rendered 10327/10740, time remaining: 21s
Rendered 10328/10740, time remaining: 21s
Rendered 10329/10740, time remaining: 21s
Rendered 10330/10740, time remaining: 21s
Rendered 10331/10740, time remaining: 21s
Rendered 10332/10740, time remaining: 21s
Rendered 10333/10740, time remaining: 21s
Rendered 10334/10740, time remaining: 21s
Rendered 10335/10740, time remaining: 20s
Rendered 10336/10740, time remaining: 21s
Rendered 10337/10740, time remaining: 20s
Rendered 10338/10740, time remaining: 20s
Rendered 10339/10740, time remaining: 20s
Rendered 10340/10740, time remaining: 20s
Rendered 10341/10740, time remaining: 20s
Rendered 10342/10740, time remaining: 20s
Rendered 10343/10740, time remaining: 20s
Rendered 10344/10740, time remaining: 20s
Rendered 10345/10740, time remaining: 20s
Rendered 10346/10740, time remaining: 20s
Rendered 10347/10740, time remaining: 20s
Rendered 10348/10740, time remaining: 20s
Rendered 10349/10740, time remaining: 20s
Rendered 10350/10740, time remaining: 20s
Rendered 10351/10740, time remaining: 20s
Rendered 10352/10740, time remaining: 20s
Rendered 10353/10740, time remaining: 20s
Rendered 10354/10740, time remaining: 19s
Rendered 10355/10740, time remaining: 19s
Rendered 10356/10740, time remaining: 19s
Rendered 10357/10740, time remaining: 19s
Rendered 10358/10740, time remaining: 19s
Rendered 10359/10740, time remaining: 19s
Rendered 10360/10740, time remaining: 19s
Rendered 10361/10740, time remaining: 19s
Rendered 10362/10740, time remaining: 19s
Rendered 10363/10740, time remaining: 19s
Rendered 10364/10740, time remaining: 19s
Rendered 10365/10740, time remaining: 19s
Rendered 10366/10740, time remaining: 19s
Rendered 10367/10740, time remaining: 19s
Rendered 10368/10740, time remaining: 19s
Rendered 10369/10740, time remaining: 19s
Rendered 10370/10740, time remaining: 19s
Rendered 10371/10740, time remaining: 19s
Rendered 10372/10740, time remaining: 19s
Rendered 10373/10740, time remaining: 19s
Rendered 10374/10740, time remaining: 18s
Rendered 10375/10740, time remaining: 18s
Rendered 10376/10740, time remaining: 18s
Rendered 10377/10740, time remaining: 18s
Rendered 10378/10740, time remaining: 18s
Rendered 10379/10740, time remaining: 18s
Rendered 10380/10740, time remaining: 18s
Rendered 10381/10740, time remaining: 18s
Rendered 10382/10740, time remaining: 18s
Rendered 10383/10740, time remaining: 18s
Rendered 10384/10740, time remaining: 18s
Rendered 10385/10740, time remaining: 18s
Rendered 10386/10740, time remaining: 18s
Rendered 10387/10740, time remaining: 18s
Rendered 10388/10740, time remaining: 18s
Rendered 10389/10740, time remaining: 18s
Rendered 10390/10740, time remaining: 18s
Rendered 10391/10740, time remaining: 18s
Rendered 10392/10740, time remaining: 18s
Rendered 10393/10740, time remaining: 18s
Rendered 10394/10740, time remaining: 17s
Rendered 10395/10740, time remaining: 17s
Rendered 10396/10740, time remaining: 17s
Rendered 10397/10740, time remaining: 17s
Rendered 10398/10740, time remaining: 17s
Rendered 10399/10740, time remaining: 17s
Rendered 10400/10740, time remaining: 17s
Rendered 10401/10740, time remaining: 17s
Rendered 10402/10740, time remaining: 17s
Rendered 10403/10740, time remaining: 17s
Rendered 10404/10740, time remaining: 17s
Rendered 10405/10740, time remaining: 17s
Rendered 10406/10740, time remaining: 17s
Rendered 10407/10740, time remaining: 17s
Rendered 10408/10740, time remaining: 17s
Rendered 10409/10740, time remaining: 17s
Rendered 10410/10740, time remaining: 17s
Rendered 10411/10740, time remaining: 17s
Rendered 10412/10740, time remaining: 17s
Rendered 10413/10740, time remaining: 17s
Rendered 10414/10740, time remaining: 17s
Rendered 10415/10740, time remaining: 16s
Rendered 10416/10740, time remaining: 17s
Rendered 10417/10740, time remaining: 16s
Rendered 10418/10740, time remaining: 16s
Rendered 10419/10740, time remaining: 16s
Rendered 10420/10740, time remaining: 16s
Rendered 10421/10740, time remaining: 16s
Rendered 10422/10740, time remaining: 16s
Rendered 10423/10740, time remaining: 16s
Rendered 10424/10740, time remaining: 16s
Rendered 10425/10740, time remaining: 16s
Rendered 10426/10740, time remaining: 16s
Rendered 10427/10740, time remaining: 16s
Rendered 10428/10740, time remaining: 16s
Rendered 10429/10740, time remaining: 16s
Rendered 10430/10740, time remaining: 16s
Rendered 10431/10740, time remaining: 16s
Rendered 10432/10740, time remaining: 16s
Rendered 10433/10740, time remaining: 16s
Rendered 10434/10740, time remaining: 16s
Rendered 10435/10740, time remaining: 15s
Rendered 10436/10740, time remaining: 15s
Rendered 10437/10740, time remaining: 15s
Rendered 10438/10740, time remaining: 15s
Rendered 10439/10740, time remaining: 15s
Rendered 10440/10740, time remaining: 15s
Rendered 10441/10740, time remaining: 15s
Rendered 10442/10740, time remaining: 15s
Rendered 10443/10740, time remaining: 15s
Rendered 10444/10740, time remaining: 15s
Rendered 10445/10740, time remaining: 15s
Rendered 10446/10740, time remaining: 15s
Rendered 10447/10740, time remaining: 15s
Rendered 10448/10740, time remaining: 15s
Rendered 10449/10740, time remaining: 15s
Rendered 10450/10740, time remaining: 15s
Rendered 10451/10740, time remaining: 15s
Rendered 10452/10740, time remaining: 15s
Rendered 10453/10740, time remaining: 14s
Rendered 10454/10740, time remaining: 14s
Rendered 10455/10740, time remaining: 14s
Rendered 10456/10740, time remaining: 14s
Rendered 10457/10740, time remaining: 14s
Rendered 10458/10740, time remaining: 14s
Rendered 10459/10740, time remaining: 14s
Rendered 10460/10740, time remaining: 14s
Rendered 10461/10740, time remaining: 14s
Rendered 10462/10740, time remaining: 14s
Rendered 10463/10740, time remaining: 14s
Rendered 10464/10740, time remaining: 14s
Rendered 10465/10740, time remaining: 14s
Rendered 10466/10740, time remaining: 14s
Rendered 10467/10740, time remaining: 14s
Rendered 10468/10740, time remaining: 14s
Rendered 10469/10740, time remaining: 14s
Rendered 10470/10740, time remaining: 14s
Rendered 10471/10740, time remaining: 14s
Rendered 10472/10740, time remaining: 14s
Rendered 10473/10740, time remaining: 13s
Rendered 10474/10740, time remaining: 13s
Rendered 10475/10740, time remaining: 13s
Rendered 10476/10740, time remaining: 13s
Rendered 10477/10740, time remaining: 13s
Rendered 10478/10740, time remaining: 13s
Rendered 10479/10740, time remaining: 13s
Rendered 10480/10740, time remaining: 13s
Rendered 10481/10740, time remaining: 13s
Rendered 10482/10740, time remaining: 13s
Rendered 10483/10740, time remaining: 13s
Rendered 10484/10740, time remaining: 13s
Rendered 10485/10740, time remaining: 13s
Rendered 10486/10740, time remaining: 13s
Rendered 10487/10740, time remaining: 13s
Rendered 10488/10740, time remaining: 13s
Rendered 10489/10740, time remaining: 13s
Rendered 10490/10740, time remaining: 13s
Rendered 10491/10740, time remaining: 13s
Rendered 10492/10740, time remaining: 13s
Rendered 10493/10740, time remaining: 12s
Rendered 10494/10740, time remaining: 12s
Rendered 10495/10740, time remaining: 12s
Rendered 10496/10740, time remaining: 12s
Rendered 10497/10740, time remaining: 12s
Rendered 10498/10740, time remaining: 12s
Rendered 10499/10740, time remaining: 12s
Rendered 10500/10740, time remaining: 12s
Rendered 10501/10740, time remaining: 12s
Rendered 10502/10740, time remaining: 12s
Rendered 10503/10740, time remaining: 12s
Rendered 10504/10740, time remaining: 12s
Rendered 10505/10740, time remaining: 12s
Rendered 10506/10740, time remaining: 12s
Rendered 10507/10740, time remaining: 12s
Rendered 10508/10740, time remaining: 12s
Rendered 10509/10740, time remaining: 12s
Rendered 10510/10740, time remaining: 12s
Rendered 10511/10740, time remaining: 11s
Rendered 10512/10740, time remaining: 11s
Rendered 10513/10740, time remaining: 11s
Rendered 10514/10740, time remaining: 11s
Rendered 10515/10740, time remaining: 11s
Rendered 10516/10740, time remaining: 11s
Rendered 10517/10740, time remaining: 11s
Rendered 10518/10740, time remaining: 11s
Rendered 10519/10740, time remaining: 11s
Rendered 10520/10740, time remaining: 11s
Rendered 10521/10740, time remaining: 11s
Rendered 10522/10740, time remaining: 11s
Rendered 10523/10740, time remaining: 11s
Rendered 10524/10740, time remaining: 11s
Rendered 10525/10740, time remaining: 11s
Rendered 10526/10740, time remaining: 11s
Rendered 10527/10740, time remaining: 11s
Rendered 10528/10740, time remaining: 11s
Rendered 10529/10740, time remaining: 11s
Rendered 10530/10740, time remaining: 10s
Rendered 10531/10740, time remaining: 10s
Rendered 10532/10740, time remaining: 10s
Rendered 10533/10740, time remaining: 10s
Rendered 10534/10740, time remaining: 10s
Rendered 10535/10740, time remaining: 10s
Rendered 10536/10740, time remaining: 10s
Rendered 10537/10740, time remaining: 10s
Rendered 10538/10740, time remaining: 10s
Rendered 10539/10740, time remaining: 10s
Rendered 10540/10740, time remaining: 10s
Rendered 10541/10740, time remaining: 10s
Rendered 10542/10740, time remaining: 10s
Rendered 10543/10740, time remaining: 10s
Rendered 10544/10740, time remaining: 10s
Rendered 10545/10740, time remaining: 10s
Rendered 10546/10740, time remaining: 10s
Rendered 10547/10740, time remaining: 10s
Rendered 10548/10740, time remaining: 10s
Rendered 10549/10740, time remaining: 9s
Rendered 10550/10740, time remaining: 9s
Rendered 10551/10740, time remaining: 9s
Rendered 10552/10740, time remaining: 9s
Rendered 10553/10740, time remaining: 9s
Rendered 10554/10740, time remaining: 9s
Rendered 10555/10740, time remaining: 9s
Rendered 10556/10740, time remaining: 9s
Rendered 10557/10740, time remaining: 9s
Rendered 10558/10740, time remaining: 9s
Rendered 10559/10740, time remaining: 9s
Rendered 10560/10740, time remaining: 9s
Rendered 10561/10740, time remaining: 9s
Rendered 10562/10740, time remaining: 9s
Rendered 10563/10740, time remaining: 9s
Rendered 10564/10740, time remaining: 9s
Rendered 10565/10740, time remaining: 9s
Rendered 10566/10740, time remaining: 8s
Rendered 10567/10740, time remaining: 8s
Rendered 10568/10740, time remaining: 8s
Rendered 10569/10740, time remaining: 8s
Rendered 10570/10740, time remaining: 8s
Rendered 10571/10740, time remaining: 8s
Rendered 10572/10740, time remaining: 8s
Rendered 10573/10740, time remaining: 8s
Rendered 10574/10740, time remaining: 8s
Rendered 10575/10740, time remaining: 8s
Rendered 10576/10740, time remaining: 8s
Rendered 10577/10740, time remaining: 8s
Rendered 10578/10740, time remaining: 8s
Rendered 10579/10740, time remaining: 8s
Rendered 10580/10740, time remaining: 8s
Rendered 10581/10740, time remaining: 8s
Rendered 10582/10740, time remaining: 8s
Rendered 10583/10740, time remaining: 8s
Rendered 10584/10740, time remaining: 8s
Rendered 10585/10740, time remaining: 8s
Rendered 10586/10740, time remaining: 7s
Rendered 10587/10740, time remaining: 7s
Rendered 10588/10740, time remaining: 7s
Rendered 10589/10740, time remaining: 7s
Rendered 10590/10740, time remaining: 7s
Rendered 10591/10740, time remaining: 7s
Rendered 10592/10740, time remaining: 7s
Rendered 10593/10740, time remaining: 7s
Rendered 10594/10740, time remaining: 7s
Rendered 10595/10740, time remaining: 7s
Rendered 10596/10740, time remaining: 7s
Rendered 10597/10740, time remaining: 7s
Rendered 10598/10740, time remaining: 7s
Rendered 10599/10740, time remaining: 7s
Rendered 10600/10740, time remaining: 7s
Rendered 10601/10740, time remaining: 7s
Rendered 10602/10740, time remaining: 7s
Rendered 10603/10740, time remaining: 7s
Rendered 10604/10740, time remaining: 7s
Rendered 10605/10740, time remaining: 6s
Rendered 10606/10740, time remaining: 6s
Rendered 10607/10740, time remaining: 6s
Rendered 10608/10740, time remaining: 6s
Rendered 10609/10740, time remaining: 6s
Rendered 10610/10740, time remaining: 6s
Rendered 10611/10740, time remaining: 6s
Rendered 10612/10740, time remaining: 6s
Rendered 10613/10740, time remaining: 6s
Rendered 10614/10740, time remaining: 6s
Rendered 10615/10740, time remaining: 6s
Rendered 10616/10740, time remaining: 6s
Rendered 10617/10740, time remaining: 6s
Rendered 10618/10740, time remaining: 6s
Rendered 10619/10740, time remaining: 6s
Rendered 10620/10740, time remaining: 6s
Rendered 10621/10740, time remaining: 6s
Rendered 10622/10740, time remaining: 6s
Rendered 10623/10740, time remaining: 6s
Rendered 10624/10740, time remaining: 6s
Rendered 10625/10740, time remaining: 5s
Rendered 10626/10740, time remaining: 5s
Rendered 10627/10740, time remaining: 5s
Rendered 10628/10740, time remaining: 5s
Rendered 10629/10740, time remaining: 5s
Rendered 10630/10740, time remaining: 5s
Rendered 10631/10740, time remaining: 5s
Rendered 10632/10740, time remaining: 5s
Rendered 10633/10740, time remaining: 5s
Rendered 10634/10740, time remaining: 5s
Rendered 10635/10740, time remaining: 5s
Rendered 10636/10740, time remaining: 5s
Rendered 10637/10740, time remaining: 5s
Rendered 10638/10740, time remaining: 5s
Rendered 10639/10740, time remaining: 5s
Rendered 10640/10740, time remaining: 5s
Rendered 10641/10740, time remaining: 5s
Rendered 10642/10740, time remaining: 5s
Rendered 10643/10740, time remaining: 5s
Rendered 10644/10740, time remaining: 4s
Rendered 10645/10740, time remaining: 4s
Rendered 10646/10740, time remaining: 4s
Rendered 10647/10740, time remaining: 4s
Rendered 10648/10740, time remaining: 4s
Rendered 10649/10740, time remaining: 4s
Rendered 10650/10740, time remaining: 4s
Rendered 10651/10740, time remaining: 4s
Rendered 10652/10740, time remaining: 4s
Rendered 10653/10740, time remaining: 4s
Rendered 10654/10740, time remaining: 4s
Rendered 10655/10740, time remaining: 4s
Rendered 10656/10740, time remaining: 4s
Rendered 10657/10740, time remaining: 4s
Rendered 10658/10740, time remaining: 4s
Rendered 10659/10740, time remaining: 4s
Rendered 10660/10740, time remaining: 4s
Rendered 10661/10740, time remaining: 4s
Rendered 10662/10740, time remaining: 4s
Rendered 10663/10740, time remaining: 3s
Rendered 10664/10740, time remaining: 3s
Rendered 10665/10740, time remaining: 3s
Rendered 10666/10740, time remaining: 3s
Rendered 10667/10740, time remaining: 3s
Rendered 10668/10740, time remaining: 3s
Rendered 10669/10740, time remaining: 3s
Rendered 10670/10740, time remaining: 3s
Rendered 10671/10740, time remaining: 3s
Rendered 10672/10740, time remaining: 3s
Rendered 10673/10740, time remaining: 3s
Rendered 10674/10740, time remaining: 3s
Rendered 10675/10740, time remaining: 3s
Rendered 10676/10740, time remaining: 3s
Rendered 10677/10740, time remaining: 3s
Rendered 10678/10740, time remaining: 3s
Rendered 10679/10740, time remaining: 3s
Rendered 10680/10740, time remaining: 3s
Rendered 10681/10740, time remaining: 3s
Rendered 10682/10740, time remaining: 2s
Rendered 10683/10740, time remaining: 2s
Rendered 10684/10740, time remaining: 2s
Rendered 10685/10740, time remaining: 2s
Rendered 10686/10740, time remaining: 2s
Rendered 10687/10740, time remaining: 2s
Rendered 10688/10740, time remaining: 2s
Rendered 10689/10740, time remaining: 2s
Rendered 10690/10740, time remaining: 2s
Rendered 10691/10740, time remaining: 2s
Rendered 10692/10740, time remaining: 2s
Rendered 10693/10740, time remaining: 2s
Rendered 10694/10740, time remaining: 2s
Rendered 10695/10740, time remaining: 2s
Rendered 10696/10740, time remaining: 2s
Rendered 10697/10740, time remaining: 2s
Rendered 10698/10740, time remaining: 2s
Rendered 10699/10740, time remaining: 2s
Rendered 10700/10740, time remaining: 2s
Rendered 10701/10740, time remaining: 2s
Rendered 10702/10740, time remaining: 1s
Rendered 10703/10740, time remaining: 1s
Rendered 10704/10740, time remaining: 1s
Rendered 10705/10740, time remaining: 1s
Rendered 10706/10740, time remaining: 1s
Rendered 10707/10740, time remaining: 1s
Rendered 10708/10740, time remaining: 1s
Rendered 10709/10740, time remaining: 1s
Rendered 10710/10740, time remaining: 1s
Rendered 10711/10740, time remaining: 1s
Rendered 10712/10740, time remaining: 1s
Rendered 10713/10740, time remaining: 1s
Rendered 10714/10740, time remaining: 1s
Rendered 10715/10740, time remaining: 1s
Rendered 10716/10740, time remaining: 1s
Rendered 10717/10740, time remaining: 1s
Rendered 10718/10740, time remaining: 1s
Rendered 10719/10740, time remaining: 1s
Rendered 10720/10740, time remaining: 1s
Rendered 10721/10740, time remaining: 0s
Rendered 10722/10740, time remaining: 0s
Rendered 10723/10740, time remaining: 0s
Rendered 10724/10740, time remaining: 0s
Rendered 10725/10740, time remaining: 0s
Rendered 10726/10740, time remaining: 0s
Rendered 10727/10740, time remaining: 0s
Rendered 10728/10740, time remaining: 0s
Rendered 10729/10740, time remaining: 0s
Rendered 10730/10740, time remaining: 0s
Rendered 10731/10740, time remaining: 0s
Rendered 10732/10740, time remaining: 0s
Rendered 10733/10740, time remaining: 0s
Rendered 10734/10740, time remaining: 0s
Rendered 10735/10740, time remaining: 0s
Rendered 10736/10740, time remaining: 0s
Rendered 10737/10740, time remaining: 0s
Rendered 10738/10740, time remaining: 0s
Rendered 10739/10740, time remaining: 0s
Rendered 10740/10740
Encoded 241/10740
Encoded 500/10740
Encoded 675/10740
Encoded 968/10740
Encoded 1233/10740
Encoded 1622/10740
Encoded 2002/10740
Encoded 2192/10740
Encoded 2329/10740
Encoded 2541/10740
Encoded 2958/10740
Encoded 3356/10740
Encoded 3633/10740
Encoded 3957/10740
Encoded 4357/10740
Encoded 4834/10740
Encoded 5198/10740
Encoded 5470/10740
Encoded 5784/10740
Encoded 6185/10740
Encoded 6450/10740
Encoded 6881/10740
Encoded 7264/10740
Encoded 7693/10740
Encoded 7993/10740
Encoded 8350/10740
Encoded 8697/10740
Encoded 9032/10740
Encoded 9354/10740
Encoded 9770/10740
Encoded 10092/10740
Encoded 10507/10740
Encoded 10740/10740
+                    /Users/zhangye/Desktop/视频复刻skill/cases/bilibili-ai-rebuild/revisions/motion-v2/output/动效优化版.mp4.picture.mp4 69.8 MB
Rendered: /Users/zhangye/Desktop/视频复刻skill/cases/bilibili-ai-rebuild/revisions/motion-v2/output/动效优化版.mp4
